$SPEC_ID:
No sample description was entered.
$SPEC_REM:
DET# 1
DETDESC# SRLAB4 MCB 131 Input 1
AP# GammaVision Version 8.10.02
$DATE_MEA:
09/15/2026 14:14:21
$MEAS_TIM:
774.88 796.00
$DATA:
0 16383
       0
       0
       0
       0
       0
       0
       0
       0
       0
       0
       0
       0
       0
       0
       0
       0
       0
       0
       0
       0
       0
       0
       0
       0
       0
       0
       0
       0
       0
       0
       0
       0
       0
       0
       0
       0
       0
       0
       0
       0
       0
       0
       0
       0
       0
       0
       0
       0
       0
       0
       6
     131
     649
     671
     191
      71
      54
      50
      63
      59
      67
      76
      80
      91
      78
      82
      94
      91
     101
      96
     105
     109
     104
     113
     129
     117
     109
      92
     102
     114
      96
      99
      85
      81
     121
     100
      88
      87
      90
      95
      84
      85
      82
      94
      83
      94
      85
      91
     100
     106
     117
      99
      94
     107
     113
     115
     110
      94
     106
     103
     118
     113
      96
     104
      80
     107
     107
     115
     109
     118
     120
     115
      95
     107
      96
      99
      97
      96
     120
     116
     112
     113
     116
     116
     112
     114
     110
     120
     125
      95
     124
     101
     125
     107
     100
     127
     131
     107
     120
     114
     105
     103
     100
     114
     106
     109
      96
     112
     115
     115
     112
     137
     125
     109
      95
     119
     121
     115
     135
     118
     104
     110
     108
     102
     124
     138
     115
     105
      97
     128
     108
     128
     132
     114
     111
     124
     134
     125
     108
     127
     108
     135
     127
     140
     124
     121
     143
     127
     127
     134
     130
     147
      94
     105
     125
     118
     124
     144
     141
     135
     123
     110
     127
     141
     137
     142
     165
     147
     134
     144
     143
     134
     134
     131
     145
     149
     134
     129
     125
     144
     134
     127
     127
     123
     142
     135
     140
     138
     118
     128
     133
     144
     117
     111
     124
     126
     128
     116
     136
     138
     123
     151
     101
     123
     128
     116
     122
     125
     131
     114
     138
     144
     122
     128
     125
     121
     119
     122
     110
     108
     115
     139
     118
     121
     120
     125
     137
     122
      99
     127
     116
     118
     109
     116
     116
     126
     115
     161
      98
     115
     141
     138
     133
     115
     125
     123
     128
     136
     125
     148
     115
     136
     131
     139
     148
     123
     118
     119
     153
     120
     124
     128
     152
     147
     136
     126
     144
     105
     113
     129
     126
     126
     123
     137
     116
     128
     121
     120
     109
     133
     141
     137
     129
     130
     138
     117
     142
     132
     160
     132
     115
     120
     120
     133
     132
     158
     120
     113
     135
     160
     148
     134
     130
     164
     151
     138
     130
     143
     133
     140
     127
     124
     118
     137
     147
     128
     155
     126
     150
     148
     146
     146
     126
     151
     135
     144
     137
     131
     152
     147
     137
     131
     150
     130
     186
     133
     174
     147
     148
     177
     157
     151
     152
     145
     161
     134
     167
     146
     153
     170
     150
     149
     165
     182
     167
     165
     137
     141
     162
     170
     151
     158
     174
     180
     179
     142
     161
     152
     163
     186
     170
     172
     164
     170
     142
     185
     154
     194
     154
     194
     190
     193
     172
     185
     168
     178
     203
     194
     166
     165
     191
     205
     194
     176
     162
     177
     181
     188
     167
     203
     176
     186
     190
     187
     201
     165
     160
     167
     180
     158
     191
     195
     173
     179
     203
     191
     201
     180
     185
     192
     220
     187
     198
     214
     188
     209
     204
     205
     178
     204
     221
     188
     202
     227
     190
     200
     204
     220
     202
     220
     206
     221
     213
     217
     213
     233
     233
     212
     236
     192
     197
     224
     215
     235
     244
     259
     228
     234
     243
     245
     239
     265
     270
     239
     230
     227
     238
     233
     260
     235
     240
     223
     255
     230
     248
     229
     260
     273
     252
     248
     240
     229
     265
     261
     225
     259
     226
     239
     257
     274
     265
     264
     271
     230
     274
     256
     271
     262
     263
     261
     273
     256
     252
     276
     250
     269
     273
     277
     271
     278
     273
     261
     260
     266
     266
     257
     260
     276
     299
     254
     313
     309
     266
     259
     306
     313
     269
     291
     296
     243
     290
     291
     287
     266
     289
     302
     284
     325
     259
     301
     326
     279
     302
     303
     279
     291
     296
     302
     279
     313
     267
     317
     302
     274
     328
     323
     289
     319
     329
     326
     294
     297
     306
     304
     325
     325
     323
     319
     310
     333
     344
     300
     326
     338
     331
     315
     294
     329
     333
     298
     309
     309
     328
     327
     312
     330
     344
     337
     306
     328
     348
     336
     356
     339
     326
     344
     367
     345
     313
     313
     341
     319
     315
     325
     355
     333
     326
     355
     339
     343
     335
     360
     347
     346
     310
     301
     331
     336
     330
     350
     353
     343
     319
     337
     369
     352
     358
     334
     328
     360
     363
     339
     360
     335
     332
     340
     340
     347
     347
     335
     355
     353
     376
     330
     337
     335
     356
     366
     332
     371
     321
     398
     378
     375
     358
     351
     336
     374
     312
     348
     356
     363
     390
     373
     384
     367
     388
     406
     352
     336
     353
     342
     346
     401
     360
     345
     360
     347
     400
     375
     412
     375
     375
     396
     342
     384
     357
     409
     396
     370
     396
     367
     411
     338
     381
     363
     364
     370
     362
     422
     391
     393
     376
     364
     376
     373
     374
     338
     380
     338
     401
     411
     382
     359
     387
     413
     358
     403
     386
     371
     340
     363
     354
     388
     368
     400
     372
     379
     399
     390
     366
     389
     366
     389
     333
     390
     428
     365
     412
     401
     424
     358
     383
     408
     380
     367
     381
     393
     377
     374
     380
     431
     433
     395
     415
     373
     394
     380
     395
     371
     378
     380
     392
     408
     413
     389
     404
     420
     369
     385
     363
     389
     403
     390
     422
     422
     405
     447
     382
     359
     411
     379
     409
     415
     406
     441
     433
     415
     394
     406
     382
     437
     404
     405
     395
     407
     425
     402
     426
     406
     402
     412
     387
     359
     398
     398
     418
     433
     431
     416
     401
     418
     412
     434
     377
     419
     421
     387
     407
     393
     430
     421
     426
     416
     411
     434
     378
     400
     403
     414
     408
     410
     419
     394
     419
     405
     403
     446
     415
     449
     365
     398
     417
     390
     419
     384
     419
     422
     404
     419
     406
     426
     363
     391
     417
     384
     416
     386
     398
     423
     398
     439
     413
     428
     408
     406
     401
     392
     422
     421
     416
     431
     404
     391
     451
     452
     391
     407
     393
     437
     424
     428
     429
     439
     412
     407
     445
     434
     402
     397
     386
     408
     380
     418
     427
     400
     387
     456
     421
     430
     416
     402
     428
     416
     388
     397
     394
     427
     424
     421
     409
     416
     435
     420
     408
     407
     422
     472
     420
     420
     445
     437
     426
     359
     399
     430
     419
     457
     419
     389
     406
     423
     440
     392
     423
     425
     440
     421
     404
     444
     387
     401
     454
     453
     407
     433
     426
     398
     429
     424
     409
     437
     446
     403
     401
     399
     415
     408
     394
     431
     432
     441
     417
     429
     366
     423
     440
     432
     390
     426
     375
     442
     412
     434
     427
     399
     427
     415
     398
     419
     463
     450
     425
     458
     380
     453
     408
     415
     449
     452
     417
     435
     435
     484
     445
     466
     409
     389
     446
     418
     404
     442
     429
     428
     426
     424
     450
     437
     405
     460
     437
     412
     454
     443
     447
     419
     433
     427
     451
     452
     407
     456
     420
     446
     426
     439
     446
     451
     455
     476
     461
     411
     483
     448
     462
     443
     490
     456
     462
     465
     455
     449
     476
     491
     425
     433
     443
     481
     450
     435
     417
     435
     466
     428
     436
     474
     457
     464
     464
     482
     493
     486
     456
     462
     474
     463
     495
     467
     462
     524
     483
     484
     473
     449
     477
     468
     476
     473
     447
     469
     445
     483
     469
     497
     477
     424
     464
     518
     453
     483
     526
     494
     502
     479
     498
     486
     523
     484
     475
     499
     488
     451
     502
     491
     503
     500
     526
     505
     515
     496
     451
     481
     484
     534
     463
     510
     515
     449
     509
     455
     476
     500
     511
     499
     506
     505
     458
     489
     483
     503
     464
     497
     499
     480
     488
     535
     504
     538
     537
     456
     526
     491
     490
     515
     494
     506
     543
     521
     490
     493
     483
     473
     495
     538
     499
     502
     498
     549
     503
     517
     566
     523
     533
     567
     469
     487
     507
     517
     515
     463
     534
     512
     484
     502
     461
     501
     464
     511
     472
     527
     486
     523
     487
     474
     491
     480
     500
     493
     524
     486
     445
     503
     506
     498
     492
     485
     532
     469
     487
     543
     497
     518
     482
     502
     461
     476
     478
     472
     473
     521
     466
     450
     496
     460
     513
     479
     461
     471
     466
     456
     518
     449
     475
     434
     472
     480
     456
     446
     439
     417
     465
     461
     453
     438
     451
     476
     462
     479
     463
     456
     480
     480
     425
     461
     505
     453
     452
     453
     441
     482
     408
     468
     414
     443
     441
     470
     486
     446
     425
     488
     450
     484
     417
     455
     409
     438
     383
     431
     426
     403
     445
     420
     434
     401
     441
     438
     443
     441
     435
     433
     413
     418
     435
     424
     405
     423
     418
     408
     411
     420
     402
     409
     404
     447
     405
     435
     390
     393
     423
     411
     430
     411
     428
     382
     400
     403
     366
     379
     353
     418
     427
     390
     392
     374
     391
     412
     378
     383
     379
     365
     366
     381
     383
     407
     365
     386
     406
     409
     390
     350
     350
     398
     343
     369
     376
     383
     337
     363
     413
     364
     372
     375
     386
     365
     335
     344
     381
     321
     355
     354
     375
     368
     349
     334
     385
     344
     352
     336
     344
     327
     309
     395
     362
     399
     349
     380
     352
     371
     344
     363
     336
     340
     348
     360
     344
     331
     340
     346
     371
     383
     363
     370
     345
     344
     303
     365
     342
     343
     362
     338
     347
     348
     315
     331
     360
     341
     327
     316
     352
     303
     310
     338
     326
     346
     304
     335
     337
     359
     333
     316
     339
     318
     343
     324
     328
     342
     296
     306
     332
     317
     311
     296
     337
     326
     330
     305
     325
     280
     301
     319
     318
     285
     310
     324
     280
     318
     317
     297
     312
     334
     305
     317
     297
     302
     313
     320
     320
     335
     326
     270
     301
     336
     299
     310
     289
     286
     323
     301
     306
     265
     272
     313
     304
     307
     254
     316
     316
     270
     284
     310
     316
     318
     291
     306
     305
     294
     283
     268
     245
     284
     272
     275
     289
     264
     278
     276
     289
     333
     309
     280
     287
     273
     307
     230
     294
     288
     278
     260
     273
     277
     262
     281
     247
     286
     261
     268
     259
     260
     268
     288
     292
     252
     285
     271
     271
     246
     271
     264
     284
     267
     282
     271
     285
     277
     270
     230
     213
     270
     271
     243
     237
     259
     255
     259
     271
     242
     280
     251
     273
     274
     271
     266
     265
     257
     245
     263
     246
     266
     261
     255
     238
     258
     284
     241
     211
     254
     226
     240
     232
     235
     264
     252
     235
     239
     217
     255
     285
     257
     238
     276
     234
     240
     249
     238
     251
     239
     250
     258
     235
     228
     252
     254
     248
     226
     220
     252
     210
     241
     233
     230
     216
     251
     241
     231
     207
     236
     232
     250
     225
     218
     212
     245
     222
     237
     243
     249
     199
     237
     212
     222
     243
     227
     236
     233
     211
     208
     231
     193
     247
     233
     232
     208
     211
     227
     236
     216
     237
     236
     233
     202
     200
     235
     214
     201
     221
     221
     193
     227
     239
     225
     210
     233
     211
     206
     237
     204
     205
     218
     217
     227
     252
     226
     213
     190
     205
     211
     185
     234
     186
     209
     196
     203
     207
     189
     189
     197
     198
     195
     235
     219
     215
     198
     209
     209
     225
     192
     197
     202
     184
     213
     199
     201
     216
     190
     207
     209
     224
     186
     193
     226
     196
     227
     197
     179
     205
     190
     201
     226
     210
     189
     199
     195
     189
     197
     193
     199
     196
     205
     194
     198
     180
     191
     183
     185
     216
     186
     208
     191
     180
     208
     216
     189
     198
     203
     192
     191
     185
     192
     194
     173
     198
     192
     172
     176
     182
     190
     194
     192
     198
     195
     164
     178
     179
     193
     218
     186
     181
     185
     181
     193
     185
     181
     192
     187
     180
     201
     173
     175
     182
     200
     169
     190
     173
     196
     192
     187
     174
     184
     155
     162
     184
     200
     186
     178
     163
     173
     197
     169
     175
     191
     194
     161
     179
     181
     166
     188
     189
     179
     172
     183
     171
     170
     167
     154
     174
     183
     201
     206
     192
     172
     163
     159
     193
     178
     168
     177
     177
     176
     154
     172
     198
     169
     181
     186
     197
     175
     191
     172
     166
     162
     164
     179
     171
     182
     186
     186
     196
     162
     145
     162
     176
     160
     180
     155
     158
     184
     164
     162
     168
     180
     188
     158
     177
     160
     176
     182
     166
     171
     155
     160
     181
     160
     160
     177
     168
     188
     163
     175
     170
     182
     188
     162
     156
     141
     182
     152
     163
     163
     167
     185
     165
     143
     160
     168
     167
     155
     157
     173
     158
     161
     177
     162
     153
     168
     164
     159
     151
     155
     150
     164
     154
     160
     149
     154
     159
     156
     158
     156
     175
     163
     178
     170
     176
     139
     153
     160
     165
     135
     164
     141
     171
     170
     154
     161
     152
     158
     169
     144
     157
     141
     163
     159
     160
     159
     145
     156
     148
     172
     150
     127
     153
     161
     141
     178
     144
     146
     167
     163
     156
     157
     143
     145
     130
     133
     145
     134
     160
     147
     161
     162
     160
     170
     142
     157
     146
     142
     130
     163
     140
     150
     156
     156
     147
     153
     158
     164
     156
     132
     152
     159
     149
     153
     156
     149
     137
     160
     156
     145
     137
     155
     118
     133
     138
     123
     153
     151
     127
     159
     134
     142
     123
     143
     123
     135
     152
     128
     143
     141
     157
     120
     154
     131
     148
     141
     136
     152
     144
     146
     135
     131
     130
     116
     137
     120
     119
     125
     133
     127
     134
     116
     134
     135
     124
     130
     142
     143
     147
     138
     143
     129
     132
     109
     120
     136
     139
     124
     126
     125
     134
     127
     151
     129
     122
     138
     131
     120
     140
     130
     111
     125
     124
     126
     132
     103
     119
     116
     126
     105
     111
     111
     122
     126
     130
     121
     112
     123
     127
     124
     113
     106
     103
     122
     116
     146
     129
     119
     103
     127
     106
     126
     118
      95
     113
     104
      94
     107
     119
     129
     130
     114
     117
     125
     119
     113
      94
     117
     111
     111
     111
     102
     112
     105
      98
     117
     109
     127
     122
      91
     107
      99
     106
      92
     102
     122
     118
      99
     104
     101
     115
     116
     101
      96
      96
      98
     100
     104
     118
     118
     113
      98
     118
     117
      98
     100
      85
     105
     108
      96
      93
     126
     107
     115
      84
     103
     115
      92
     102
     107
      98
      71
      82
      96
      91
     116
     108
      96
     106
      91
     108
      99
      97
      80
      96
      81
      96
     107
      96
      98
     108
      82
      85
      98
      77
      95
     108
      85
     113
      95
      88
     112
     101
      94
      97
     106
     102
      91
      95
     103
      89
      90
     104
      95
      84
      81
     100
     106
      98
      78
     102
      87
      93
     101
      99
      98
      87
      92
      92
      83
      85
      83
      84
     116
      87
      97
      77
      78
      85
      83
      89
      74
      64
      89
      95
      76
      77
      80
      81
      83
      78
      77
      75
      84
      80
      81
      77
      83
     108
      81
      89
      77
      88
      85
      86
      71
      75
      84
      77
      83
      77
      76
      72
      74
     103
      77
      93
      84
      92
      89
      73
      88
      66
      59
      73
      79
      81
      73
      81
      92
      76
      85
      55
      85
      94
      92
      93
      83
      65
      73
      64
      83
      65
      86
      63
      80
      70
      65
      81
      76
      77
      67
      75
      73
      82
      84
      78
      69
      69
      59
      73
      68
      80
      70
      77
      61
      76
      73
      59
      92
      58
      87
      64
      81
      84
      56
      59
      87
      80
      79
      56
      80
      89
      75
      72
      74
      76
      58
      70
      65
      58
      69
      62
      76
      79
      73
      74
      72
      78
      78
      69
      78
      66
      73
      81
      68
      65
      78
      70
      69
      60
      66
      78
      89
      70
      58
      79
      70
      66
      67
      68
      58
      74
      54
      70
      51
      69
      86
      61
      60
      72
      83
      60
      63
      66
      86
      69
      48
      76
      71
      52
      55
      72
      62
      64
      67
      56
      77
      63
      75
      61
      58
      62
      67
      51
      65
      62
      69
      47
      63
      51
      54
      76
      62
      63
      62
      70
      71
      58
      70
      69
      54
      70
      59
      72
      59
      80
      62
      49
      62
      72
      79
      71
      55
      58
      54
      57
      51
      64
      53
      60
      51
      66
      66
      64
      56
      61
      76
      59
      66
      60
      62
      45
      55
      64
      60
      61
      66
      59
      52
      72
      62
      54
      63
      62
      68
      63
      66
      56
      69
      45
      81
      66
      47
      62
      51
      64
      59
      61
      41
      46
      63
      49
      64
      64
      59
      71
      60
      49
      54
      47
      65
      65
      62
      68
      67
      70
      64
      59
      57
      74
      69
      70
      63
      67
      56
      53
      60
      64
      55
      69
      60
      62
      67
      59
      47
      51
      54
      52
      68
      59
      60
      43
      65
      53
      54
      50
      49
      51
      58
      61
      64
      50
      71
      67
      54
      50
      53
      50
      60
      68
      47
      66
      53
      68
      39
      54
      55
      60
      65
      61
      48
      68
      61
      67
      63
      72
      57
      59
      57
      56
      51
      48
      43
      64
      55
      64
      55
      61
      72
      61
      60
      60
      50
      59
      55
      54
      53
      60
      54
      47
      52
      53
      59
      54
      53
      55
      58
      54
      68
      52
      67
      52
      60
      47
      56
      53
      69
      69
      63
      55
      49
      55
      57
      44
      50
      60
      60
      65
      51
      50
      59
      68
      46
      59
      46
      62
      57
      51
      54
      71
      53
      43
      48
      50
      57
      50
      59
      48
      53
      53
      64
      52
      48
      56
      53
      62
      52
      53
      55
      65
      36
      49
      57
      44
      56
      58
      52
      62
      46
      54
      65
      73
      44
      63
      47
      43
      51
      56
      53
      62
      49
      55
      50
      47
      55
      59
      65
      53
      54
      59
      40
      55
      34
      65
      42
      46
      73
      62
      61
      51
      62
      54
      52
      62
      69
      47
      57
      54
      53
      61
      44
      54
      56
      47
      52
      58
      40
      47
      55
      55
      46
      64
      53
      57
      57
      62
      62
      57
      59
      65
      57
      58
      51
      67
      62
      47
      60
      53
      57
      42
      49
      48
      58
      56
      53
      61
      60
      66
      54
      61
      45
      56
      47
      58
      57
      62
      53
      46
      56
      55
      62
      65
      56
      50
      62
      69
      63
      59
      58
      62
      53
      58
      52
      63
      46
      57
      70
      65
      63
      64
      55
      56
      55
      56
      74
      54
      67
      58
      55
      69
      54
      62
      65
      50
      62
      68
      62
      72
      56
      63
      70
      67
      75
      66
      57
      47
      80
      60
      67
      53
      58
      71
      60
      63
      60
      54
      53
      57
      62
      72
      84
      72
      81
      61
      60
      84
      74
      56
      69
      65
      64
      80
      75
      85
      71
      72
      76
      77
      77
      67
      73
      72
      68
      70
      73
      87
      66
      73
      69
      78
      73
      74
      89
      92
      80
      89
      85
      86
      80
      90
      89
      85
      88
      72
      93
      82
      96
      91
      94
      94
      95
      97
      95
      96
      88
      95
      95
      84
     111
     102
     111
      94
      91
      91
     111
     104
     107
     103
     109
     102
     130
     113
     119
     119
     108
     110
     106
     107
     115
     123
     105
     125
     125
     108
     131
     113
     105
     122
     119
     110
     128
     117
     112
     123
     126
     117
     142
     135
     116
     128
     139
     127
     161
     134
     139
     159
     161
     146
     138
     156
     149
     164
     160
     159
     128
     189
     161
     160
     191
     178
     171
     175
     169
     160
     168
     183
     182
     165
     176
     191
     175
     161
     195
     200
     176
     211
     210
     210
     219
     216
     203
     193
     190
     211
     208
     216
     228
     233
     223
     244
     247
     226
     244
     234
     221
     236
     234
     240
     204
     235
     272
     252
     241
     227
     259
     238
     241
     281
     282
     259
     249
     236
     275
     287
     297
     298
     284
     274
     286
     297
     260
     311
     293
     314
     317
     319
     332
     305
     303
     358
     306
     336
     294
     318
     304
     348
     340
     332
     335
     366
     356
     349
     348
     319
     316
     357
     366
     356
     389
     374
     353
     396
     390
     382
     349
     374
     352
     392
     399
     392
     415
     376
     415
     406
     405
     409
     456
     420
     382
     433
     423
     435
     435
     456
     470
     452
     468
     459
     464
     452
     457
     480
     428
     444
     465
     473
     465
     510
     478
     503
     495
     480
     491
     508
     472
     519
     505
     478
     537
     490
     520
     507
     529
     476
     495
     511
     578
     550
     538
     511
     527
     545
     568
     544
     519
     564
     537
     555
     608
     533
     601
     625
     558
     573
     591
     554
     568
     600
     574
     581
     543
     585
     566
     555
     636
     621
     596
     621
     524
     569
     573
     567
     593
     627
     656
     636
     570
     634
     613
     633
     658
     601
     625
     581
     604
     652
     608
     674
     646
     619
     603
     605
     616
     637
     642
     626
     615
     678
     619
     614
     590
     652
     660
     605
     637
     606
     652
     641
     625
     677
     678
     715
     639
     639
     651
     671
     659
     620
     635
     646
     594
     671
     691
     653
     664
     650
     651
     665
     633
     671
     587
     675
     629
     651
     634
     692
     596
     707
     668
     697
     608
     606
     657
     597
     642
     627
     646
     698
     650
     639
     652
     643
     623
     603
     633
     623
     618
     652
     621
     574
     590
     652
     647
     684
     595
     600
     643
     605
     615
     637
     645
     593
     607
     602
     602
     610
     576
     624
     597
     568
     629
     583
     645
     589
     550
     588
     625
     551
     581
     576
     559
     600
     586
     550
     593
     566
     565
     530
     545
     591
     515
     529
     511
     533
     526
     514
     565
     511
     535
     526
     562
     508
     538
     562
     507
     524
     521
     560
     531
     470
     551
     488
     505
     439
     549
     476
     506
     491
     443
     519
     460
     478
     494
     478
     455
     426
     444
     455
     439
     483
     467
     460
     429
     428
     423
     443
     426
     450
     402
     444
     401
     406
     415
     430
     423
     391
     412
     374
     410
     376
     381
     389
     379
     393
     389
     382
     358
     368
     376
     376
     358
     370
     366
     362
     338
     365
     359
     361
     366
     349
     331
     330
     330
     341
     326
     329
     312
     319
     336
     309
     257
     325
     316
     288
     290
     303
     300
     299
     310
     295
     304
     277
     276
     259
     278
     277
     245
     273
     253
     227
     248
     241
     237
     215
     251
     237
     236
     248
     248
     244
     240
     250
     248
     203
     222
     230
     223
     230
     206
     233
     225
     213
     201
     219
     202
     189
     198
     206
     218
     185
     191
     176
     179
     181
     225
     155
     168
     194
     193
     175
     169
     191
     167
     157
     148
     187
     182
     161
     144
     174
     168
     158
     162
     168
     143
     153
     148
     137
     139
     163
     116
     155
     135
     128
     132
     102
     117
     142
     131
     127
     131
     136
     129
     114
     125
     122
     113
     132
     114
     113
     114
     104
     101
     108
      94
     112
     123
     110
     101
     100
     111
      95
      89
      82
     100
      93
      86
     107
      88
     113
      70
      88
      99
      88
      84
      83
      68
      74
      86
      85
      95
      82
      71
      99
      98
      81
      85
      84
      61
      91
      64
      70
      66
      78
      75
      87
      72
      90
      61
      97
      61
      65
      74
      62
      78
      63
      74
      70
      64
      63
      57
      66
      60
      59
      68
      69
      70
      58
      78
      75
      62
      65
      60
      53
      63
      57
      58
      53
      62
      63
      60
      59
      56
      61
      58
      48
      70
      58
      50
      56
      48
      41
      52
      51
      51
      50
      43
      57
      46
      58
      51
      53
      42
      51
      51
      47
      48
      48
      51
      43
      50
      40
      48
      53
      39
      42
      45
      48
      52
      51
      47
      48
      48
      38
      39
      47
      51
      56
      45
      50
      43
      38
      50
      34
      50
      49
      43
      50
      37
      33
      32
      41
      36
      32
      57
      41
      42
      43
      32
      47
      50
      41
      46
      46
      52
      43
      35
      38
      46
      38
      47
      45
      30
      49
      30
      42
      43
      34
      43
      41
      38
      35
      37
      35
      43
      49
      43
      39
      47
      29
      41
      59
      38
      59
      47
      45
      53
      29
      37
      41
      43
      48
      35
      39
      44
      36
      38
      46
      43
      43
      46
      34
      38
      34
      35
      28
      43
      45
      47
      39
      39
      39
      40
      35
      36
      37
      41
      40
      33
      42
      33
      43
      28
      41
      33
      29
      44
      43
      35
      37
      33
      29
      32
      33
      37
      28
      41
      39
      36
      39
      37
      35
      20
      33
      42
      31
      22
      32
      32
      46
      38
      28
      36
      27
      28
      32
      38
      38
      34
      38
      44
      28
      35
      36
      36
      38
      39
      34
      44
      32
      34
      37
      38
      36
      31
      40
      31
      43
      26
      40
      27
      41
      39
      35
      42
      34
      41
      33
      31
      30
      28
      42
      46
      46
      30
      35
      28
      46
      39
      32
      34
      36
      36
      31
      31
      28
      35
      31
      35
      44
      38
      36
      35
      32
      34
      35
      28
      29
      41
      32
      35
      40
      32
      39
      42
      33
      31
      39
      28
      29
      42
      35
      33
      28
      33
      32
      35
      30
      34
      28
      37
      37
      27
      41
      26
      34
      39
      27
      35
      36
      34
      37
      33
      29
      25
      36
      26
      39
      30
      27
      32
      35
      23
      24
      27
      33
      28
      26
      24
      30
      41
      24
      25
      35
      31
      34
      31
      41
      38
      36
      35
      30
      31
      35
      27
      36
      35
      30
      37
      27
      27
      32
      40
      39
      32
      29
      32
      31
      23
      29
      32
      37
      39
      26
      37
      36
      35
      34
      35
      29
      38
      30
      26
      26
      39
      30
      35
      36
      26
      33
      36
      28
      30
      31
      37
      31
      42
      36
      31
      29
      26
      30
      35
      35
      35
      43
      31
      33
      36
      33
      34
      31
      29
      38
      31
      40
      32
      21
      36
      33
      30
      35
      30
      33
      36
      31
      32
      32
      25
      27
      31
      32
      32
      35
      36
      30
      30
      23
      24
      42
      22
      20
      29
      22
      38
      23
      31
      31
      30
      35
      34
      37
      29
      28
      41
      34
      28
      30
      20
      33
      32
      33
      37
      24
      25
      31
      30
      35
      27
      23
      36
      29
      23
      30
      34
      35
      27
      28
      29
      22
      30
      23
      28
      24
      32
      23
      32
      36
      20
      19
      24
      27
      29
      23
      26
      26
      27
      25
      28
      29
      37
      25
      34
      25
      42
      25
      33
      29
      24
      38
      33
      36
      24
      26
      35
      29
      24
      26
      24
      33
      30
      25
      25
      28
      30
      28
      39
      37
      31
      27
      28
      26
      32
      29
      28
      23
      23
      30
      20
      19
      30
      33
      34
      29
      36
      31
      24
      33
      26
      23
      24
      29
      24
      27
      29
      35
      24
      39
      31
      34
      19
      19
      22
      32
      24
      32
      28
      27
      29
      40
      32
      19
      21
      23
      25
      27
      32
      22
      24
      29
      27
      22
      33
      15
      25
      25
      18
      21
      27
      30
      26
      30
      32
      27
      21
      43
      25
      34
      32
      31
      25
      21
      28
      21
      26
      24
      26
      30
      22
      24
      32
      29
      25
      26
      25
      29
      25
      24
      27
      32
      28
      23
      30
      19
      27
      37
      34
      24
      29
      30
      25
      35
      22
      22
      29
      27
      28
      31
      23
      25
      26
      32
      23
      42
      24
      25
      22
      25
      26
      35
      30
      23
      16
      27
      28
      33
      21
      23
      30
      23
      22
      24
      32
      23
      30
      23
      24
      24
      27
      36
      32
      36
      22
      29
      30
      29
      27
      34
      27
      29
      22
      23
      21
      22
      14
      32
      33
      15
      26
      30
      27
      25
      20
      30
      27
      28
      22
      32
      19
      32
      28
      21
      25
      29
      22
      30
      22
      32
      28
      19
      33
      17
      17
      30
      20
      28
      24
      28
      13
      32
      27
      28
      28
      21
      21
      32
      27
      32
      31
      32
      23
      37
      29
      24
      17
      29
      27
      32
      16
      21
      24
      27
      27
      27
      19
      27
      28
      23
      33
      30
      24
      28
      21
      20
      28
      25
      20
      22
      27
      20
      24
      29
      33
      23
      23
      25
      42
      26
      24
      27
      29
      20
      29
      28
      24
      28
      27
      25
      27
      32
      31
      21
      28
      25
      27
      28
      28
      19
      21
      31
      30
      37
      16
      28
      21
      32
      29
      25
      30
      22
      26
      23
      22
      32
      25
      25
      20
      24
      36
      25
      32
      30
      32
      28
      25
      25
      31
      22
      25
      28
      17
      23
      24
      38
      30
      40
      16
      27
      23
      23
      17
      29
      24
      32
      26
      25
      28
      22
      25
      21
      27
      20
      28
      29
      34
      30
      29
      29
      30
      26
      30
      32
      28
      25
      24
      31
      32
      34
      20
      25
      29
      31
      19
      31
      29
      20
      29
      21
      29
      23
      26
      27
      23
      25
      27
      33
      29
      24
      24
      23
      22
      30
      29
      33
      24
      24
      25
      28
      25
      30
      23
      25
      37
      23
      23
      33
      26
      39
      26
      24
      14
      36
      24
      31
      22
      23
      20
      21
      32
      32
      30
      28
      33
      27
      18
      26
      31
      20
      25
      27
      30
      31
      21
      23
      26
      26
      24
      28
      25
      24
      27
      21
      27
      16
      20
      14
      22
      30
      19
      31
      20
      28
      21
      27
      14
      22
      23
      24
      34
      29
      24
      30
      28
      26
      18
      30
      29
      28
      23
      19
      32
      32
      33
      38
      30
      24
      24
      23
      28
      29
      22
      25
      28
      29
      19
      30
      22
      24
      29
      23
      28
      20
      30
      22
      25
      28
      38
      38
      25
      25
      26
      33
      32
      28
      27
      27
      21
      22
      17
      27
      28
      23
      20
      25
      19
      25
      31
      26
      25
      33
      18
      37
      28
      42
      30
      30
      33
      25
      28
      30
      23
      25
      22
      28
      23
      23
      29
      27
      21
      22
      15
      26
      25
      28
      27
      39
      32
      32
      24
      22
      20
      22
      30
      25
      26
      26
      26
      18
      28
      23
      27
      22
      28
      30
      31
      26
      26
      30
      20
      32
      31
      21
      33
      21
      20
      26
      24
      26
      19
      21
      30
      15
      30
      36
      23
      31
      21
      29
      20
      24
      19
      29
      25
      25
      21
      38
      18
      23
      25
      19
      26
      23
      27
      22
      28
      38
      31
      26
      17
      32
      25
      25
      30
      29
      28
      39
      33
      22
      31
      22
      24
      25
      24
      34
      23
      27
      21
      32
      31
      30
      34
      22
      30
      32
      32
      32
      29
      29
      28
      23
      20
      28
      24
      29
      39
      26
      24
      19
      28
      22
      27
      28
      34
      31
      25
      30
      21
      28
      31
      30
      25
      24
      32
      24
      32
      29
      30
      41
      26
      24
      24
      33
      35
      29
      23
      24
      27
      33
      20
      25
      35
      28
      19
      22
      19
      13
      20
      25
      20
      21
      19
      28
      28
      24
      26
      22
      22
      27
      32
      28
      22
      23
      16
      24
      26
      32
      25
      28
      20
      26
      23
      30
      39
      40
      24
      25
      26
      25
      17
      27
      32
      28
      27
      28
      19
      28
      27
      19
      33
      23
      29
      26
      30
      18
      25
      22
      31
      21
      28
      26
      27
      30
      23
      30
      29
      22
      25
      27
      30
      29
      27
      25
      18
      30
      31
      25
      32
      27
      21
      36
      27
      29
      27
      31
      22
      28
      17
      31
      25
      22
      40
      22
      24
      25
      20
      31
      29
      27
      21
      27
      27
      24
      27
      24
      21
      23
      36
      29
      28
      26
      29
      29
      22
      29
      29
      23
      27
      34
      36
      32
      27
      15
      33
      25
      22
      25
      24
      18
      24
      24
      23
      32
      29
      25
      23
      20
      29
      27
      33
      30
      29
      27
      20
      25
      31
      23
      25
      22
      25
      30
      24
      26
      23
      24
      27
      25
      28
      27
      25
      32
      32
      25
      28
      18
      27
      35
      32
      24
      33
      25
      35
      36
      28
      24
      29
      22
      25
      25
      38
      20
      19
      22
      31
      26
      23
      25
      29
      29
      21
      31
      31
      26
      26
      29
      28
      29
      33
      31
      31
      21
      36
      21
      25
      30
      25
      24
      25
      27
      23
      31
      18
      27
      26
      33
      32
      23
      23
      23
      34
      27
      25
      21
      28
      23
      28
      23
      24
      23
      27
      25
      21
      19
      21
      23
      34
      28
      24
      25
      16
      35
      22
      27
      21
      23
      29
      29
      20
      20
      28
      24
      27
      31
      34
      26
      25
      33
      26
      26
      27
      29
      27
      17
      25
      27
      23
      30
      23
      21
      19
      16
      24
      28
      29
      19
      28
      23
      25
      28
      24
      17
      18
      24
      18
      25
      26
      29
      26
      35
      23
      29
      19
      22
      20
      29
      28
      19
      20
      23
      22
      20
      16
      32
      19
      27
      25
      35
      31
      21
      30
      27
      35
      26
      32
      30
      14
      30
      28
      28
      23
      24
      21
      24
      16
      20
      23
      33
      23
      28
      25
      21
      27
      29
      24
      19
      24
      24
      22
      25
      30
      26
      28
      23
      22
      34
      18
      26
      22
      22
      23
      32
      30
      25
      18
      26
      25
      22
      21
      22
      26
      25
      30
      14
      25
      32
      25
      33
      37
      28
      21
      24
      29
      24
      25
      22
      23
      26
      23
      23
      22
      23
      27
      32
      20
      25
      24
      19
      26
      22
      25
      27
      24
      30
      23
      19
      19
      28
      18
      29
      30
      22
      23
      18
      31
      25
      24
      27
      18
      29
      33
      28
      20
      17
      23
      15
      28
      29
      25
      30
      23
      27
      31
      18
      20
      25
      36
      27
      23
      23
      22
      23
      19
      15
      27
      31
      23
      33
      29
      20
      25
      30
      15
      15
      16
      26
      21
      26
      26
      15
      20
      30
      24
      17
      17
      30
      34
      24
      18
      17
      17
      10
      27
      19
      25
      27
      22
      22
      27
      21
      25
      28
      29
      19
      23
      22
      14
      28
      17
      31
      28
      24
      27
      22
      25
      21
      21
      19
      29
      24
      25
      19
      21
      27
      25
      23
      26
      30
      32
      16
      26
      26
      24
      19
      25
      18
      19
      28
      23
      23
      29
      26
      20
      15
      20
      22
      21
      26
      22
      16
      29
      31
      21
      20
      24
      29
      34
      25
      28
      24
      17
      18
      20
      24
      21
      25
      27
      18
      22
      18
      22
      17
      13
      25
      27
      19
      28
      21
      24
      15
      23
      27
      23
      18
      30
      30
      27
      22
      20
      18
      26
      25
      24
      29
      21
      25
      22
      25
      18
      23
      31
      26
      23
      25
      17
      13
      24
      22
      29
      25
      23
      34
      28
      19
      21
      21
      31
      22
      23
      25
      20
      21
      16
      20
      23
      33
      22
      18
      16
      29
      22
      25
      18
      26
      26
      19
      25
      17
      24
      28
      21
      17
      26
      25
      19
      27
      11
      22
      20
      17
      16
      20
      20
      22
      25
      21
      29
      29
      24
      23
      21
      18
      24
      19
      32
      23
      27
      16
      18
      19
      24
      26
      25
      24
      23
      22
      28
      23
      18
      17
      23
      27
      24
      22
      24
      38
      30
      24
      23
      23
      22
      27
      16
      12
      24
      22
      24
      22
      31
      21
      22
      23
      21
      29
      25
      27
      25
      19
      26
      32
      19
      23
      25
      28
      31
      23
      22
      26
      22
      29
      26
      26
      22
      28
      21
      19
      21
      23
      25
      28
      17
      24
      24
      20
      24
      30
      20
      27
      27
      25
      25
      27
      27
      29
      23
      20
      16
      26
      26
      18
      22
      16
      19
      22
      29
      12
      22
      21
      31
      31
      26
      22
      22
      14
      27
      18
      24
      24
      26
      32
      27
      22
      22
      25
      26
      27
      19
      24
      26
      24
      26
      19
      22
      24
      28
      26
      24
      29
      17
      18
      29
      27
      18
      23
      22
      24
      18
      26
      21
      22
      20
      22
      23
      20
      17
      21
      22
      19
      24
      21
      21
      25
      28
      28
      24
      22
      33
      21
      21
      24
      32
      21
      22
      30
      19
      33
      26
      20
      19
      28
      21
      18
      25
      37
      19
      25
      21
      30
      23
      23
      25
      22
      24
      22
      33
      23
      23
      25
      31
      24
      26
      27
      25
      27
      29
      18
      19
      20
      30
      41
      27
      26
      24
      18
      25
      35
      24
      30
      23
      31
      36
      19
      13
      19
      18
      20
      20
      20
      24
      23
      21
      24
      21
      30
      17
      27
      19
      19
      25
      21
      22
      28
      25
      22
      18
      27
      21
      17
      17
      23
      30
      24
      21
      21
      25
      23
      24
      15
      28
      24
      23
      25
      19
      19
      26
      29
      26
      24
      26
      26
      20
      32
      16
      33
      27
      33
      18
      29
      32
      22
      17
      21
      29
      18
      20
      29
      24
      31
      19
      19
      15
      24
      21
      29
      27
      22
      32
      27
      30
      28
      22
      30
      34
      23
      35
      19
      20
      24
      18
      35
      26
      23
      21
      25
      29
      19
      23
      30
      37
      19
      21
      35
      14
      20
      28
      24
      24
      18
      24
      28
      26
      25
      21
      27
      23
      32
      29
      29
      26
      28
      36
      17
      31
      19
      21
      22
      21
      11
      19
      24
      31
      20
      27
      30
      32
      23
      38
      20
      21
      32
      21
      22
      14
      22
      27
      32
      18
      27
      24
      32
      27
      18
      26
      24
      19
      19
      33
      24
      36
      29
      31
      25
      25
      25
      22
      18
      28
      27
      34
      18
      30
      26
      28
      33
      26
      26
      23
      31
      28
      26
      24
      24
      30
      20
      20
      24
      23
      20
      25
      29
      25
      20
      31
      26
      30
      25
      22
      18
      30
      34
      21
      25
      20
      18
      22
      32
      32
      23
      32
      26
      28
      24
      29
      28
      27
      25
      23
      22
      21
      27
      19
      29
      27
      21
      20
      26
      26
      16
      24
      24
      21
      22
      18
      25
      26
      23
      28
      22
      27
      31
      30
      31
      25
      24
      26
      21
      24
      32
      21
      31
      23
      17
      12
      31
      21
      17
      37
      27
      29
      15
      26
      25
      20
      17
      19
      31
      19
      28
      23
      26
      25
      25
      29
      27
      23
      35
      15
      32
      19
      34
      31
      21
      28
      24
      19
      25
      19
      34
      25
      25
      37
      32
      26
      31
      21
      23
      31
      24
      26
      22
      30
      21
      19
      23
      30
      27
      26
      33
      34
      30
      21
      32
      21
      24
      27
      27
      32
      28
      21
      25
      16
      30
      23
      20
      29
      27
      24
      20
      16
      29
      34
      23
      24
      36
      27
      32
      28
      26
      23
      26
      33
      26
      36
      25
      28
      34
      33
      26
      20
      22
      20
      30
      24
      32
      25
      31
      27
      32
      34
      25
      30
      25
      26
      30
      21
      28
      28
      15
      25
      25
      28
      16
      28
      28
      24
      21
      25
      22
      30
      25
      23
      29
      26
      36
      33
      25
      21
      31
      31
      21
      27
      26
      26
      21
      32
      30
      33
      22
      25
      33
      24
      24
      34
      17
      34
      35
      22
      32
      26
      20
      25
      40
      24
      26
      24
      34
      42
      28
      25
      25
      24
      25
      25
      28
      23
      30
      28
      24
      21
      20
      26
      36
      24
      28
      24
      25
      27
      30
      27
      21
      22
      24
      23
      31
      41
      26
      24
      27
      30
      20
      29
      19
      18
      28
      26
      18
      22
      23
      28
      23
      26
      20
      22
      15
      26
      31
      31
      28
      21
      22
      18
      24
      35
      41
      26
      21
      28
      24
      29
      35
      28
      26
      27
      23
      36
      29
      25
      24
      18
      32
      22
      23
      23
      28
      25
      22
      29
      33
      24
      21
      29
      27
      36
      26
      19
      32
      26
      27
      29
      24
      30
      25
      22
      24
      31
      24
      19
      18
      32
      14
      29
      23
      33
      25
      30
      26
      10
      31
      41
      31
      21
      28
      34
      22
      26
      24
      33
      31
      31
      27
      30
      26
      21
      23
      26
      20
      38
      28
      30
      27
      27
      37
      28
      25
      26
      26
      26
      32
      27
      29
      16
      26
      26
      24
      25
      17
      32
      24
      26
      27
      24
      33
      19
      30
      22
      27
      24
      29
      33
      24
      22
      29
      34
      23
      19
      23
      21
      23
      27
      23
      22
      30
      16
      26
      40
      28
      35
      34
      12
      26
      29
      37
      24
      20
      25
      26
      18
      22
      24
      29
      26
      16
      25
      27
      22
      38
      23
      21
      29
      32
      26
      26
      20
      26
      20
      31
      28
      29
      20
      14
      23
      32
      24
      23
      27
      34
      20
      26
      24
      23
      23
      26
      29
      31
      27
      27
      20
      29
      20
      30
      23
      26
      27
      14
      25
      21
      30
      28
      24
      21
      27
      19
      29
      31
      32
      25
      33
      24
      19
      14
      31
      26
      35
      18
      26
      29
      27
      16
      28
      22
      13
      22
      38
      19
      17
      21
      30
      19
      25
      24
      35
      21
      25
      29
      25
      15
      35
      25
      19
      23
      28
      28
      20
      19
      24
      19
      31
      29
      18
      20
      26
      27
      15
      27
      23
      23
      24
      22
      21
      22
      20
      24
      26
      29
      35
      18
      29
      22
      14
      25
      22
      20
      22
      25
      24
      17
      29
      21
      20
      26
      29
      22
      21
      20
      28
      21
      24
      15
      20
      17
      28
      26
      25
      28
      21
      23
      21
      16
      14
      18
      29
      22
      22
      15
      15
      14
      18
      20
      15
      15
      21
      23
      21
      22
      24
      17
      25
      26
      19
      14
      26
      19
      23
      25
      23
      28
      27
      19
      22
      14
      27
      22
      14
      21
      16
      20
      22
      29
      14
      21
      19
      19
      20
      25
      16
      26
      18
      14
      20
      13
      20
      16
      16
      20
      28
      28
      27
      18
      17
      14
      19
      14
      22
      10
      14
      21
      14
      29
      24
      19
      21
      12
      14
      16
      25
      14
      14
      18
      26
      21
      25
      23
      13
      18
      17
      20
       9
      20
      22
      15
       9
      24
      17
      16
      15
      16
      13
      16
      18
      17
      16
      16
      16
      25
      19
      17
      18
      20
      12
      13
      15
      19
      20
      18
      13
      17
       8
      14
      11
      17
      17
      19
      16
      25
      19
      17
      21
      17
      17
      24
      14
      18
      20
      15
      14
      13
      17
      10
      14
      15
      19
      12
      16
      17
      13
      22
      14
      18
      13
      16
      21
      22
      19
      18
      14
      19
      14
      12
      21
      24
      23
      20
      15
      14
      14
      15
      15
       9
      21
      12
      10
      19
      16
      17
      20
      21
      12
      22
      11
      20
      15
      14
      11
      11
      12
      21
      16
      12
      16
      15
      19
      14
      10
      16
      16
      13
      17
      16
      16
      11
      20
      16
      18
      10
      18
      16
      18
      18
      10
      14
      14
      11
      13
      12
      16
      16
      15
      19
      11
      16
      14
      10
      13
      14
       9
      17
      11
      12
      11
      11
      15
      16
      15
       9
      11
      13
      13
      21
       9
      15
      10
      13
      16
      15
      20
      17
      13
       5
      17
       9
      19
      13
      14
      12
       6
      12
      10
      14
      12
       7
       9
      15
      14
       8
      13
       9
      14
      16
       8
      15
      15
       9
      10
      15
      13
      16
      12
      12
      11
      16
      12
      19
      13
      24
      22
      12
      10
      14
      15
       5
      21
      11
       9
      13
      12
      10
      10
      20
      14
      12
       9
      12
      10
      16
      12
      14
      15
      16
      13
      23
      11
      17
      13
      14
      16
      11
      15
      16
      14
      10
      13
       7
      11
       6
      13
      16
       6
      16
      12
      14
       9
       9
       6
      12
      12
      16
      12
      12
      16
      20
      15
      11
       9
      17
      14
      12
       9
       9
      14
      11
      11
       9
      20
      11
      13
      13
      10
      19
       9
      14
      15
       6
       8
      14
      14
      13
       9
      10
      13
      11
      11
      15
      12
      14
       7
       7
      15
       5
       8
      12
      11
      12
      11
       7
       7
       9
      10
      10
      12
      13
      11
       8
      10
       9
      17
       7
       9
       7
      12
      14
       9
       9
      10
      13
      11
       2
      11
      14
      10
      12
      13
       6
      12
       9
      17
      14
      10
       5
       9
       8
      14
      14
      11
       7
      10
      12
      11
       8
      10
      11
       9
       7
       7
       8
      11
      12
       8
      13
      16
       7
      10
      10
       8
       9
      10
      10
       8
       8
       7
      14
      10
       8
      10
      13
      13
       5
       8
       9
       7
       8
      13
       9
       8
       9
       9
      13
       3
      12
      13
      10
      13
      14
      11
       9
      12
       8
      13
      10
      11
      11
       8
      12
       8
       8
       7
       8
      12
       9
      10
      12
      14
       8
      11
      13
      10
      16
      11
      11
       9
      13
       7
      10
       7
      11
      14
       9
       7
       9
       9
      16
       5
       3
      12
      12
       7
       5
       8
       6
      11
      14
       6
      11
      10
      10
       4
       6
      11
      14
       8
      14
       8
       6
      11
      11
      12
      14
       6
       9
      15
       8
       7
       3
      11
      10
      11
       8
       8
       7
      11
      13
      10
       9
       7
       9
      10
      10
       9
       8
      11
       3
      12
       9
       8
      14
      14
      11
      13
       5
      20
      15
       5
       8
      14
       6
      14
      10
       7
       6
      14
      12
      10
       9
       9
      11
      10
      11
       7
      11
       8
      11
       7
      16
       7
      10
       6
      12
       9
      15
       6
      11
      10
      12
      10
       5
       9
      10
       6
      10
      14
      21
       8
      12
      11
       6
       7
      13
      13
      12
      10
       4
       9
       9
      11
       8
       9
       7
       6
      10
       9
       5
      10
       8
       7
      13
       8
      10
      10
      10
      10
       8
      11
      12
       6
      11
      11
      11
      11
      19
       8
      12
      16
      14
       9
       9
      11
      10
       9
       9
      11
      12
       7
       8
       8
       7
      10
       8
       8
      14
       6
       6
       9
      14
       8
      10
      15
       6
      11
      14
       9
       7
       4
      16
       4
       5
       8
       8
       7
      11
       5
       5
      10
       8
       9
       5
       6
      12
       9
      15
      12
       8
      12
      11
       5
       8
       7
       8
       7
      13
      13
      15
       9
      10
       8
      15
       6
       9
       4
       7
      16
       7
       7
      11
      15
       6
       5
       8
       9
       7
       8
      10
      15
       8
       4
      10
      10
      13
       6
      10
       6
       5
       8
      11
       5
       8
      13
      13
      10
      10
       6
      11
      10
       6
       6
       6
       8
       6
       9
      14
       8
       8
       7
       6
      16
       5
       6
       7
       8
       7
       7
       7
       9
       9
       6
      13
       4
       5
      10
       6
       8
      13
      13
      16
       8
       3
      11
      13
       6
       6
       8
       8
      11
       6
       7
      12
       9
      13
       7
      14
      10
       8
       8
       5
      10
      10
       7
      10
      14
       7
      10
      12
       7
      11
      10
       7
      13
       8
      12
       7
      15
      11
      13
       9
       4
       9
       9
       9
       7
       5
      10
       9
      12
      10
      13
       8
       7
      13
       8
       5
       8
      13
      10
      13
      11
      14
       9
       7
       9
      11
       9
       6
      12
      12
      20
      10
      13
      14
       8
      10
       9
       9
      16
       5
      12
      10
      13
      11
       9
      14
       9
      12
       8
      15
       8
      11
      14
      13
      16
      15
      15
       9
       6
       7
      19
      18
      12
      15
      12
      12
      11
       9
       9
      10
      12
      17
       9
      10
       8
      17
      21
      15
      17
      16
      20
      12
      16
      11
      14
      15
      16
      11
      20
      11
      12
      11
      11
      20
      12
      19
      17
       9
      15
      16
      15
      16
      10
      18
      17
      16
      19
      14
      14
      15
      20
      10
      17
      21
      25
      15
      19
      19
      15
      11
      16
      21
      14
      11
      15
      16
      22
      21
      21
      22
      19
      14
      19
      18
      19
      23
      13
      21
      16
      11
      14
      14
      22
      17
      14
      19
      15
      15
      18
      19
      12
      17
      16
      33
      14
      23
      13
      22
      21
      19
      17
      17
      18
      15
      22
      21
      13
      15
      22
      30
      24
      18
      25
      31
      24
      22
      20
      31
      22
      21
      21
      19
      24
      16
      23
      20
      15
      21
      24
      34
      35
      20
      28
      24
      24
      29
      21
      19
      22
      31
      27
      18
      23
      18
      25
      26
      28
      22
      22
      18
      18
      27
      31
      19
      30
      28
      26
      25
      29
      33
      30
      30
      29
      29
      29
      28
      34
      29
      26
      29
      26
      37
      28
      30
      32
      29
      40
      33
      34
      37
      35
      40
      29
      39
      22
      21
      29
      21
      33
      28
      27
      25
      40
      41
      37
      29
      29
      35
      32
      45
      32
      41
      38
      34
      35
      30
      33
      32
      34
      34
      33
      30
      37
      38
      37
      34
      44
      36
      42
      45
      35
      36
      37
      45
      32
      27
      32
      37
      38
      39
      47
      37
      36
      35
      43
      47
      39
      46
      37
      46
      45
      28
      39
      41
      44
      46
      34
      35
      39
      45
      52
      45
      56
      40
      49
      34
      42
      33
      45
      40
      33
      52
      43
      28
      47
      46
      64
      48
      43
      41
      48
      41
      52
      44
      50
      46
      41
      64
      44
      54
      51
      49
      54
      38
      54
      56
      55
      51
      62
      41
      68
      71
      60
      59
      53
      44
      54
      42
      61
      58
      47
      49
      53
      43
      61
      64
      54
      60
      45
      61
      70
      52
      62
      52
      59
      74
      69
      62
      58
      50
      61
      64
      64
      62
      63
      62
      65
      68
      63
      61
      64
      55
      56
      71
      62
      57
      63
      55
      57
      57
      52
      62
      76
      55
      61
      63
      75
      61
      75
      77
      76
      70
      65
      63
      63
      86
      78
      64
      68
      65
      80
      67
      89
      86
      79
      71
      67
      67
      74
      72
      63
      88
      61
      68
      66
      66
      82
      50
      85
      59
      89
      89
      88
      76
      60
      83
      76
      82
      70
      88
      80
      72
      69
      73
      78
      85
      73
      82
      79
      99
      73
      70
      78
      83
      70
      91
      90
      88
      80
      78
      78
      66
      86
      90
      84
      78
      75
      87
      77
      88
      91
      79
      63
     102
      88
      90
      71
      83
      80
      72
      78
      88
      85
      79
      84
      72
      76
      66
      84
      87
      85
      77
      62
      77
      68
      65
      81
      98
      81
      87
     103
      90
      82
      88
     103
      82
      97
      68
      99
      95
      98
      91
      91
      67
      93
      80
      78
      93
      85
     102
      86
     105
      98
      81
      89
      91
      85
      87
      99
      91
      98
      84
      88
      86
      83
     101
      91
      95
      89
      90
      98
      85
      83
     101
      75
      96
      85
     100
     102
      93
      73
      87
      88
      78
      94
      87
      98
     100
      75
      68
      80
      85
      92
      94
      94
     109
      73
      86
      81
     101
      94
      74
      88
      97
      91
      86
      93
      81
      84
      99
     105
      88
     100
      83
      95
      72
     110
     106
      87
      85
      84
      88
      86
      86
      85
      96
      84
      85
      89
      98
      92
      94
      91
      79
      88
      97
      78
      85
     105
     101
      95
      98
      98
      88
     103
      76
     111
     103
      83
      71
      89
      97
      98
      82
     108
      91
      86
      86
      79
      80
      79
      85
      80
      79
      82
      91
      95
      87
      90
      63
      88
      85
      87
      86
      84
      95
     100
      97
      81
      89
      99
      92
      79
      96
      84
      77
     102
      73
      85
      84
      88
      83
      88
      84
      80
      72
      79
      75
      78
      94
      68
      73
      73
      67
      67
      68
      95
      84
      86
      92
      80
      83
      91
      88
      75
      86
      69
      72
      71
      85
      72
      79
      72
      52
      83
      73
      82
      66
      73
      85
      74
      79
      73
      97
      76
      70
      80
      64
      76
      62
      80
      73
      73
      73
      71
      76
      68
      88
      81
      77
      69
      74
      69
      71
      65
      72
      66
      67
      72
      70
      76
      77
      63
      74
      81
      74
      72
      69
      49
      69
      74
      63
      63
      69
      62
      65
      74
      63
      55
      60
      80
      64
      74
      63
      66
      65
      59
      54
      69
      65
      80
      55
      66
      72
      74
      67
      56
      65
      72
      61
      60
      57
      63
      62
      58
      59
      56
      56
      63
      62
      66
      53
      64
      67
      60
      57
      50
      56
      56
      52
      55
      58
      63
      54
      53
      63
      51
      55
      44
      56
      65
      38
      63
      43
      61
      54
      44
      52
      42
      50
      45
      62
      51
      42
      56
      44
      61
      59
      46
      47
      50
      61
      62
      48
      54
      51
      48
      60
      51
      49
      49
      55
      42
      53
      48
      58
      42
      49
      46
      45
      38
      42
      44
      42
      53
      49
      46
      40
      43
      50
      50
      41
      36
      38
      40
      44
      47
      39
      59
      39
      31
      44
      39
      44
      35
      49
      39
      49
      50
      37
      45
      42
      46
      43
      41
      29
      29
      35
      35
      46
      35
      43
      37
      35
      31
      33
      29
      41
      31
      37
      34
      32
      31
      33
      33
      37
      31
      22
      34
      33
      25
      22
      31
      29
      34
      30
      26
      38
      32
      33
      33
      37
      33
      24
      34
      31
      32
      37
      24
      31
      29
      26
      25
      38
      30
      29
      31
      25
      29
      28
      25
      30
      30
      30
      22
      31
      27
      31
      29
      29
      30
      26
      22
      35
      27
      21
      24
      26
      30
      15
      28
      20
      22
      18
      16
      26
      21
      28
      19
      23
      21
      26
      26
      18
      35
      23
      21
      24
      21
      16
      26
      28
      22
      23
      29
       8
      22
      19
      23
      18
      16
      23
      18
      28
      25
      17
      22
      24
      16
      20
      31
      18
      20
      24
      34
      14
      22
      17
      15
      22
      26
      19
      22
      14
      18
      18
      19
      15
      16
      28
      16
      28
      17
      16
      23
      11
      15
      18
      15
      18
       8
      21
      21
      30
      13
      16
      11
      19
      17
      17
      26
      13
      19
      20
      17
      20
      13
      11
      20
      11
       8
      15
      18
      12
      16
      20
      24
      11
      18
      26
      21
      22
      17
      19
      15
      18
      12
      18
      22
      20
      17
      16
      16
      18
      18
      17
      17
       7
      12
      11
      17
      19
       8
       9
      13
      13
      22
      19
       8
      13
      12
      14
      14
      18
       9
      16
      11
      13
      20
      16
      20
      12
       7
      12
      11
      13
      13
       9
       9
      12
      13
      12
      14
      12
      14
      17
      13
      11
      16
      13
      11
       9
      22
      10
       6
      10
       9
      13
      13
      18
      13
      13
       8
      16
      13
      10
      10
       9
       8
      11
      10
      11
      13
      12
      14
      13
       8
      14
      11
       7
      13
      12
       8
       8
      14
       8
      10
      10
      11
      15
       9
      14
      12
       8
       5
       8
       7
      12
      11
       8
       6
       6
       5
      13
       6
      10
       5
       9
       5
       8
       7
      10
       7
       7
       5
      10
      12
       8
      10
       4
       8
       7
       9
       6
       7
       8
      10
      10
       2
      10
       4
       7
       9
      14
       7
       8
      11
      14
       5
       8
       8
       4
       9
       8
      11
       6
       9
      11
      16
      11
      13
       5
      11
       5
       8
       8
       6
      11
      11
       7
      10
       4
       8
       4
       5
       6
      13
      10
       9
       6
       6
       3
       7
       5
      10
       8
      10
       6
       8
       9
       9
       2
       5
       5
       7
       7
       8
       6
       8
      10
      10
       9
       9
       7
       9
       6
      10
       6
       5
      12
       9
       7
       9
       4
       9
      12
      11
       6
       5
      11
      14
       5
       9
       5
      13
       6
       9
       3
       7
      10
       6
       5
      13
      16
       7
      10
       5
      12
       8
       9
       6
       3
      12
      10
       9
       9
       8
      10
      11
       9
      10
      10
       6
       4
       6
      10
      11
      10
       4
       6
       6
       6
       9
       6
       6
       8
      10
       7
      10
       6
       6
       4
       5
       4
       5
       4
       6
       7
       7
       5
       4
       6
       5
       5
      10
       8
       5
       8
       4
       8
       9
       8
       3
       7
       7
       5
       4
       6
      10
      11
       6
       4
       5
      13
       7
       9
       5
       3
       7
       8
       8
      11
       5
      13
       6
       7
       9
       7
      11
       6
      11
       8
       4
       5
       9
       8
      11
       5
       4
       4
      10
       2
       6
       2
       8
       4
       9
       7
       7
       7
       6
      10
       9
       9
       6
      13
       6
       6
       9
      12
       2
       7
      11
       4
       3
      10
       2
       8
       7
       5
       4
       6
       1
       6
       4
      14
       7
       6
       8
       6
       3
       9
       6
       3
       3
       2
       6
       9
       5
      10
       3
       8
      12
       6
       7
       8
       7
       8
       6
       6
       7
      10
       6
       4
       5
       6
       6
       6
       7
       7
       8
       6
       5
       4
      10
       6
       7
       2
       5
       5
       9
       1
       6
      10
       3
       5
       3
       9
       8
       4
       8
       5
       6
       8
       3
       5
       8
       6
       5
       6
       5
       5
       5
       8
       9
       5
       8
       7
       4
       6
       8
       8
       9
      11
       5
       4
       1
      12
      13
       6
       5
       7
       4
      10
       4
       7
       4
       6
       6
       7
       8
       5
       8
      10
       5
       7
      16
       3
      12
       5
       6
      10
       2
       4
      11
      10
       9
       7
       5
       6
       6
       8
       9
       1
       2
       5
       4
       4
       8
       8
       9
       9
       3
       6
      11
       5
       7
       6
       5
       7
       6
       8
       7
       4
       5
       7
      11
       5
       8
       8
       8
       5
       4
       7
       7
       3
       5
       6
       6
       5
       1
       5
       5
       7
       8
       3
       4
       7
       5
       7
       6
       4
       6
       8
      10
       4
       4
       3
       4
       2
      11
       4
       5
      12
      12
       3
       6
       5
       4
       8
       8
       8
       6
       7
       5
       3
       9
       9
       7
       6
       4
       3
       4
       9
       9
       8
       8
       2
       6
       4
       8
      10
      11
       2
       9
       6
       6
       9
       3
       8
       5
       7
      11
       9
       2
       4
      11
       8
       6
       7
       5
       2
       9
       7
       8
       8
       6
       4
       4
       7
       4
       6
       5
       5
       5
       6
       4
       6
       4
       4
       5
       3
       3
       5
       3
      10
       5
       6
       5
      11
       5
       5
       8
       3
       6
       8
       5
       5
       7
       4
      12
       7
       8
       4
       4
       5
       6
       6
       4
       7
       7
       7
       5
       9
       7
       5
       8
       7
       8
       7
       6
       4
       1
       6
       8
       7
       3
      10
       6
       1
       6
       5
       4
       5
       4
       6
       7
       7
       6
       7
       9
       5
       7
       7
       3
       7
       4
      10
       7
       6
      11
       8
       7
       6
       6
       3
       3
       6
       7
       6
       4
       5
       5
       7
       6
       4
       3
       6
       4
       4
       4
       4
       3
       6
       8
       1
       3
       3
       8
       5
       8
       6
       2
       7
       3
       9
       3
       4
      10
       5
       5
       4
       3
       2
       7
      10
       6
       2
       5
       6
       4
       4
       7
       8
      10
       5
       9
       4
       4
       2
       5
       4
       5
       6
      10
       7
       5
       6
       5
       5
       5
       1
       8
       5
       5
       2
       8
       9
       4
       4
       5
       1
       8
       3
       5
       6
      11
       7
       6
       6
       6
       3
      10
       4
       7
       4
       4
       8
       6
      10
       6
       8
       1
       7
       8
       6
       8
       3
       2
       3
       8
       2
      10
       7
       9
       1
       4
       5
       3
      10
      12
       6
       9
       7
       5
       5
      10
       4
      10
       5
       8
       6
       2
       0
       6
      10
       3
       7
       4
       4
       4
       2
       4
       4
       4
       4
       2
       4
       3
       7
       5
       4
       5
       6
       7
       5
       3
       6
       3
       4
       4
       4
       6
       2
       5
       7
       2
       4
       4
       4
       4
       1
       6
       8
       6
       5
       3
       7
       5
       7
       5
       4
       7
       7
       6
       6
       3
       1
       5
       8
       4
       2
       5
       4
       3
       3
       6
       2
       2
       5
       6
       8
       1
      11
       5
       6
       4
       8
       4
       5
       5
       5
       4
       5
      11
       6
       4
       2
       8
       5
       4
       4
       4
       6
       3
       6
       5
       5
       3
       4
       2
      10
       2
       7
       6
       3
       5
       3
       4
       2
       6
       5
       5
       6
       8
       5
       4
       2
       3
       3
       5
       3
       2
       3
       2
       7
       5
       1
       7
       4
       2
       3
       3
       3
       4
       4
       5
       8
       3
       6
       4
       2
       5
       4
       2
       3
       6
       4
       7
       3
       2
       1
       5
       4
       4
       5
       1
       6
       4
       4
       7
       4
       4
       2
       3
       2
       7
       5
       8
       8
       4
       5
       6
       5
       3
       5
       4
       2
       5
       5
       4
       9
       5
       2
       5
       1
       5
       4
       4
       1
       2
       5
       5
       4
       3
       7
       4
       4
       4
       6
       2
       5
       6
       6
       3
       7
       6
       5
       6
       1
       6
       4
       4
       4
       4
       2
       5
       0
       6
       2
       6
       4
       5
       5
       7
       4
       0
       4
       3
       1
       4
       3
       4
       4
       6
       4
       4
       2
       3
       3
       6
       3
       3
       4
       3
       5
       8
       1
       2
       6
       6
       6
       4
       4
       4
       6
       3
       3
       2
       0
       2
       2
       3
       4
       5
       3
       7
       4
       6
       5
       3
       3
       3
       8
       1
       4
       3
       6
       2
       5
       5
       6
       2
       2
       5
       5
       4
       7
       1
       5
       2
       2
       3
       1
       1
       4
       0
       4
       2
       2
       3
       1
       5
       4
       5
       4
       3
       1
       6
       5
       2
       5
       4
       3
       6
       7
       9
       1
       4
       6
       3
       5
       3
       9
       6
       4
       3
       1
       4
       2
       4
       3
       1
       3
       5
       7
       2
       2
       1
       5
       2
       4
       0
       3
       3
       5
       2
       2
       1
       3
       1
       5
       4
       2
       1
       4
       1
       3
       4
       3
       7
       3
       1
       1
       2
       2
       3
       0
       2
       3
       6
       5
       5
       1
       3
       1
       3
       2
       3
       1
       4
       3
       3
       2
       5
       6
       3
       1
       1
       5
       4
       2
       1
       5
       5
       3
       2
       5
       4
       1
       3
       2
       3
       3
       2
       2
       2
       4
       1
       5
       3
       2
       4
       2
       1
       4
       2
       3
       2
       4
       7
       1
       2
       0
       3
       3
       3
       5
       0
       2
       5
       1
       5
       2
       3
       1
       3
       1
       4
       3
       3
       3
       0
       1
       2
       3
       0
       3
       0
       4
       6
       2
       3
       4
       2
       3
       4
       4
       4
       4
       2
       2
       2
       1
       3
       4
       3
       4
       2
       4
       1
       2
       0
       5
       3
       1
       0
       1
       3
       2
       2
       1
       4
       2
       3
       5
       4
       3
       2
       7
       3
       0
       5
       4
       2
       0
       3
       3
       4
       7
       4
       3
       3
       2
       3
       9
       1
       3
       0
       1
       5
       6
       0
       4
       2
       3
       1
       3
       1
       2
       5
       2
       3
       3
       2
       3
       3
       4
       3
       0
       1
       2
       4
       3
       6
       3
       3
       6
       4
       2
       1
       1
       2
       2
       4
       5
       3
       2
       3
       4
       3
       6
       2
       0
       1
       1
       3
       1
       1
       4
       2
       3
       3
       0
       4
       2
       5
       2
       3
       2
       3
       2
       3
       3
       4
       1
       3
       3
       2
       0
       2
       3
       2
       2
       0
       4
       3
       2
       3
       0
       2
       2
       2
       5
       4
       4
       1
       3
       2
       3
       3
       5
       2
       1
       6
       1
       0
       1
       2
       1
       2
       3
       2
       4
       2
       2
       0
       1
       4
       3
       0
       1
       0
       2
       3
       0
       0
       1
       2
       7
       4
       1
       2
       0
       1
       2
       5
       2
       2
       1
       1
       1
       5
       2
       4
       2
       1
       2
       3
       3
       3
       4
       1
       3
       2
       1
       6
       3
       1
       0
       1
       2
       6
       1
       6
       4
       2
       2
       1
       4
       1
       4
       2
       2
       1
       2
       4
       2
       1
       2
       1
       0
       3
       2
       4
       2
       1
       1
       2
       1
       1
       2
       2
       4
       0
       1
       3
       2
       1
       0
       6
       2
       2
       1
       2
       3
       1
       2
       0
       3
       0
       2
       2
       0
       2
       5
       0
       1
       1
       4
       2
       5
       1
       3
       3
       3
       5
       3
       3
       0
       1
       1
       1
       3
       0
       6
       2
       2
       3
       1
       2
       2
       1
       0
       4
       2
       0
       2
       1
       3
       3
       2
       0
       1
       4
       5
       2
       1
       4
       0
       0
       2
       3
       1
       1
       4
       0
       6
       1
       1
       3
       2
       3
       3
       1
       3
       3
       1
       2
       3
       2
       5
       2
       3
       2
       3
       3
       0
       1
       2
       4
       1
       4
       5
       0
       2
       1
       1
       2
       0
       6
       1
       1
       0
       1
       1
       3
       5
       0
       1
       0
       2
       2
       2
       1
       0
       4
       1
       3
       0
       3
       2
       2
       4
       2
       1
       3
       4
       0
       0
       1
       5
       2
       2
       2
       1
       1
       3
       1
       2
       2
       1
       0
       0
       0
       0
       1
       4
       5
       3
       1
       1
       3
       1
       3
       1
       1
       2
       0
       3
       1
       3
       3
       0
       3
       2
       0
       3
       1
       3
       3
       0
       4
       2
       4
       1
       3
       1
       3
       5
       3
       2
       2
       0
       2
       0
       4
       2
       0
       1
       0
       1
       3
       4
       1
       1
       1
       1
       2
       4
       0
       2
       1
       5
       2
       3
       4
       1
       2
       4
       2
       1
       2
       0
       2
       0
       2
       5
       6
       1
       1
       4
       3
       2
       1
       2
       1
       0
       1
       2
       1
       0
       3
       1
       0
       3
       4
       1
       2
       4
       0
       1
       2
       0
       1
       3
       1
       0
       2
       1
       2
       1
       3
       3
       2
       2
       2
       1
       2
       3
       1
       1
       2
       1
       0
       2
       0
       2
       2
       0
       2
       2
       0
       2
       2
       5
       1
       2
       2
       3
       0
       1
       0
       1
       0
       2
       1
       0
       2
       0
       0
       2
       1
       1
       0
       1
       1
       0
       3
       2
       3
       1
       1
       1
       2
       2
       2
       1
       4
       0
       0
       3
       1
       0
       1
       1
       3
       4
       3
       4
       1
       1
       2
       0
       2
       2
       1
       0
       1
       3
       2
       3
       2
       3
       4
       1
       0
       3
       1
       1
       1
       3
       1
       1
       2
       1
       3
       2
       1
       2
       2
       1
       1
       0
       3
       0
       2
       2
       2
       3
       3
       3
       0
       3
       0
       1
       1
       2
       2
       1
       1
       3
       3
       4
       0
       1
       1
       2
       2
       1
       3
       2
       1
       1
       1
       4
       0
       0
       1
       2
       2
       2
       0
       6
       0
       1
       1
       1
       1
       1
       2
       2
       0
       4
       3
       1
       3
       1
       0
       1
       3
       0
       3
       0
       3
       1
       2
       2
       1
       1
       1
       1
       1
       2
       2
       3
       1
       1
       1
       0
       3
       1
       2
       0
       1
       2
       0
       0
       1
       1
       1
       1
       1
       3
       1
       0
       1
       1
       2
       1
       1
       1
       2
       2
       3
       0
       4
       2
       1
       1
       1
       3
       2
       2
       2
       0
       0
       1
       0
       2
       3
       0
       3
       1
       4
       1
       3
       2
       3
       2
       2
       0
       4
       2
       3
       1
       3
       0
       3
       0
       2
       3
       2
       1
       0
       2
       1
       0
       1
       0
       1
       0
       5
       3
       4
       0
       2
       1
       1
       3
       5
       2
       2
       5
       3
       4
       3
       0
       4
       5
       1
       3
       1
       0
       0
       3
       2
       2
       1
       1
       3
       2
       1
       1
       1
       2
       2
       3
       1
       1
       3
       1
       1
       3
       1
       2
       2
       3
       4
       5
       3
       3
       2
       1
       1
       4
       5
       0
       1
       5
       1
       2
       2
       2
       2
       1
       3
       3
       1
       1
       0
       0
       2
       3
       1
       4
       2
       3
       2
       0
       3
       3
       3
       2
       3
       0
       4
       1
       1
       3
       4
       2
       4
       4
       1
       0
       3
       2
       3
       2
       2
       3
       0
       1
       3
       4
       1
       2
       2
       1
       3
       2
       0
       0
       1
       2
       4
       0
       0
       3
       3
       1
       5
       2
       5
       0
       2
       1
       3
       2
       1
       2
       3
       4
       2
       3
       3
       0
       2
       3
       4
       5
       1
       4
       4
       1
       2
       3
       2
       4
       3
       4
       2
       3
       2
       1
       1
       2
       1
       3
       1
       1
       1
       0
       3
       3
       3
       5
       3
       3
       0
       0
       2
       3
       6
       4
       0
       2
       1
       1
       3
       3
       4
       3
       4
       2
       2
       2
       0
       3
       2
       1
       4
       0
       1
       1
       3
       3
       2
       7
       1
       3
       6
       3
       1
       2
       5
       2
       2
       4
       3
       1
       2
       3
       2
       1
       2
       5
       1
       5
       2
       5
       5
       2
       3
       5
       1
       7
       0
       5
       3
       2
       3
       2
       2
       2
       3
       3
       2
       1
       1
       3
       4
       0
       4
       4
       5
       3
       3
       3
       4
       2
       1
       3
       1
       3
       4
       2
       2
       3
       4
       3
       6
       1
       2
       1
       4
       2
       4
       2
       3
       4
       2
       1
       2
       1
       3
       3
       3
       1
       1
       3
       3
       3
       3
       1
       2
       1
       3
       4
       4
       1
       6
       4
       2
       4
       3
       1
       1
       5
       2
       1
       4
       3
       2
       3
       3
       1
       5
       4
       2
       3
       4
       4
       2
       8
       3
       4
       4
       3
       2
       1
       6
       3
       3
       5
       3
       5
       2
       5
       1
       1
       3
       4
       4
       2
       5
       3
       2
       1
       5
       2
       2
       3
       2
       2
       1
       1
       2
       6
       1
       5
       2
       3
       4
       4
       4
       3
       4
       8
       1
       5
       3
       3
       6
       9
       5
       2
       4
       4
       1
       5
       4
       1
       6
       3
       3
       7
       3
       5
       2
      10
       1
       1
       7
       5
       2
       3
       4
       1
       7
       1
       1
       3
       4
       5
       7
       6
       3
       7
       2
       4
       1
       5
       9
       7
       5
       2
       2
       4
       5
       4
       4
       9
       4
       4
       0
       8
       3
       4
       4
       6
       6
       4
       2
       6
       1
       3
       4
       2
       2
       5
       5
       5
       3
       5
       2
       2
       2
       2
       3
       2
       3
       4
       3
       0
       1
       4
       6
       3
       3
       6
       5
       2
       3
       4
       0
       5
       1
       5
       6
       4
       2
       3
       3
       2
       3
       5
       3
       5
       2
       6
       6
       0
       5
       5
       4
       0
       4
       1
       1
       2
       1
       5
       2
       5
       5
       3
       5
       4
       6
       3
       6
       6
       5
       5
       3
       7
       5
       6
       3
       3
       5
       3
       4
       2
       4
       3
       2
       3
       5
       2
       1
       7
       6
       2
       6
       5
       3
       1
       7
       4
       5
       1
       3
       2
       4
       1
       5
       6
       3
       8
       3
       3
       3
       2
       2
       5
       0
       3
       1
       2
       1
       5
       6
       4
       4
       1
       4
       3
       6
       2
       5
       4
       3
       5
       8
       6
       3
       4
       4
       2
       2
       2
       5
       2
       1
       4
       5
       0
       2
       5
       9
       5
       6
       1
       6
       4
       5
       5
       1
       3
       7
       5
       4
       4
       4
       1
       3
       2
       4
       4
       3
       5
       3
       3
       4
       7
       3
       2
       5
       3
       4
       1
       9
       5
       2
       1
       5
       3
       2
       1
       3
       1
       3
       4
       6
       3
       2
       2
       2
       1
       3
       6
       3
       7
       2
       1
       3
       3
       5
       6
       0
       1
       3
       3
       2
       5
       4
       3
       7
       0
       5
       3
       4
       1
       4
       3
       1
       8
       5
       5
       2
       3
       2
       3
       6
       2
       3
       5
       2
       1
       1
       4
       4
       3
       7
       4
       9
       6
       7
       4
       3
       3
       4
       5
       4
       2
       6
       6
       3
       4
       4
       2
       4
       5
       1
       5
       3
       1
       7
       2
       5
       5
       2
       3
       4
       3
       4
       1
       4
       4
       6
       1
       1
       4
       6
       2
       2
       1
       5
       1
       2
       0
       4
       2
       2
       5
       3
       2
       3
       6
       0
       3
       2
       5
       4
       5
       5
       7
       5
       2
       5
       1
       7
       0
       5
       1
       4
       1
       6
       1
       1
       4
      10
       5
       2
       4
       3
       1
       6
       1
       1
       3
       5
       2
       1
       5
       3
       3
       3
       4
       1
       0
       3
       0
       6
       3
       1
       3
       4
       2
       2
       8
       4
       8
       3
       4
       6
       3
       4
       1
       1
       2
       2
       2
       1
       3
       1
       4
       1
       7
       2
       2
       2
       2
       2
       0
       6
       4
       4
       2
       4
       3
       1
       4
       3
       2
       6
       2
       5
       2
       1
       1
       1
       2
       1
       6
       3
       4
       2
       1
       5
       4
       2
       3
       4
       2
       3
       2
       4
       4
       3
       3
       1
       0
       3
       3
       5
       2
       2
       4
       3
       6
       2
       4
       0
       4
       4
       6
       0
       1
      10
       4
       2
       2
       4
       3
       1
       2
       2
       2
       3
       1
       1
       3
       4
       2
       0
       1
       2
       2
       3
       2
       1
       2
       3
       2
       6
       3
       0
       2
       2
       1
       4
       2
       0
       4
       3
       2
       3
       6
       1
       3
       2
       2
       0
       1
       0
       3
       3
       1
       4
       0
       4
       4
       3
       2
       4
       0
       4
       3
       3
       2
       0
       0
       2
       2
       0
       3
       2
       2
       4
       4
       2
       1
       2
       1
       2
       4
       0
       4
       1
       1
       2
       4
       4
       1
       2
       0
       2
       3
       4
       1
       2
       1
       4
       3
       2
       1
       6
       0
       3
       5
       3
       5
       0
       2
       5
       2
       2
       0
       1
       1
       3
       2
       5
       3
       0
       0
       0
       5
       1
       4
       4
       2
       2
       0
       1
       4
       1
       2
       2
       1
       0
       3
       2
       1
       0
       2
       3
       0
       1
       1
       1
       0
       2
       1
       2
       2
       2
       0
       2
       4
       5
       1
       2
       3
       1
       3
       2
       2
       2
       3
       1
       0
       0
       1
       5
       1
       1
       2
       1
       2
       3
       2
       0
       2
       1
       1
       3
       2
       1
       1
       0
       2
       1
       1
       1
       3
       2
       2
       0
       2
       3
       1
       0
       4
       1
       5
       1
       0
       0
       1
       2
       1
       2
       0
       0
       3
       1
       0
       1
       0
       2
       1
       2
       1
       1
       2
       1
       1
       1
       1
       1
       3
       5
       1
       4
       2
       0
       2
       3
       1
       0
       2
       4
       0
       1
       1
       2
       0
       0
       2
       2
       1
       1
       1
       1
       0
       1
       2
       2
       4
       0
       2
       1
       0
       1
       3
       0
       1
       0
       0
       2
       0
       2
       2
       1
       2
       2
       1
       1
       4
       0
       1
       0
       0
       1
       2
       2
       0
       2
       1
       2
       2
       0
       1
       0
       1
       0
       0
       1
       1
       2
       1
       1
       1
       1
       0
       1
       1
       0
       1
       0
       2
       0
       2
       1
       3
       1
       1
       2
       0
       1
       2
       2
       0
       1
       1
       1
       1
       2
       0
       0
       1
       0
       3
       1
       1
       0
       0
       1
       1
       2
       0
       2
       1
       2
       2
       0
       1
       1
       4
       0
       1
       1
       1
       2
       1
       0
       0
       1
       0
       0
       1
       2
       1
       1
       1
       1
       0
       0
       2
       1
       3
       3
       0
       0
       0
       1
       3
       0
       2
       1
       1
       1
       1
       0
       4
       0
       2
       2
       0
       0
       1
       2
       3
       1
       1
       2
       1
       1
       3
       0
       0
       0
       1
       0
       1
       2
       2
       1
       1
       1
       3
       0
       1
       1
       2
       1
       3
       0
       2
       1
       0
       0
       1
       0
       0
       0
       0
       1
       0
       3
       1
       0
       1
       2
       0
       1
       2
       0
       0
       1
       2
       0
       0
       1
       0
       0
       0
       0
       1
       0
       0
       1
       1
       0
       0
       1
       1
       2
       3
       1
       0
       0
       0
       1
       2
       1
       0
       0
       0
       3
       2
       0
       2
       0
       1
       0
       1
       1
       1
       2
       1
       1
       1
       2
       0
       1
       0
       0
       0
       0
       0
       1
       2
       2
       1
       1
       0
       0
       1
       0
       0
       0
       1
       2
       1
       0
       0
       0
       0
       0
       0
       1
       3
       3
       0
       2
       3
       0
       0
       1
       1
       0
       0
       1
       1
       2
       1
       0
       1
       1
       0
       1
       2
       2
       0
       0
       1
       1
       1
       0
       0
       3
       0
       0
       0
       1
       2
       0
       1
       0
       0
       0
       0
       1
       3
       2
       0
       0
       2
       4
       2
       1
       0
       0
       0
       1
       1
       0
       0
       1
       0
       1
       0
       0
       0
       1
       0
       1
       1
       2
       2
       1
       1
       0
       0
       0
       0
       0
       0
       1
       3
       0
       1
       0
       1
       0
       0
       1
       0
       1
       0
       1
       1
       1
       1
       1
       2
       0
       3
       1
       0
       1
       0
       1
       0
       1
       2
       2
       1
       1
       3
       0
       0
       3
       1
       0
       2
       1
       0
       0
       0
       0
       1
       0
       0
       0
       2
       0
       1
       0
       1
       3
       0
       0
       0
       0
       1
       0
       0
       0
       0
       2
       0
       1
       0
       0
       0
       1
       0
       1
       1
       0
       1
       1
       2
       1
       2
       0
       2
       0
       0
       1
       1
       0
       1
       0
       0
       0
       0
       1
       0
       1
       0
       0
       2
       0
       0
       0
       0
       0
       0
       0
       1
       2
       0
       1
       0
       0
       1
       1
       0
       1
       0
       0
       0
       1
       0
       1
       0
       0
       0
       1
       0
       0
       1
       0
       1
       1
       0
       0
       1
       0
       1
       2
       1
       1
       0
       0
       0
       0
       0
       0
       1
       1
       0
       0
       0
       0
       0
       0
       0
       2
       0
       2
       1
       1
       0
       0
       0
       1
       0
       1
       0
       0
       1
       1
       1
       0
       0
       1
       1
       0
       1
       0
       0
       1
       0
       3
       1
       0
       1
       2
       1
       1
       0
       0
       0
       0
       0
       2
       1
       1
       0
       0
       0
       1
       0
       2
       0
       0
       0
       1
       1
       3
       1
       0
       1
       2
       1
       0
       0
       0
       1
       2
       0
       1
       0
       0
       0
       1
       1
       0
       0
       0
       0
       1
       0
       0
       1
       0
       1
       1
       1
       0
       1
       0
       2
       1
       0
       1
       0
       1
       0
       1
       2
       0
       2
       1
       0
       0
       0
       0
       1
       1
       0
       1
       0
       0
       0
       1
       0
       1
       0
       0
       0
       1
       0
       0
       1
       0
       1
       0
       1
       2
       1
       1
       2
       0
       0
       0
       1
       0
       0
       0
       0
       0
       1
       0
       0
       0
       0
       0
       0
       1
       0
       2
       1
       0
       1
       0
       1
       0
       0
       0
       0
       2
       0
       2
       1
       0
       1
       1
       0
       0
       1
       0
       1
       0
       1
       0
       0
       1
       0
       0
       1
       2
       2
       2
       0
       0
       1
       0
       1
       1
       0
       0
       2
       1
       0
       0
       0
       2
       0
       1
       1
       0
       1
       0
       1
       0
       0
       2
       0
       1
       0
       1
       1
       0
       1
       0
       1
       1
       0
       1
       1
       1
       2
       1
       1
       1
       0
       2
       1
       1
       0
       1
       1
       1
       1
       0
       0
       0
       1
       0
       1
       3
       0
       1
       0
       0
       1
       0
       0
       2
       2
       1
       2
       0
       1
       0
       2
       0
       0
       1
       0
       0
       0
       1
       1
       1
       2
       1
       0
       1
       1
       0
       1
       2
       1
       0
       1
       0
       0
       1
       0
       0
       0
       2
       2
       2
       1
       0
       1
       0
       0
       1
       1
       0
       0
       0
       0
       1
       1
       1
       1
       1
       0
       1
       0
       1
       0
       1
       0
       1
       0
       1
       1
       0
       0
       2
       0
       0
       2
       0
       1
       2
       2
       0
       0
       0
       0
       1
       0
       1
       0
       0
       0
       1
       1
       0
       0
       2
       2
       0
       0
       0
       2
       0
       0
       0
       2
       0
       0
       1
       1
       2
       2
       1
       0
       0
       0
       2
       0
       0
       0
       0
       0
       2
       1
       2
       0
       1
       0
       0
       0
       0
       0
       0
       1
       0
       0
       0
       0
       0
       0
       0
       2
       0
       0
       0
       0
       0
       1
       0
       0
       3
       1
       1
       3
       1
       0
       1
       1
       0
       0
       1
       1
       0
       0
       2
       1
       0
       0
       1
       2
       2
       0
       1
       1
       0
       0
       0
       0
       0
       1
       0
       0
       0
       1
       1
       1
       0
       1
       0
       0
       1
       1
       1
       0
       2
       0
       0
       1
       0
       0
       1
       1
       0
       0
       0
       1
       0
       0
       0
       1
       0
       0
       2
       0
       0
       0
       4
       0
       0
       0
       0
       0
       0
       1
       0
       0
       0
       0
       1
       2
       0
       0
       1
       0
       0
       1
       2
       0
       0
       0
       3
       0
       1
       0
       1
       1
       0
       1
       1
       0
       1
       0
       0
       0
       3
       0
       0
       0
       2
       0
       1
       1
       1
       0
       1
       0
       1
       0
       0
       1
       1
       0
       0
       0
       0
       1
       0
       2
       1
       0
       0
       3
       0
       0
       1
       0
       1
       1
       1
       0
       1
       1
       2
       0
       0
       0
       0
       2
       0
       1
       1
       1
       0
       0
       2
       2
       0
       0
       0
       0
       0
       0
       0
       0
       1
       1
       0
       1
       1
       1
       0
       0
       0
       1
       0
       0
       1
       1
       1
       1
       0
       0
       0
       0
       0
       1
       2
       0
       0
       1
       0
       0
       1
       1
       0
       0
       0
       0
       0
       0
       2
       1
       1
       2
       0
       0
       0
       0
       0
       0
       1
       1
       0
       0
       0
       1
       2
       0
       1
       0
       1
       1
       0
       2
       0
       0
       1
       2
       1
       1
       0
       0
       2
       1
       0
       2
       0
       0
       0
       1
       1
       2
       0
       0
       0
       1
       1
       0
       0
       0
       0
       1
       0
       0
       0
       1
       0
       2
       1
       0
       0
       0
       0
       0
       3
       0
       0
       0
       0
       1
       0
       0
       0
       0
       0
       0
       1
       0
       0
       0
       0
       0
       1
       0
       1
       1
       0
       1
       1
       0
       2
       0
       0
       2
       1
       0
       1
       0
       1
       0
       1
       2
       1
       0
       1
       0
       0
       1
       1
       1
       0
       0
       0
       0
       0
       1
       1
       0
       1
       1
       2
       0
       0
       0
       0
       0
       1
       3
       0
       0
       0
       0
       0
       1
       2
       1
       0
       1
       0
       1
       1
       1
       0
       2
       1
       0
       2
       1
       0
       1
       0
       3
       0
       0
       1
       2
       0
       0
       0
       0
       2
       1
       0
       0
       0
       1
       0
       1
       0
       3
       0
       0
       1
       1
       0
       0
       0
       1
       0
       0
       0
       0
       0
       0
       1
       1
       0
       1
       0
       1
       2
       1
       1
       3
       1
       1
       0
       0
       0
       1
       1
       0
       2
       1
       1
       2
       0
       1
       1
       0
       2
       1
       0
       2
       1
       1
       1
       2
       0
       1
       1
       1
       0
       0
       1
       2
       1
       1
       0
       0
       1
       0
       1
       1
       0
       0
       2
       1
       1
       1
       2
       0
       3
       3
       1
       1
       0
       0
       0
       0
       0
       1
       1
       0
       1
       0
       0
       1
       0
       1
       0
       0
       0
       0
       1
       0
       1
       1
       0
       0
       0
       2
       1
       0
       0
       1
       0
       2
       0
       0
       0
       1
       2
       0
       1
       0
       1
       1
       1
       0
       1
       0
       0
       0
       0
       0
       0
       1
       0
       0
       0
       3
       2
       1
       0
       2
       2
       3
       0
       1
       0
       0
       0
       0
       2
       0
       0
       0
       0
       0
       1
       0
       0
       0
       1
       1
       0
       0
       0
       1
       0
       2
       0
       1
       1
       1
       1
       0
       1
       0
       0
       1
       0
       2
       0
       0
       0
       1
       0
       0
       0
       0
       1
       2
       1
       0
       1
       2
       0
       2
       1
       1
       0
       0
       2
       1
       0
       0
       0
       3
       1
       0
       2
       1
       2
       0
       0
       2
       0
       0
       0
       0
       1
       0
       0
       1
       0
       0
       0
       0
       1
       0
       0
       0
       0
       0
       1
       0
       0
       0
       0
       0
       0
       0
       0
       0
       2
       0
       0
       0
       0
       2
       1
       1
       1
       1
       0
       0
       1
       1
       0
       1
       1
       1
       1
       0
       2
       0
       1
       0
       0
       0
       2
       0
       0
       1
       2
       0
       0
       0
       1
       0
       0
       1
       0
       0
       2
       1
       3
       0
       1
       0
       1
       0
       1
       1
       1
       0
       1
       2
       3
       2
       1
       1
       0
       1
       1
       1
       0
       0
       2
       1
       0
       2
       0
       2
       1
       2
       0
       1
       1
       1
       0
       0
       0
       0
       0
       0
       0
       0
       0
       1
       0
       1
       0
       1
       2
       0
       0
       1
       0
       0
       0
       1
       1
       2
       0
       2
       0
       0
       0
       0
       1
       2
       0
       1
       0
       1
       0
       0
       0
       2
       1
       2
       0
       1
       0
       1
       2
       0
       1
       1
       2
       2
       0
       1
       2
       0
       0
       1
       0
       1
       0
       0
       1
       0
       1
       0
       1
       0
       0
       1
       0
       1
       1
       0
       2
       2
       0
       0
       0
       2
       1
       0
       0
       0
       1
       2
       2
       0
       1
       0
       0
       1
       1
       1
       1
       0
       0
       0
       0
       1
       1
       0
       2
       2
       0
       0
       1
       0
       2
       0
       0
       2
       0
       0
       0
       1
       2
       2
       0
       2
       1
       1
       3
       0
       0
       0
       3
       1
       0
       2
       0
       0
       0
       1
       0
       1
       0
       0
       0
       3
       4
       2
       1
       1
       3
       2
       1
       0
       1
       0
       1
       1
       0
       1
       0
       2
       0
       0
       2
       3
       0
       1
       1
       0
       3
       1
       0
       1
       0
       1
       0
       0
       2
       1
       2
       0
       2
       0
       0
       0
       0
       0
       1
       0
       0
       1
       3
       1
       1
       1
       0
       0
       0
       0
       1
       0
       0
       0
       3
       1
       0
       1
       0
       2
       0
       0
       1
       0
       0
       1
       0
       1
       0
       2
       0
       0
       0
       2
       0
       0
       0
       0
       1
       1
       0
       0
       0
       0
       0
       0
       0
       0
       0
       5
       0
       0
       0
       0
       0
       0
       0
       2
       0
       1
       1
       0
       0
       0
       1
       0
       0
       1
       0
       0
       0
       1
       0
       0
       2
       0
       1
       1
       2
       1
       0
       0
       1
       1
       1
       1
       1
       1
       0
       2
       0
       2
       0
       0
       1
       1
       1
       0
       0
       1
       0
       1
       1
       0
       0
       0
       0
       0
       0
       0
       0
       3
       0
       0
       1
       0
       2
       0
       1
       0
       1
       0
       0
       0
       0
       0
       1
       0
       1
       0
       1
       2
       3
       1
       2
       0
       0
       1
       0
       1
       1
       0
       2
       0
       1
       0
       1
       0
       1
       1
       0
       1
       1
       1
       0
       0
       1
       1
       1
       2
       0
       1
       1
       1
       0
       0
       1
       1
       1
       1
       1
       1
       0
       1
       0
       0
       3
       2
       0
       1
       0
       2
       1
       0
       0
       1
       1
       0
       1
       2
       0
       0
       1
       0
       1
       0
       0
       0
       0
       0
       2
       1
       1
       0
       0
       3
       0
       2
       0
       0
       0
       3
       2
       0
       1
       0
       0
       2
       0
       0
       0
       1
       0
       2
       0
       0
       0
       0
       1
       1
       0
       0
       1
       1
       1
       1
       1
       2
       1
       0
       0
       0
       0
       0
       0
       1
       0
       2
       1
       0
       0
       2
       0
       0
       0
       1
       1
       1
       0
       0
       0
       0
       0
       1
       1
       0
       0
       0
       0
       0
       0
       0
       0
       1
       0
       0
       1
       1
       0
       1
       1
       0
       0
       0
       0
       2
       2
       0
       0
       2
       2
       0
       1
       0
       1
       1
       1
       0
       0
       0
       1
       2
       0
       0
       0
       1
       0
       0
       0
       1
       0
       0
       1
       1
       0
       1
       0
       2
       0
       2
       0
       0
       0
       0
       0
       0
       0
       0
       0
       0
       1
       0
       0
       1
       1
       0
       0
       0
       2
       0
       1
       0
       0
       0
       0
       2
       0
       0
       0
       0
       0
       0
       1
       1
       0
       0
       0
       1
       0
       0
       1
       2
       0
       2
       1
       0
       1
       0
       0
       0
       2
       0
       0
       1
       1
       0
       1
       1
       2
       0
       0
       1
       1
       0
       0
       0
       1
       1
       0
       1
       2
       0
       1
       2
       0
       0
       1
       1
       1
       0
       2
       0
       0
       2
       0
       0
       0
       1
       0
       0
       2
       0
       0
       0
       0
       1
       0
       0
       0
       0
       0
       0
       1
       0
       0
       1
       1
       0
       0
       3
       0
       0
       2
       1
       1
       0
       1
       2
       2
       2
       0
       0
       1
       1
       1
       0
       1
       0
       0
       2
       1
       0
       0
       1
       0
       1
       1
       0
       2
       1
       1
       0
       0
       1
       0
       0
       0
       1
       1
       1
       0
       0
       0
       0
       1
       0
       0
       0
       1
       1
       0
       1
       1
       0
       0
       1
       0
       0
       0
       1
       1
       0
       0
       1
       1
       0
       1
       2
       0
       0
       0
       0
       1
       0
       0
       0
       1
       0
       0
       1
       1
       2
       0
       0
       0
       0
       1
       0
       0
       0
       2
       1
       0
       0
       1
       1
       0
       0
       0
       0
       0
       0
       1
       1
       2
       0
       0
       1
       1
       1
       0
       1
       1
       2
       1
       0
       0
       0
       1
       1
       0
       2
       0
       0
       1
       1
       0
       0
       1
       0
       0
       0
       0
       0
       1
       0
       0
       0
       0
       1
       0
       0
       0
       2
       0
       1
       0
       0
       1
       1
       1
       0
       1
       1
       0
       0
       0
       0
       0
       1
       0
       0
       0
       0
       0
       0
       0
       0
       1
       1
       2
       1
       1
       0
       0
       0
       0
       0
       0
       2
       2
       1
       0
       1
       0
       1
       0
       0
       0
       0
       0
       1
       0
       0
       1
       0
       0
       1
       0
       0
       1
       0
       0
       1
       1
       0
       0
       1
       1
       0
       0
       0
       0
       1
       0
       0
       0
       2
       1
       0
       0
       1
       0
       2
       0
       1
       0
       0
       1
       0
       0
       0
       0
       0
       2
       0
       0
       0
       0
       0
       1
       0
       0
       0
       0
       0
       0
       0
       1
       0
       0
       1
       0
       0
       1
       1
       0
       2
       0
       0
       0
       0
       1
       1
       0
       0
       1
       0
       0
       0
       0
       2
       1
       0
       0
       0
       0
       0
       0
       0
       1
       0
       0
       0
       1
       1
       0
       0
       1
       0
       0
       0
       1
       0
       0
       0
       1
       0
       1
       0
       1
       1
       0
       0
       1
       1
       0
       0
       0
       0
       0
       1
       0
       1
       1
       0
       0
       0
       0
       0
       0
       0
       0
       0
       0
       0
       0
       1
       0
       1
       1
       1
       1
       0
       0
       0
       1
       0
       0
       1
       0
       1
       0
       0
       0
       1
       0
       1
       0
       2
       1
       0
       0
       0
       0
       0
       0
       0
       0
       0
       0
       0
       0
       0
       1
       0
       1
       0
       1
       1
       0
       0
       0
       2
       0
       0
       1
       0
       1
       0
       1
       0
       1
       0
       1
       0
       0
       1
       2
       0
       1
       1
       1
       0
       0
       1
       1
       1
       1
       1
       0
       0
       1
       1
       0
       0
       1
       0
       0
       2
       0
       1
       0
       0
       0
       0
       0
       0
       1
       0
       0
       1
       0
       0
       1
       0
       2
       0
       0
       0
       0
       0
       0
       0
       0
       0
       3
       1
       0
       0
       0
       1
       0
       1
       1
       0
       0
       0
       0
       0
       0
       0
       0
       1
       0
       0
       0
       0
       1
       0
       0
       0
       3
       1
       0
       0
       1
       0
       0
       2
       1
       1
       1
       1
       0
       0
       0
       0
       1
       2
       0
       0
       0
       0
       1
       0
       1
       0
       0
       0
       0
       0
       0
       0
       0
       0
       0
       0
       0
       0
       0
       0
       1
       0
       2
       0
       0
       1
       0
       0
       2
       0
       0
       1
       0
       0
       2
       0
       1
       0
       0
       0
       0
       1
       0
       0
       1
       2
       0
       0
       2
       0
       0
       3
       0
       0
       0
       0
       1
       0
       1
       0
       1
       0
       2
       0
       0
       1
       2
       0
       0
       0
       0
       0
       0
       0
       1
       0
       0
       1
       1
       0
       0
       3
       0
       0
       0
       0
       0
       0
       0
       0
       1
       1
       0
       1
       0
       0
       0
       0
       1
       0
       0
       0
       0
       1
       0
       1
       0
       0
       1
       0
       0
       0
       1
       0
       0
       0
       0
       1
       0
       0
       0
       0
       1
       0
       0
       1
       0
       0
       0
       0
       2
       0
       1
       0
       0
       0
       0
       0
       0
       0
       0
       2
       0
       0
       1
       0
       1
       0
       0
       0
       0
       0
       2
       0
       1
       0
       1
       0
       1
       0
       0
       0
       1
       0
       0
       0
       1
       0
       1
       1
       0
       0
       0
       0
       0
       0
       1
       1
       1
       0
       0
       0
       0
       0
       0
       1
       0
       0
       0
       0
       0
       0
       0
       0
       0
       2
       1
       0
       0
       1
       0
       0
       0
       0
       0
       0
       0
       1
       0
       0
       0
       0
       0
       0
       0
       1
       0
       0
       0
       0
       0
       0
       0
       0
       0
       0
       0
       0
       0
       1
       0
       0
       0
       0
       0
       0
       0
       0
       0
       1
       1
       0
       0
       0
       0
       0
       0
       1
       1
       0
       1
       1
       2
       0
       0
       1
       0
       0
       1
       0
       0
       0
       1
       0
       1
       0
       1
       2
       0
       1
       0
       0
       1
       0
       1
       0
       0
       0
       0
       0
       0
       0
       0
       1
       0
       0
       0
       1
       0
       0
       0
       0
       0
       2
       0
       0
       1
       0
       1
       0
       0
       0
       0
       0
       0
       0
       1
       0
       0
       1
       0
       0
       1
       0
       0
       1
       0
       0
       0
       0
       0
       0
       1
       0
       1
       0
       0
       0
       1
       1
       0
       1
       1
       0
       2
       0
       0
       0
       0
       0
       0
       1
       1
       0
       0
       0
       1
       2
       1
       1
       0
       1
       0
       1
       1
       0
       1
       0
       1
       0
       0
       1
       0
       0
       1
       0
       0
       0
       0
       0
       0
       0
       0
       1
       0
       1
       2
       0
       1
       2
       1
       0
       1
       0
       0
       1
       0
       0
       0
       1
       0
       0
       1
       0
       0
       0
       0
       0
       0
       0
       0
       0
       0
       1
       0
       1
       2
       1
       0
       0
       0
       0
       0
       0
       0
       1
       0
       0
       0
       1
       0
       2
       0
       2
       0
       1
       0
       0
       1
       0
       0
       0
       0
       1
       0
       0
       0
       0
       0
       1
       0
       0
       0
       1
       0
       0
       0
       1
       1
       1
       0
       0
       0
       0
       0
       1
       2
       0
       0
       0
       2
       1
       0
       2
       0
       1
       0
       0
       0
       1
       1
       1
       2
       0
       0
       0
       0
       0
       1
       0
       0
       1
       0
       1
       0
       0
       0
       0
       0
       0
       0
       1
       0
       0
       0
       1
       0
       0
       0
       0
       0
       1
       0
       0
       0
       1
       0
       0
       0
       1
       1
       0
       1
       0
       0
       0
       1
       0
       2
       1
       0
       0
       2
       0
       1
       0
       0
       0
       2
       0
       0
       0
       0
       0
       0
       0
       0
       0
       0
       0
       0
       1
       1
       1
       0
       0
       1
       0
       0
       0
       0
       0
       1
       0
       0
       0
       2
       1
       1
       1
       1
       0
       1
       0
       1
       1
       0
       0
       0
       0
       0
       0
       0
       0
       1
       0
       0
       0
       0
       1
       1
       2
       0
       0
       0
       0
       1
       2
       0
       0
       0
       0
       0
       0
       0
       1
       0
       1
       0
       0
       0
       0
       0
       0
       0
       0
       0
       0
       0
       1
       1
       0
       0
       0
       0
       0
       0
       0
       0
       0
       0
       0
       2
       0
       0
       0
       0
       0
       0
       0
       1
       1
       0
       1
       0
       2
       1
       0
       0
       0
       1
       0
       0
       0
       2
       1
       1
       0
       0
       0
       0
       1
       0
       0
       0
       0
       1
       0
       0
       0
       2
       1
       1
       0
       0
       1
       0
       1
       1
       0
       0
       0
       1
       1
       0
       1
       0
       0
       0
       0
       0
       0
       0
       2
       0
       0
       0
       0
       0
       0
       0
       1
       0
       1
       0
       0
       0
       0
       1
       1
       1
       0
       0
       0
       3
       0
       0
       1
       1
       0
       0
       1
       0
       0
       1
       0
       0
       0
       1
       1
       0
       0
       0
       1
       2
       1
       0
       0
       0
       0
       0
       0
       0
       1
       0
       1
       0
       2
       1
       1
       0
       0
       0
       0
       0
       1
       0
       0
       1
       0
       0
       0
       0
       2
       1
       0
       0
       0
       0
       0
       0
       1
       0
       0
       0
       0
       0
       0
       0
       0
       0
       0
       0
       0
       1
       0
       1
       1
       0
       1
       0
       0
       0
       0
       0
       0
       0
       0
       0
       0
       0
       0
       0
       1
       1
       1
       0
       0
       0
       0
       0
       0
       0
       0
       0
       0
       0
       0
       1
       1
       0
       0
       1
       0
       0
       0
       0
       1
       0
       0
       2
       0
       1
       0
       0
       2
       0
       0
       0
       1
       0
       0
       0
       0
       0
       0
       2
       0
       0
       0
       0
       0
       0
       0
       0
       0
       0
       0
       0
       0
       0
       1
       0
       0
       0
       1
       0
       1
       0
       0
       0
       1
       0
       0
       0
       0
       0
       1
       0
       0
       0
       0
       1
       0
       0
       0
       0
       0
       0
       0
       0
       0
       0
       0
       0
       0
       1
       0
       1
       0
       0
       1
       0
       0
       0
       0
       0
       0
       1
       0
       0
       0
       0
       1
       0
       0
       0
       1
       2
       0
       1
       1
       0
       1
       1
       0
       0
       0
       1
       0
       2
       0
       0
       0
       1
       0
       1
       0
       1
       1
       1
       0
       1
       1
       0
       0
       0
       0
       0
       0
       0
       0
       0
       1
       0
       0
       0
       1
       0
       1
       0
       0
       3
       0
       1
       0
       0
       0
       0
       1
       1
       0
       2
       1
       0
       0
       0
       0
       0
       2
       0
       0
       0
       1
       1
       0
       1
       0
       0
       1
       0
       1
       0
       0
       1
       1
       0
       0
       1
       0
       0
       2
       0
       0
       0
       0
       1
       0
       0
       0
       0
       2
       0
       0
       1
       1
       0
       1
       0
       1
       0
       0
       0
       0
       1
       1
       0
       0
       0
       2
       3
       0
       0
       0
       1
       0
       1
       1
       0
       1
       0
       1
       0
       1
       0
       0
       2
       0
       0
       0
       0
       0
       0
       0
       0
       0
       0
       0
       1
       0
       1
       0
       1
       0
       0
       0
       0
       0
       0
       1
       0
       0
       1
       0
       0
       0
       2
       0
       1
       0
       0
       1
       0
       1
       1
       0
       0
       0
       0
       0
       0
       0
       0
       0
       1
       1
       0
       0
       2
       2
       0
       0
       0
       1
       0
       0
       0
       0
       0
       0
       0
       0
       1
       1
       0
       0
       1
       2
       2
       1
       0
       1
       0
       1
       1
       0
       1
       0
       1
       0
       0
       0
       0
       0
       1
       1
       0
       1
       1
       0
       0
       0
       0
       0
       0
       1
       0
       0
       0
       0
       0
       0
       1
       1
       0
       0
       2
       2
       1
       0
       1
       0
       0
       0
       1
       1
       0
       1
       2
       0
       1
       0
       0
       0
       0
       1
       0
       0
       0
       0
       0
       0
       0
       0
       0
       0
       3
       1
       1
       0
       0
       1
       0
       0
       0
       0
       2
       0
       0
       0
       1
       1
       0
       0
       2
       0
       0
       1
       0
       0
       1
       1
       0
       0
       2
       2
       0
       0
       1
       2
       0
       0
       0
       2
       1
       0
       0
       0
       0
       0
       0
       0
       1
       3
       0
       0
       0
       0
       0
       0
       0
       1
       0
       0
       0
       0
       0
       2
       0
       0
       0
       0
       0
       0
       0
       0
       0
       0
       0
       0
       0
       1
       0
       0
       0
       0
       0
       0
       0
       0
       0
       1
       0
       0
       0
       1
       1
       0
       0
       2
       0
       0
       1
       1
       0
       0
       0
       1
       1
       0
       0
       0
       0
       0
       1
       0
       3
       0
       0
       1
       0
       0
       1
       0
       0
       0
       0
       2
       1
       0
       0
       0
       0
       0
       0
       0
       0
       2
       0
       0
       1
       0
       1
       0
       1
       0
       1
       1
       2
       0
       0
       1
       2
       0
       1
       1
       0
       0
       0
       0
       0
       0
       1
       0
       1
       0
       0
       0
       1
       0
       0
       0
       1
       0
       0
       0
       0
       0
       0
       1
       0
       0
       1
       0
       1
       1
       1
       0
       0
       0
       0
       0
       0
       0
       0
       0
       1
       1
       0
       0
       1
       0
       0
       0
       1
       0
       0
       0
       0
       1
       0
       0
       0
       0
       1
       0
       3
       2
       0
       0
       0
       0
       0
       2
       1
       0
       1
       0
       0
       1
       0
       1
       0
       0
       3
       0
       0
       0
       0
       0
       0
       0
       1
       0
       1
       0
       0
       2
       0
       0
       1
       0
       1
       2
       0
       0
       0
       0
       0
       1
       2
       1
       1
       0
       0
       0
       0
       1
       2
       0
       0
       2
       2
       0
       1
       0
       1
       1
       2
       1
       0
       1
       0
       0
       0
       1
       0
       0
       0
       0
       1
       0
       1
       0
       2
       0
       0
       0
       0
       1
       0
       0
       0
       0
       0
       1
       0
       1
       0
       0
       1
       0
       0
       0
       0
       1
       0
       1
       0
       0
       1
       0
       1
       0
       0
       0
       0
       2
       2
       0
       0
       0
       1
       0
       0
       1
       0
       0
       0
       1
       1
       0
       1
       3
       1
       0
       0
       0
       1
       0
       0
       0
       0
       1
       1
       0
       0
       1
       0
       2
       1
       0
       0
       0
       0
       0
       0
       2
       1
       0
       0
       0
       0
       1
       0
       0
       0
       0
       0
       1
       2
       1
       3
       0
       0
       0
       1
       0
       0
       0
       1
       0
       0
       0
       0
       2
       0
       0
       0
       0
       1
       0
       0
       0
       1
       0
       0
       0
       0
       1
       2
       0
       0
       1
       1
       0
       0
       1
       1
       0
       0
       0
       0
       0
       1
       0
       0
       0
       0
       1
       0
       1
       1
       0
       0
       0
       0
       1
       1
       1
       0
       3
       0
       0
       0
       0
       0
       0
       0
       0
       1
       0
       0
       0
       0
       2
       0
       0
       1
       1
       1
       0
       0
       1
       1
       0
       2
       0
       1
       1
       0
       1
       1
       0
       0
       2
       0
       0
       0
       0
       0
       0
       0
       0
       0
       0
       0
       1
       0
       0
       0
       1
       0
       1
       2
       2
       1
       0
       0
       0
       0
       0
       0
       0
       0
       0
       0
       0
       1
       0
       0
       0
       0
       0
       0
       0
       0
       0
       0
       0
       0
       1
       0
       0
       0
       0
       0
       2
       0
       0
       0
       1
       0
       0
       1
       0
       0
       1
       0
       0
       1
       1
       0
       1
       0
       0
       0
       0
       0
       1
       3
       1
       0
       0
       0
       1
       0
       0
       0
       1
       1
       0
       1
       0
       0
       1
       1
       1
       0
       0
       0
       0
       0
       1
       0
       0
       0
       0
       1
       0
       0
       1
       0
       0
       1
       0
       0
       0
       0
       0
       0
       0
       0
       0
       1
       0
       0
       1
       0
       0
       0
       0
       0
       0
       0
       1
       0
       0
       0
       0
       0
       1
       0
       0
       2
       0
       1
       0
       0
       0
       1
       0
       0
       0
       0
       1
       0
       0
       1
       1
       0
       0
       0
       2
       0
       1
       0
       0
       0
       1
       0
       1
       0
       0
       1
       0
       0
       1
       1
       0
       0
       1
       0
       0
       0
       2
       0
       0
       0
       0
       0
       0
       2
       0
       0
       2
       0
       0
       0
       1
       0
       1
       0
       0
       0
       0
       1
       0
       1
       0
       0
       0
       0
       1
       0
       0
       0
       0
       0
       0
       0
       0
       0
       0
       0
       2
       0
       0
       0
       0
       0
       0
       0
       0
       0
       0
       0
       1
       0
       0
       0
       0
       0
       1
       0
       0
       0
       0
       0
       0
       1
       0
       0
       0
       0
       1
       0
       0
       0
       0
       0
       1
       1
       1
       1
       0
       0
       1
       0
       0
       0
       0
       0
       0
       0
       0
       0
       1
       0
       0
       0
       0
       1
       0
       0
       0
       1
       1
       3
       0
       1
       0
       0
       0
       0
       0
       0
       0
       0
       0
       1
       0
       0
       0
       0
       1
       0
       0
       0
       0
       1
       0
       3
       0
       0
       0
       0
       0
       0
       0
       0
       0
       0
       1
       0
       0
       1
       1
       1
       0
       1
       0
       0
       0
       0
       0
       1
       0
       1
       0
       0
       0
       0
       1
       0
       0
       0
       0
       0
       1
       0
       0
       0
       1
       0
       0
       1
       0
       0
       1
       0
       0
       0
       0
       0
       0
       1
       0
       0
       1
       0
       0
       0
       0
       0
       0
       0
       1
       0
       0
       0
       0
       0
       0
       0
       1
       1
       1
       0
       0
       0
       1
       0
       0
       0
       0
       0
       0
       0
       0
       0
       0
       0
       0
       0
       0
       0
       0
       0
       0
       0
       1
       1
       1
       1
       1
       0
       0
       0
       0
       0
       0
       0
       0
       0
       1
       0
       0
       0
       0
       0
       0
       1
       0
       0
       0
       0
       0
       0
       0
       1
       0
       1
       1
       0
       1
       0
       0
       0
       1
       0
       0
       0
       0
       0
       0
       0
       0
       0
       0
       2
       0
       0
       0
       0
       0
       0
       0
       0
       0
       1
       0
       0
       0
       1
       2
       0
       0
       0
       1
       0
       0
       0
       0
       0
       0
       0
       1
       0
       0
       0
       0
       0
       1
       0
       1
       0
       0
       0
       0
       0
       0
       0
       0
       0
       1
       1
       0
       0
       0
       0
       1
       0
       0
       0
       1
       1
       0
       0
       0
       0
       0
       0
       0
       0
       0
       0
       1
       0
       0
       0
       0
       0
       0
       1
       0
       0
       0
       0
       1
       1
       1
       0
       0
       0
       1
       1
       0
       0
       0
       0
       0
       0
       0
       0
       0
       0
       0
       1
       1
       0
       0
       0
       0
       0
       1
       0
       1
       0
       0
       0
       1
       0
       0
       0
       0
       0
       0
       0
       0
       0
       1
       0
       0
       0
       0
       0
       0
       0
       1
       0
       0
       0
       0
       0
       0
       0
       0
       0
       0
       0
       0
       0
       0
       0
       0
       0
       0
       0
       0
       0
       0
       0
       0
       0
       0
       0
       0
       0
       0
       0
       0
       0
       0
       0
       0
       0
       0
       0
       0
       0
       0
       0
       0
       0
       0
       0
       0
       0
       0
       0
       0
       0
       0
       0
       0
       0
       0
       0
       0
       0
       0
       0
       0
       0
       0
       0
       0
       0
       0
       0
       0
       0
       0
       0
       0
       0
       0
       0
       0
       0
       0
       0
       0
       0
       0
       0
       0
       0
       0
       0
       0
       0
       0
       0
       0
       0
       0
       0
       0
       0
       0
       0
       0
       0
       0
       0
       0
       0
       0
       0
       0
       0
       0
       0
       0
       0
       0
       0
       0
       0
       0
       0
       0
       0
       0
       0
       0
       0
       0
       0
       0
       0
       0
       0
       0
       0
       0
       0
       0
       0
       0
       0
       0
       0
       0
       0
       0
       0
       0
       0
       0
       0
       0
       0
       0
       0
       0
       0
       0
       0
       0
       0
       0
       0
       0
       0
       0
       0
       0
       0
       0
       0
       0
       0
       0
       0
       0
       0
       0
       0
       0
       0
       0
       0
       0
       0
       0
       0
       0
       0
       0
       0
       0
       0
       0
       0
       0
       0
       0
       0
       0
       0
       0
       0
       0
       0
       0
       0
       0
       0
       0
       0
       0
       0
       0
       0
       0
       0
       0
       0
       0
       0
       0
       0
       0
       0
       0
       0
       0
       0
       0
       0
       0
       0
       0
       0
       0
       0
       0
       0
       0
       0
       0
       0
       0
       0
       0
       0
       0
       0
       0
       0
       0
       0
       0
       0
$ROI:
2
2733 3687
7159 8187
$PRESETS:
Live Time
5400
0
$ENER_FIT:
-12.718900 0.161220
$MCA_CAL:
3
-1.271890E+001 1.612200E-001 8.920850E-007 keV
$SHAPE_CAL:
3
-1.587080E+002 1.743580E-001 -1.423590E-005
