start_date,start_time,live_time,real_time,dead_time,channel,counts
09/15/2026,14:14:21,774.88,796.0,2.6532663316582923,1,0
09/15/2026,14:14:21,774.88,796.0,2.6532663316582923,2,0
09/15/2026,14:14:21,774.88,796.0,2.6532663316582923,3,0
09/15/2026,14:14:21,774.88,796.0,2.6532663316582923,4,0
09/15/2026,14:14:21,774.88,796.0,2.6532663316582923,5,0
09/15/2026,14:14:21,774.88,796.0,2.6532663316582923,6,0
09/15/2026,14:14:21,774.88,796.0,2.6532663316582923,7,0
09/15/2026,14:14:21,774.88,796.0,2.6532663316582923,8,0
09/15/2026,14:14:21,774.88,796.0,2.6532663316582923,9,0
09/15/2026,14:14:21,774.88,796.0,2.6532663316582923,10,0
09/15/2026,14:14:21,774.88,796.0,2.6532663316582923,11,0
09/15/2026,14:14:21,774.88,796.0,2.6532663316582923,12,0
09/15/2026,14:14:21,774.88,796.0,2.6532663316582923,13,0
09/15/2026,14:14:21,774.88,796.0,2.6532663316582923,14,0
09/15/2026,14:14:21,774.88,796.0,2.6532663316582923,15,0
09/15/2026,14:14:21,774.88,796.0,2.6532663316582923,16,0
09/15/2026,14:14:21,774.88,796.0,2.6532663316582923,17,0
09/15/2026,14:14:21,774.88,796.0,2.6532663316582923,18,0
09/15/2026,14:14:21,774.88,796.0,2.6532663316582923,19,0
09/15/2026,14:14:21,774.88,796.0,2.6532663316582923,20,0
09/15/2026,14:14:21,774.88,796.0,2.6532663316582923,21,0
09/15/2026,14:14:21,774.88,796.0,2.6532663316582923,22,0
09/15/2026,14:14:21,774.88,796.0,2.6532663316582923,23,0
09/15/2026,14:14:21,774.88,796.0,2.6532663316582923,24,0
09/15/2026,14:14:21,774.88,796.0,2.6532663316582923,25,0
09/15/2026,14:14:21,774.88,796.0,2.6532663316582923,26,0
09/15/2026,14:14:21,774.88,796.0,2.6532663316582923,27,0
09/15/2026,14:14:21,774.88,796.0,2.6532663316582923,28,0
09/15/2026,14:14:21,774.88,796.0,2.6532663316582923,29,0
09/15/2026,14:14:21,774.88,796.0,2.6532663316582923,30,0
09/15/2026,14:14:21,774.88,796.0,2.6532663316582923,31,0
09/15/2026,14:14:21,774.88,796.0,2.6532663316582923,32,0
09/15/2026,14:14:21,774.88,796.0,2.6532663316582923,33,0
09/15/2026,14:14:21,774.88,796.0,2.6532663316582923,34,0
09/15/2026,14:14:21,774.88,796.0,2.6532663316582923,35,0
09/15/2026,14:14:21,774.88,796.0,2.6532663316582923,36,0
09/15/2026,14:14:21,774.88,796.0,2.6532663316582923,37,0
09/15/2026,14:14:21,774.88,796.0,2.6532663316582923,38,0
09/15/2026,14:14:21,774.88,796.0,2.6532663316582923,39,0
09/15/2026,14:14:21,774.88,796.0,2.6532663316582923,40,0
09/15/2026,14:14:21,774.88,796.0,2.6532663316582923,41,0
09/15/2026,14:14:21,774.88,796.0,2.6532663316582923,42,0
09/15/2026,14:14:21,774.88,796.0,2.6532663316582923,43,0
09/15/2026,14:14:21,774.88,796.0,2.6532663316582923,44,0
09/15/2026,14:14:21,774.88,796.0,2.6532663316582923,45,0
09/15/2026,14:14:21,774.88,796.0,2.6532663316582923,46,0
09/15/2026,14:14:21,774.88,796.0,2.6532663316582923,47,0
09/15/2026,14:14:21,774.88,796.0,2.6532663316582923,48,0
09/15/2026,14:14:21,774.88,796.0,2.6532663316582923,49,0
09/15/2026,14:14:21,774.88,796.0,2.6532663316582923,50,0
09/15/2026,14:14:21,774.88,796.0,2.6532663316582923,51,6
09/15/2026,14:14:21,774.88,796.0,2.6532663316582923,52,131
09/15/2026,14:14:21,774.88,796.0,2.6532663316582923,53,649
09/15/2026,14:14:21,774.88,796.0,2.6532663316582923,54,671
09/15/2026,14:14:21,774.88,796.0,2.6532663316582923,55,191
09/15/2026,14:14:21,774.88,796.0,2.6532663316582923,56,71
09/15/2026,14:14:21,774.88,796.0,2.6532663316582923,57,54
09/15/2026,14:14:21,774.88,796.0,2.6532663316582923,58,50
09/15/2026,14:14:21,774.88,796.0,2.6532663316582923,59,63
09/15/2026,14:14:21,774.88,796.0,2.6532663316582923,60,59
09/15/2026,14:14:21,774.88,796.0,2.6532663316582923,61,67
09/15/2026,14:14:21,774.88,796.0,2.6532663316582923,62,76
09/15/2026,14:14:21,774.88,796.0,2.6532663316582923,63,80
09/15/2026,14:14:21,774.88,796.0,2.6532663316582923,64,91
09/15/2026,14:14:21,774.88,796.0,2.6532663316582923,65,78
09/15/2026,14:14:21,774.88,796.0,2.6532663316582923,66,82
09/15/2026,14:14:21,774.88,796.0,2.6532663316582923,67,94
09/15/2026,14:14:21,774.88,796.0,2.6532663316582923,68,91
09/15/2026,14:14:21,774.88,796.0,2.6532663316582923,69,101
09/15/2026,14:14:21,774.88,796.0,2.6532663316582923,70,96
09/15/2026,14:14:21,774.88,796.0,2.6532663316582923,71,105
09/15/2026,14:14:21,774.88,796.0,2.6532663316582923,72,109
09/15/2026,14:14:21,774.88,796.0,2.6532663316582923,73,104
09/15/2026,14:14:21,774.88,796.0,2.6532663316582923,74,113
09/15/2026,14:14:21,774.88,796.0,2.6532663316582923,75,129
09/15/2026,14:14:21,774.88,796.0,2.6532663316582923,76,117
09/15/2026,14:14:21,774.88,796.0,2.6532663316582923,77,109
09/15/2026,14:14:21,774.88,796.0,2.6532663316582923,78,92
09/15/2026,14:14:21,774.88,796.0,2.6532663316582923,79,102
09/15/2026,14:14:21,774.88,796.0,2.6532663316582923,80,114
09/15/2026,14:14:21,774.88,796.0,2.6532663316582923,81,96
09/15/2026,14:14:21,774.88,796.0,2.6532663316582923,82,99
09/15/2026,14:14:21,774.88,796.0,2.6532663316582923,83,85
09/15/2026,14:14:21,774.88,796.0,2.6532663316582923,84,81
09/15/2026,14:14:21,774.88,796.0,2.6532663316582923,85,121
09/15/2026,14:14:21,774.88,796.0,2.6532663316582923,86,100
09/15/2026,14:14:21,774.88,796.0,2.6532663316582923,87,88
09/15/2026,14:14:21,774.88,796.0,2.6532663316582923,88,87
09/15/2026,14:14:21,774.88,796.0,2.6532663316582923,89,90
09/15/2026,14:14:21,774.88,796.0,2.6532663316582923,90,95
09/15/2026,14:14:21,774.88,796.0,2.6532663316582923,91,84
09/15/2026,14:14:21,774.88,796.0,2.6532663316582923,92,85
09/15/2026,14:14:21,774.88,796.0,2.6532663316582923,93,82
09/15/2026,14:14:21,774.88,796.0,2.6532663316582923,94,94
09/15/2026,14:14:21,774.88,796.0,2.6532663316582923,95,83
09/15/2026,14:14:21,774.88,796.0,2.6532663316582923,96,94
09/15/2026,14:14:21,774.88,796.0,2.6532663316582923,97,85
09/15/2026,14:14:21,774.88,796.0,2.6532663316582923,98,91
09/15/2026,14:14:21,774.88,796.0,2.6532663316582923,99,100
09/15/2026,14:14:21,774.88,796.0,2.6532663316582923,100,106
09/15/2026,14:14:21,774.88,796.0,2.6532663316582923,101,117
09/15/2026,14:14:21,774.88,796.0,2.6532663316582923,102,99
09/15/2026,14:14:21,774.88,796.0,2.6532663316582923,103,94
09/15/2026,14:14:21,774.88,796.0,2.6532663316582923,104,107
09/15/2026,14:14:21,774.88,796.0,2.6532663316582923,105,113
09/15/2026,14:14:21,774.88,796.0,2.6532663316582923,106,115
09/15/2026,14:14:21,774.88,796.0,2.6532663316582923,107,110
09/15/2026,14:14:21,774.88,796.0,2.6532663316582923,108,94
09/15/2026,14:14:21,774.88,796.0,2.6532663316582923,109,106
09/15/2026,14:14:21,774.88,796.0,2.6532663316582923,110,103
09/15/2026,14:14:21,774.88,796.0,2.6532663316582923,111,118
09/15/2026,14:14:21,774.88,796.0,2.6532663316582923,112,113
09/15/2026,14:14:21,774.88,796.0,2.6532663316582923,113,96
09/15/2026,14:14:21,774.88,796.0,2.6532663316582923,114,104
09/15/2026,14:14:21,774.88,796.0,2.6532663316582923,115,80
09/15/2026,14:14:21,774.88,796.0,2.6532663316582923,116,107
09/15/2026,14:14:21,774.88,796.0,2.6532663316582923,117,107
09/15/2026,14:14:21,774.88,796.0,2.6532663316582923,118,115
09/15/2026,14:14:21,774.88,796.0,2.6532663316582923,119,109
09/15/2026,14:14:21,774.88,796.0,2.6532663316582923,120,118
09/15/2026,14:14:21,774.88,796.0,2.6532663316582923,121,120
09/15/2026,14:14:21,774.88,796.0,2.6532663316582923,122,115
09/15/2026,14:14:21,774.88,796.0,2.6532663316582923,123,95
09/15/2026,14:14:21,774.88,796.0,2.6532663316582923,124,107
09/15/2026,14:14:21,774.88,796.0,2.6532663316582923,125,96
09/15/2026,14:14:21,774.88,796.0,2.6532663316582923,126,99
09/15/2026,14:14:21,774.88,796.0,2.6532663316582923,127,97
09/15/2026,14:14:21,774.88,796.0,2.6532663316582923,128,96
09/15/2026,14:14:21,774.88,796.0,2.6532663316582923,129,120
09/15/2026,14:14:21,774.88,796.0,2.6532663316582923,130,116
09/15/2026,14:14:21,774.88,796.0,2.6532663316582923,131,112
09/15/2026,14:14:21,774.88,796.0,2.6532663316582923,132,113
09/15/2026,14:14:21,774.88,796.0,2.6532663316582923,133,116
09/15/2026,14:14:21,774.88,796.0,2.6532663316582923,134,116
09/15/2026,14:14:21,774.88,796.0,2.6532663316582923,135,112
09/15/2026,14:14:21,774.88,796.0,2.6532663316582923,136,114
09/15/2026,14:14:21,774.88,796.0,2.6532663316582923,137,110
09/15/2026,14:14:21,774.88,796.0,2.6532663316582923,138,120
09/15/2026,14:14:21,774.88,796.0,2.6532663316582923,139,125
09/15/2026,14:14:21,774.88,796.0,2.6532663316582923,140,95
09/15/2026,14:14:21,774.88,796.0,2.6532663316582923,141,124
09/15/2026,14:14:21,774.88,796.0,2.6532663316582923,142,101
09/15/2026,14:14:21,774.88,796.0,2.6532663316582923,143,125
09/15/2026,14:14:21,774.88,796.0,2.6532663316582923,144,107
09/15/2026,14:14:21,774.88,796.0,2.6532663316582923,145,100
09/15/2026,14:14:21,774.88,796.0,2.6532663316582923,146,127
09/15/2026,14:14:21,774.88,796.0,2.6532663316582923,147,131
09/15/2026,14:14:21,774.88,796.0,2.6532663316582923,148,107
09/15/2026,14:14:21,774.88,796.0,2.6532663316582923,149,120
09/15/2026,14:14:21,774.88,796.0,2.6532663316582923,150,114
09/15/2026,14:14:21,774.88,796.0,2.6532663316582923,151,105
09/15/2026,14:14:21,774.88,796.0,2.6532663316582923,152,103
09/15/2026,14:14:21,774.88,796.0,2.6532663316582923,153,100
09/15/2026,14:14:21,774.88,796.0,2.6532663316582923,154,114
09/15/2026,14:14:21,774.88,796.0,2.6532663316582923,155,106
09/15/2026,14:14:21,774.88,796.0,2.6532663316582923,156,109
09/15/2026,14:14:21,774.88,796.0,2.6532663316582923,157,96
09/15/2026,14:14:21,774.88,796.0,2.6532663316582923,158,112
09/15/2026,14:14:21,774.88,796.0,2.6532663316582923,159,115
09/15/2026,14:14:21,774.88,796.0,2.6532663316582923,160,115
09/15/2026,14:14:21,774.88,796.0,2.6532663316582923,161,112
09/15/2026,14:14:21,774.88,796.0,2.6532663316582923,162,137
09/15/2026,14:14:21,774.88,796.0,2.6532663316582923,163,125
09/15/2026,14:14:21,774.88,796.0,2.6532663316582923,164,109
09/15/2026,14:14:21,774.88,796.0,2.6532663316582923,165,95
09/15/2026,14:14:21,774.88,796.0,2.6532663316582923,166,119
09/15/2026,14:14:21,774.88,796.0,2.6532663316582923,167,121
09/15/2026,14:14:21,774.88,796.0,2.6532663316582923,168,115
09/15/2026,14:14:21,774.88,796.0,2.6532663316582923,169,135
09/15/2026,14:14:21,774.88,796.0,2.6532663316582923,170,118
09/15/2026,14:14:21,774.88,796.0,2.6532663316582923,171,104
09/15/2026,14:14:21,774.88,796.0,2.6532663316582923,172,110
09/15/2026,14:14:21,774.88,796.0,2.6532663316582923,173,108
09/15/2026,14:14:21,774.88,796.0,2.6532663316582923,174,102
09/15/2026,14:14:21,774.88,796.0,2.6532663316582923,175,124
09/15/2026,14:14:21,774.88,796.0,2.6532663316582923,176,138
09/15/2026,14:14:21,774.88,796.0,2.6532663316582923,177,115
09/15/2026,14:14:21,774.88,796.0,2.6532663316582923,178,105
09/15/2026,14:14:21,774.88,796.0,2.6532663316582923,179,97
09/15/2026,14:14:21,774.88,796.0,2.6532663316582923,180,128
09/15/2026,14:14:21,774.88,796.0,2.6532663316582923,181,108
09/15/2026,14:14:21,774.88,796.0,2.6532663316582923,182,128
09/15/2026,14:14:21,774.88,796.0,2.6532663316582923,183,132
09/15/2026,14:14:21,774.88,796.0,2.6532663316582923,184,114
09/15/2026,14:14:21,774.88,796.0,2.6532663316582923,185,111
09/15/2026,14:14:21,774.88,796.0,2.6532663316582923,186,124
09/15/2026,14:14:21,774.88,796.0,2.6532663316582923,187,134
09/15/2026,14:14:21,774.88,796.0,2.6532663316582923,188,125
09/15/2026,14:14:21,774.88,796.0,2.6532663316582923,189,108
09/15/2026,14:14:21,774.88,796.0,2.6532663316582923,190,127
09/15/2026,14:14:21,774.88,796.0,2.6532663316582923,191,108
09/15/2026,14:14:21,774.88,796.0,2.6532663316582923,192,135
09/15/2026,14:14:21,774.88,796.0,2.6532663316582923,193,127
09/15/2026,14:14:21,774.88,796.0,2.6532663316582923,194,140
09/15/2026,14:14:21,774.88,796.0,2.6532663316582923,195,124
09/15/2026,14:14:21,774.88,796.0,2.6532663316582923,196,121
09/15/2026,14:14:21,774.88,796.0,2.6532663316582923,197,143
09/15/2026,14:14:21,774.88,796.0,2.6532663316582923,198,127
09/15/2026,14:14:21,774.88,796.0,2.6532663316582923,199,127
09/15/2026,14:14:21,774.88,796.0,2.6532663316582923,200,134
09/15/2026,14:14:21,774.88,796.0,2.6532663316582923,201,130
09/15/2026,14:14:21,774.88,796.0,2.6532663316582923,202,147
09/15/2026,14:14:21,774.88,796.0,2.6532663316582923,203,94
09/15/2026,14:14:21,774.88,796.0,2.6532663316582923,204,105
09/15/2026,14:14:21,774.88,796.0,2.6532663316582923,205,125
09/15/2026,14:14:21,774.88,796.0,2.6532663316582923,206,118
09/15/2026,14:14:21,774.88,796.0,2.6532663316582923,207,124
09/15/2026,14:14:21,774.88,796.0,2.6532663316582923,208,144
09/15/2026,14:14:21,774.88,796.0,2.6532663316582923,209,141
09/15/2026,14:14:21,774.88,796.0,2.6532663316582923,210,135
09/15/2026,14:14:21,774.88,796.0,2.6532663316582923,211,123
09/15/2026,14:14:21,774.88,796.0,2.6532663316582923,212,110
09/15/2026,14:14:21,774.88,796.0,2.6532663316582923,213,127
09/15/2026,14:14:21,774.88,796.0,2.6532663316582923,214,141
09/15/2026,14:14:21,774.88,796.0,2.6532663316582923,215,137
09/15/2026,14:14:21,774.88,796.0,2.6532663316582923,216,142
09/15/2026,14:14:21,774.88,796.0,2.6532663316582923,217,165
09/15/2026,14:14:21,774.88,796.0,2.6532663316582923,218,147
09/15/2026,14:14:21,774.88,796.0,2.6532663316582923,219,134
09/15/2026,14:14:21,774.88,796.0,2.6532663316582923,220,144
09/15/2026,14:14:21,774.88,796.0,2.6532663316582923,221,143
09/15/2026,14:14:21,774.88,796.0,2.6532663316582923,222,134
09/15/2026,14:14:21,774.88,796.0,2.6532663316582923,223,134
09/15/2026,14:14:21,774.88,796.0,2.6532663316582923,224,131
09/15/2026,14:14:21,774.88,796.0,2.6532663316582923,225,145
09/15/2026,14:14:21,774.88,796.0,2.6532663316582923,226,149
09/15/2026,14:14:21,774.88,796.0,2.6532663316582923,227,134
09/15/2026,14:14:21,774.88,796.0,2.6532663316582923,228,129
09/15/2026,14:14:21,774.88,796.0,2.6532663316582923,229,125
09/15/2026,14:14:21,774.88,796.0,2.6532663316582923,230,144
09/15/2026,14:14:21,774.88,796.0,2.6532663316582923,231,134
09/15/2026,14:14:21,774.88,796.0,2.6532663316582923,232,127
09/15/2026,14:14:21,774.88,796.0,2.6532663316582923,233,127
09/15/2026,14:14:21,774.88,796.0,2.6532663316582923,234,123
09/15/2026,14:14:21,774.88,796.0,2.6532663316582923,235,142
09/15/2026,14:14:21,774.88,796.0,2.6532663316582923,236,135
09/15/2026,14:14:21,774.88,796.0,2.6532663316582923,237,140
09/15/2026,14:14:21,774.88,796.0,2.6532663316582923,238,138
09/15/2026,14:14:21,774.88,796.0,2.6532663316582923,239,118
09/15/2026,14:14:21,774.88,796.0,2.6532663316582923,240,128
09/15/2026,14:14:21,774.88,796.0,2.6532663316582923,241,133
09/15/2026,14:14:21,774.88,796.0,2.6532663316582923,242,144
09/15/2026,14:14:21,774.88,796.0,2.6532663316582923,243,117
09/15/2026,14:14:21,774.88,796.0,2.6532663316582923,244,111
09/15/2026,14:14:21,774.88,796.0,2.6532663316582923,245,124
09/15/2026,14:14:21,774.88,796.0,2.6532663316582923,246,126
09/15/2026,14:14:21,774.88,796.0,2.6532663316582923,247,128
09/15/2026,14:14:21,774.88,796.0,2.6532663316582923,248,116
09/15/2026,14:14:21,774.88,796.0,2.6532663316582923,249,136
09/15/2026,14:14:21,774.88,796.0,2.6532663316582923,250,138
09/15/2026,14:14:21,774.88,796.0,2.6532663316582923,251,123
09/15/2026,14:14:21,774.88,796.0,2.6532663316582923,252,151
09/15/2026,14:14:21,774.88,796.0,2.6532663316582923,253,101
09/15/2026,14:14:21,774.88,796.0,2.6532663316582923,254,123
09/15/2026,14:14:21,774.88,796.0,2.6532663316582923,255,128
09/15/2026,14:14:21,774.88,796.0,2.6532663316582923,256,116
09/15/2026,14:14:21,774.88,796.0,2.6532663316582923,257,122
09/15/2026,14:14:21,774.88,796.0,2.6532663316582923,258,125
09/15/2026,14:14:21,774.88,796.0,2.6532663316582923,259,131
09/15/2026,14:14:21,774.88,796.0,2.6532663316582923,260,114
09/15/2026,14:14:21,774.88,796.0,2.6532663316582923,261,138
09/15/2026,14:14:21,774.88,796.0,2.6532663316582923,262,144
09/15/2026,14:14:21,774.88,796.0,2.6532663316582923,263,122
09/15/2026,14:14:21,774.88,796.0,2.6532663316582923,264,128
09/15/2026,14:14:21,774.88,796.0,2.6532663316582923,265,125
09/15/2026,14:14:21,774.88,796.0,2.6532663316582923,266,121
09/15/2026,14:14:21,774.88,796.0,2.6532663316582923,267,119
09/15/2026,14:14:21,774.88,796.0,2.6532663316582923,268,122
09/15/2026,14:14:21,774.88,796.0,2.6532663316582923,269,110
09/15/2026,14:14:21,774.88,796.0,2.6532663316582923,270,108
09/15/2026,14:14:21,774.88,796.0,2.6532663316582923,271,115
09/15/2026,14:14:21,774.88,796.0,2.6532663316582923,272,139
09/15/2026,14:14:21,774.88,796.0,2.6532663316582923,273,118
09/15/2026,14:14:21,774.88,796.0,2.6532663316582923,274,121
09/15/2026,14:14:21,774.88,796.0,2.6532663316582923,275,120
09/15/2026,14:14:21,774.88,796.0,2.6532663316582923,276,125
09/15/2026,14:14:21,774.88,796.0,2.6532663316582923,277,137
09/15/2026,14:14:21,774.88,796.0,2.6532663316582923,278,122
09/15/2026,14:14:21,774.88,796.0,2.6532663316582923,279,99
09/15/2026,14:14:21,774.88,796.0,2.6532663316582923,280,127
09/15/2026,14:14:21,774.88,796.0,2.6532663316582923,281,116
09/15/2026,14:14:21,774.88,796.0,2.6532663316582923,282,118
09/15/2026,14:14:21,774.88,796.0,2.6532663316582923,283,109
09/15/2026,14:14:21,774.88,796.0,2.6532663316582923,284,116
09/15/2026,14:14:21,774.88,796.0,2.6532663316582923,285,116
09/15/2026,14:14:21,774.88,796.0,2.6532663316582923,286,126
09/15/2026,14:14:21,774.88,796.0,2.6532663316582923,287,115
09/15/2026,14:14:21,774.88,796.0,2.6532663316582923,288,161
09/15/2026,14:14:21,774.88,796.0,2.6532663316582923,289,98
09/15/2026,14:14:21,774.88,796.0,2.6532663316582923,290,115
09/15/2026,14:14:21,774.88,796.0,2.6532663316582923,291,141
09/15/2026,14:14:21,774.88,796.0,2.6532663316582923,292,138
09/15/2026,14:14:21,774.88,796.0,2.6532663316582923,293,133
09/15/2026,14:14:21,774.88,796.0,2.6532663316582923,294,115
09/15/2026,14:14:21,774.88,796.0,2.6532663316582923,295,125
09/15/2026,14:14:21,774.88,796.0,2.6532663316582923,296,123
09/15/2026,14:14:21,774.88,796.0,2.6532663316582923,297,128
09/15/2026,14:14:21,774.88,796.0,2.6532663316582923,298,136
09/15/2026,14:14:21,774.88,796.0,2.6532663316582923,299,125
09/15/2026,14:14:21,774.88,796.0,2.6532663316582923,300,148
09/15/2026,14:14:21,774.88,796.0,2.6532663316582923,301,115
09/15/2026,14:14:21,774.88,796.0,2.6532663316582923,302,136
09/15/2026,14:14:21,774.88,796.0,2.6532663316582923,303,131
09/15/2026,14:14:21,774.88,796.0,2.6532663316582923,304,139
09/15/2026,14:14:21,774.88,796.0,2.6532663316582923,305,148
09/15/2026,14:14:21,774.88,796.0,2.6532663316582923,306,123
09/15/2026,14:14:21,774.88,796.0,2.6532663316582923,307,118
09/15/2026,14:14:21,774.88,796.0,2.6532663316582923,308,119
09/15/2026,14:14:21,774.88,796.0,2.6532663316582923,309,153
09/15/2026,14:14:21,774.88,796.0,2.6532663316582923,310,120
09/15/2026,14:14:21,774.88,796.0,2.6532663316582923,311,124
09/15/2026,14:14:21,774.88,796.0,2.6532663316582923,312,128
09/15/2026,14:14:21,774.88,796.0,2.6532663316582923,313,152
09/15/2026,14:14:21,774.88,796.0,2.6532663316582923,314,147
09/15/2026,14:14:21,774.88,796.0,2.6532663316582923,315,136
09/15/2026,14:14:21,774.88,796.0,2.6532663316582923,316,126
09/15/2026,14:14:21,774.88,796.0,2.6532663316582923,317,144
09/15/2026,14:14:21,774.88,796.0,2.6532663316582923,318,105
09/15/2026,14:14:21,774.88,796.0,2.6532663316582923,319,113
09/15/2026,14:14:21,774.88,796.0,2.6532663316582923,320,129
09/15/2026,14:14:21,774.88,796.0,2.6532663316582923,321,126
09/15/2026,14:14:21,774.88,796.0,2.6532663316582923,322,126
09/15/2026,14:14:21,774.88,796.0,2.6532663316582923,323,123
09/15/2026,14:14:21,774.88,796.0,2.6532663316582923,324,137
09/15/2026,14:14:21,774.88,796.0,2.6532663316582923,325,116
09/15/2026,14:14:21,774.88,796.0,2.6532663316582923,326,128
09/15/2026,14:14:21,774.88,796.0,2.6532663316582923,327,121
09/15/2026,14:14:21,774.88,796.0,2.6532663316582923,328,120
09/15/2026,14:14:21,774.88,796.0,2.6532663316582923,329,109
09/15/2026,14:14:21,774.88,796.0,2.6532663316582923,330,133
09/15/2026,14:14:21,774.88,796.0,2.6532663316582923,331,141
09/15/2026,14:14:21,774.88,796.0,2.6532663316582923,332,137
09/15/2026,14:14:21,774.88,796.0,2.6532663316582923,333,129
09/15/2026,14:14:21,774.88,796.0,2.6532663316582923,334,130
09/15/2026,14:14:21,774.88,796.0,2.6532663316582923,335,138
09/15/2026,14:14:21,774.88,796.0,2.6532663316582923,336,117
09/15/2026,14:14:21,774.88,796.0,2.6532663316582923,337,142
09/15/2026,14:14:21,774.88,796.0,2.6532663316582923,338,132
09/15/2026,14:14:21,774.88,796.0,2.6532663316582923,339,160
09/15/2026,14:14:21,774.88,796.0,2.6532663316582923,340,132
09/15/2026,14:14:21,774.88,796.0,2.6532663316582923,341,115
09/15/2026,14:14:21,774.88,796.0,2.6532663316582923,342,120
09/15/2026,14:14:21,774.88,796.0,2.6532663316582923,343,120
09/15/2026,14:14:21,774.88,796.0,2.6532663316582923,344,133
09/15/2026,14:14:21,774.88,796.0,2.6532663316582923,345,132
09/15/2026,14:14:21,774.88,796.0,2.6532663316582923,346,158
09/15/2026,14:14:21,774.88,796.0,2.6532663316582923,347,120
09/15/2026,14:14:21,774.88,796.0,2.6532663316582923,348,113
09/15/2026,14:14:21,774.88,796.0,2.6532663316582923,349,135
09/15/2026,14:14:21,774.88,796.0,2.6532663316582923,350,160
09/15/2026,14:14:21,774.88,796.0,2.6532663316582923,351,148
09/15/2026,14:14:21,774.88,796.0,2.6532663316582923,352,134
09/15/2026,14:14:21,774.88,796.0,2.6532663316582923,353,130
09/15/2026,14:14:21,774.88,796.0,2.6532663316582923,354,164
09/15/2026,14:14:21,774.88,796.0,2.6532663316582923,355,151
09/15/2026,14:14:21,774.88,796.0,2.6532663316582923,356,138
09/15/2026,14:14:21,774.88,796.0,2.6532663316582923,357,130
09/15/2026,14:14:21,774.88,796.0,2.6532663316582923,358,143
09/15/2026,14:14:21,774.88,796.0,2.6532663316582923,359,133
09/15/2026,14:14:21,774.88,796.0,2.6532663316582923,360,140
09/15/2026,14:14:21,774.88,796.0,2.6532663316582923,361,127
09/15/2026,14:14:21,774.88,796.0,2.6532663316582923,362,124
09/15/2026,14:14:21,774.88,796.0,2.6532663316582923,363,118
09/15/2026,14:14:21,774.88,796.0,2.6532663316582923,364,137
09/15/2026,14:14:21,774.88,796.0,2.6532663316582923,365,147
09/15/2026,14:14:21,774.88,796.0,2.6532663316582923,366,128
09/15/2026,14:14:21,774.88,796.0,2.6532663316582923,367,155
09/15/2026,14:14:21,774.88,796.0,2.6532663316582923,368,126
09/15/2026,14:14:21,774.88,796.0,2.6532663316582923,369,150
09/15/2026,14:14:21,774.88,796.0,2.6532663316582923,370,148
09/15/2026,14:14:21,774.88,796.0,2.6532663316582923,371,146
09/15/2026,14:14:21,774.88,796.0,2.6532663316582923,372,146
09/15/2026,14:14:21,774.88,796.0,2.6532663316582923,373,126
09/15/2026,14:14:21,774.88,796.0,2.6532663316582923,374,151
09/15/2026,14:14:21,774.88,796.0,2.6532663316582923,375,135
09/15/2026,14:14:21,774.88,796.0,2.6532663316582923,376,144
09/15/2026,14:14:21,774.88,796.0,2.6532663316582923,377,137
09/15/2026,14:14:21,774.88,796.0,2.6532663316582923,378,131
09/15/2026,14:14:21,774.88,796.0,2.6532663316582923,379,152
09/15/2026,14:14:21,774.88,796.0,2.6532663316582923,380,147
09/15/2026,14:14:21,774.88,796.0,2.6532663316582923,381,137
09/15/2026,14:14:21,774.88,796.0,2.6532663316582923,382,131
09/15/2026,14:14:21,774.88,796.0,2.6532663316582923,383,150
09/15/2026,14:14:21,774.88,796.0,2.6532663316582923,384,130
09/15/2026,14:14:21,774.88,796.0,2.6532663316582923,385,186
09/15/2026,14:14:21,774.88,796.0,2.6532663316582923,386,133
09/15/2026,14:14:21,774.88,796.0,2.6532663316582923,387,174
09/15/2026,14:14:21,774.88,796.0,2.6532663316582923,388,147
09/15/2026,14:14:21,774.88,796.0,2.6532663316582923,389,148
09/15/2026,14:14:21,774.88,796.0,2.6532663316582923,390,177
09/15/2026,14:14:21,774.88,796.0,2.6532663316582923,391,157
09/15/2026,14:14:21,774.88,796.0,2.6532663316582923,392,151
09/15/2026,14:14:21,774.88,796.0,2.6532663316582923,393,152
09/15/2026,14:14:21,774.88,796.0,2.6532663316582923,394,145
09/15/2026,14:14:21,774.88,796.0,2.6532663316582923,395,161
09/15/2026,14:14:21,774.88,796.0,2.6532663316582923,396,134
09/15/2026,14:14:21,774.88,796.0,2.6532663316582923,397,167
09/15/2026,14:14:21,774.88,796.0,2.6532663316582923,398,146
09/15/2026,14:14:21,774.88,796.0,2.6532663316582923,399,153
09/15/2026,14:14:21,774.88,796.0,2.6532663316582923,400,170
09/15/2026,14:14:21,774.88,796.0,2.6532663316582923,401,150
09/15/2026,14:14:21,774.88,796.0,2.6532663316582923,402,149
09/15/2026,14:14:21,774.88,796.0,2.6532663316582923,403,165
09/15/2026,14:14:21,774.88,796.0,2.6532663316582923,404,182
09/15/2026,14:14:21,774.88,796.0,2.6532663316582923,405,167
09/15/2026,14:14:21,774.88,796.0,2.6532663316582923,406,165
09/15/2026,14:14:21,774.88,796.0,2.6532663316582923,407,137
09/15/2026,14:14:21,774.88,796.0,2.6532663316582923,408,141
09/15/2026,14:14:21,774.88,796.0,2.6532663316582923,409,162
09/15/2026,14:14:21,774.88,796.0,2.6532663316582923,410,170
09/15/2026,14:14:21,774.88,796.0,2.6532663316582923,411,151
09/15/2026,14:14:21,774.88,796.0,2.6532663316582923,412,158
09/15/2026,14:14:21,774.88,796.0,2.6532663316582923,413,174
09/15/2026,14:14:21,774.88,796.0,2.6532663316582923,414,180
09/15/2026,14:14:21,774.88,796.0,2.6532663316582923,415,179
09/15/2026,14:14:21,774.88,796.0,2.6532663316582923,416,142
09/15/2026,14:14:21,774.88,796.0,2.6532663316582923,417,161
09/15/2026,14:14:21,774.88,796.0,2.6532663316582923,418,152
09/15/2026,14:14:21,774.88,796.0,2.6532663316582923,419,163
09/15/2026,14:14:21,774.88,796.0,2.6532663316582923,420,186
09/15/2026,14:14:21,774.88,796.0,2.6532663316582923,421,170
09/15/2026,14:14:21,774.88,796.0,2.6532663316582923,422,172
09/15/2026,14:14:21,774.88,796.0,2.6532663316582923,423,164
09/15/2026,14:14:21,774.88,796.0,2.6532663316582923,424,170
09/15/2026,14:14:21,774.88,796.0,2.6532663316582923,425,142
09/15/2026,14:14:21,774.88,796.0,2.6532663316582923,426,185
09/15/2026,14:14:21,774.88,796.0,2.6532663316582923,427,154
09/15/2026,14:14:21,774.88,796.0,2.6532663316582923,428,194
09/15/2026,14:14:21,774.88,796.0,2.6532663316582923,429,154
09/15/2026,14:14:21,774.88,796.0,2.6532663316582923,430,194
09/15/2026,14:14:21,774.88,796.0,2.6532663316582923,431,190
09/15/2026,14:14:21,774.88,796.0,2.6532663316582923,432,193
09/15/2026,14:14:21,774.88,796.0,2.6532663316582923,433,172
09/15/2026,14:14:21,774.88,796.0,2.6532663316582923,434,185
09/15/2026,14:14:21,774.88,796.0,2.6532663316582923,435,168
09/15/2026,14:14:21,774.88,796.0,2.6532663316582923,436,178
09/15/2026,14:14:21,774.88,796.0,2.6532663316582923,437,203
09/15/2026,14:14:21,774.88,796.0,2.6532663316582923,438,194
09/15/2026,14:14:21,774.88,796.0,2.6532663316582923,439,166
09/15/2026,14:14:21,774.88,796.0,2.6532663316582923,440,165
09/15/2026,14:14:21,774.88,796.0,2.6532663316582923,441,191
09/15/2026,14:14:21,774.88,796.0,2.6532663316582923,442,205
09/15/2026,14:14:21,774.88,796.0,2.6532663316582923,443,194
09/15/2026,14:14:21,774.88,796.0,2.6532663316582923,444,176
09/15/2026,14:14:21,774.88,796.0,2.6532663316582923,445,162
09/15/2026,14:14:21,774.88,796.0,2.6532663316582923,446,177
09/15/2026,14:14:21,774.88,796.0,2.6532663316582923,447,181
09/15/2026,14:14:21,774.88,796.0,2.6532663316582923,448,188
09/15/2026,14:14:21,774.88,796.0,2.6532663316582923,449,167
09/15/2026,14:14:21,774.88,796.0,2.6532663316582923,450,203
09/15/2026,14:14:21,774.88,796.0,2.6532663316582923,451,176
09/15/2026,14:14:21,774.88,796.0,2.6532663316582923,452,186
09/15/2026,14:14:21,774.88,796.0,2.6532663316582923,453,190
09/15/2026,14:14:21,774.88,796.0,2.6532663316582923,454,187
09/15/2026,14:14:21,774.88,796.0,2.6532663316582923,455,201
09/15/2026,14:14:21,774.88,796.0,2.6532663316582923,456,165
09/15/2026,14:14:21,774.88,796.0,2.6532663316582923,457,160
09/15/2026,14:14:21,774.88,796.0,2.6532663316582923,458,167
09/15/2026,14:14:21,774.88,796.0,2.6532663316582923,459,180
09/15/2026,14:14:21,774.88,796.0,2.6532663316582923,460,158
09/15/2026,14:14:21,774.88,796.0,2.6532663316582923,461,191
09/15/2026,14:14:21,774.88,796.0,2.6532663316582923,462,195
09/15/2026,14:14:21,774.88,796.0,2.6532663316582923,463,173
09/15/2026,14:14:21,774.88,796.0,2.6532663316582923,464,179
09/15/2026,14:14:21,774.88,796.0,2.6532663316582923,465,203
09/15/2026,14:14:21,774.88,796.0,2.6532663316582923,466,191
09/15/2026,14:14:21,774.88,796.0,2.6532663316582923,467,201
09/15/2026,14:14:21,774.88,796.0,2.6532663316582923,468,180
09/15/2026,14:14:21,774.88,796.0,2.6532663316582923,469,185
09/15/2026,14:14:21,774.88,796.0,2.6532663316582923,470,192
09/15/2026,14:14:21,774.88,796.0,2.6532663316582923,471,220
09/15/2026,14:14:21,774.88,796.0,2.6532663316582923,472,187
09/15/2026,14:14:21,774.88,796.0,2.6532663316582923,473,198
09/15/2026,14:14:21,774.88,796.0,2.6532663316582923,474,214
09/15/2026,14:14:21,774.88,796.0,2.6532663316582923,475,188
09/15/2026,14:14:21,774.88,796.0,2.6532663316582923,476,209
09/15/2026,14:14:21,774.88,796.0,2.6532663316582923,477,204
09/15/2026,14:14:21,774.88,796.0,2.6532663316582923,478,205
09/15/2026,14:14:21,774.88,796.0,2.6532663316582923,479,178
09/15/2026,14:14:21,774.88,796.0,2.6532663316582923,480,204
09/15/2026,14:14:21,774.88,796.0,2.6532663316582923,481,221
09/15/2026,14:14:21,774.88,796.0,2.6532663316582923,482,188
09/15/2026,14:14:21,774.88,796.0,2.6532663316582923,483,202
09/15/2026,14:14:21,774.88,796.0,2.6532663316582923,484,227
09/15/2026,14:14:21,774.88,796.0,2.6532663316582923,485,190
09/15/2026,14:14:21,774.88,796.0,2.6532663316582923,486,200
09/15/2026,14:14:21,774.88,796.0,2.6532663316582923,487,204
09/15/2026,14:14:21,774.88,796.0,2.6532663316582923,488,220
09/15/2026,14:14:21,774.88,796.0,2.6532663316582923,489,202
09/15/2026,14:14:21,774.88,796.0,2.6532663316582923,490,220
09/15/2026,14:14:21,774.88,796.0,2.6532663316582923,491,206
09/15/2026,14:14:21,774.88,796.0,2.6532663316582923,492,221
09/15/2026,14:14:21,774.88,796.0,2.6532663316582923,493,213
09/15/2026,14:14:21,774.88,796.0,2.6532663316582923,494,217
09/15/2026,14:14:21,774.88,796.0,2.6532663316582923,495,213
09/15/2026,14:14:21,774.88,796.0,2.6532663316582923,496,233
09/15/2026,14:14:21,774.88,796.0,2.6532663316582923,497,233
09/15/2026,14:14:21,774.88,796.0,2.6532663316582923,498,212
09/15/2026,14:14:21,774.88,796.0,2.6532663316582923,499,236
09/15/2026,14:14:21,774.88,796.0,2.6532663316582923,500,192
09/15/2026,14:14:21,774.88,796.0,2.6532663316582923,501,197
09/15/2026,14:14:21,774.88,796.0,2.6532663316582923,502,224
09/15/2026,14:14:21,774.88,796.0,2.6532663316582923,503,215
09/15/2026,14:14:21,774.88,796.0,2.6532663316582923,504,235
09/15/2026,14:14:21,774.88,796.0,2.6532663316582923,505,244
09/15/2026,14:14:21,774.88,796.0,2.6532663316582923,506,259
09/15/2026,14:14:21,774.88,796.0,2.6532663316582923,507,228
09/15/2026,14:14:21,774.88,796.0,2.6532663316582923,508,234
09/15/2026,14:14:21,774.88,796.0,2.6532663316582923,509,243
09/15/2026,14:14:21,774.88,796.0,2.6532663316582923,510,245
09/15/2026,14:14:21,774.88,796.0,2.6532663316582923,511,239
09/15/2026,14:14:21,774.88,796.0,2.6532663316582923,512,265
09/15/2026,14:14:21,774.88,796.0,2.6532663316582923,513,270
09/15/2026,14:14:21,774.88,796.0,2.6532663316582923,514,239
09/15/2026,14:14:21,774.88,796.0,2.6532663316582923,515,230
09/15/2026,14:14:21,774.88,796.0,2.6532663316582923,516,227
09/15/2026,14:14:21,774.88,796.0,2.6532663316582923,517,238
09/15/2026,14:14:21,774.88,796.0,2.6532663316582923,518,233
09/15/2026,14:14:21,774.88,796.0,2.6532663316582923,519,260
09/15/2026,14:14:21,774.88,796.0,2.6532663316582923,520,235
09/15/2026,14:14:21,774.88,796.0,2.6532663316582923,521,240
09/15/2026,14:14:21,774.88,796.0,2.6532663316582923,522,223
09/15/2026,14:14:21,774.88,796.0,2.6532663316582923,523,255
09/15/2026,14:14:21,774.88,796.0,2.6532663316582923,524,230
09/15/2026,14:14:21,774.88,796.0,2.6532663316582923,525,248
09/15/2026,14:14:21,774.88,796.0,2.6532663316582923,526,229
09/15/2026,14:14:21,774.88,796.0,2.6532663316582923,527,260
09/15/2026,14:14:21,774.88,796.0,2.6532663316582923,528,273
09/15/2026,14:14:21,774.88,796.0,2.6532663316582923,529,252
09/15/2026,14:14:21,774.88,796.0,2.6532663316582923,530,248
09/15/2026,14:14:21,774.88,796.0,2.6532663316582923,531,240
09/15/2026,14:14:21,774.88,796.0,2.6532663316582923,532,229
09/15/2026,14:14:21,774.88,796.0,2.6532663316582923,533,265
09/15/2026,14:14:21,774.88,796.0,2.6532663316582923,534,261
09/15/2026,14:14:21,774.88,796.0,2.6532663316582923,535,225
09/15/2026,14:14:21,774.88,796.0,2.6532663316582923,536,259
09/15/2026,14:14:21,774.88,796.0,2.6532663316582923,537,226
09/15/2026,14:14:21,774.88,796.0,2.6532663316582923,538,239
09/15/2026,14:14:21,774.88,796.0,2.6532663316582923,539,257
09/15/2026,14:14:21,774.88,796.0,2.6532663316582923,540,274
09/15/2026,14:14:21,774.88,796.0,2.6532663316582923,541,265
09/15/2026,14:14:21,774.88,796.0,2.6532663316582923,542,264
09/15/2026,14:14:21,774.88,796.0,2.6532663316582923,543,271
09/15/2026,14:14:21,774.88,796.0,2.6532663316582923,544,230
09/15/2026,14:14:21,774.88,796.0,2.6532663316582923,545,274
09/15/2026,14:14:21,774.88,796.0,2.6532663316582923,546,256
09/15/2026,14:14:21,774.88,796.0,2.6532663316582923,547,271
09/15/2026,14:14:21,774.88,796.0,2.6532663316582923,548,262
09/15/2026,14:14:21,774.88,796.0,2.6532663316582923,549,263
09/15/2026,14:14:21,774.88,796.0,2.6532663316582923,550,261
09/15/2026,14:14:21,774.88,796.0,2.6532663316582923,551,273
09/15/2026,14:14:21,774.88,796.0,2.6532663316582923,552,256
09/15/2026,14:14:21,774.88,796.0,2.6532663316582923,553,252
09/15/2026,14:14:21,774.88,796.0,2.6532663316582923,554,276
09/15/2026,14:14:21,774.88,796.0,2.6532663316582923,555,250
09/15/2026,14:14:21,774.88,796.0,2.6532663316582923,556,269
09/15/2026,14:14:21,774.88,796.0,2.6532663316582923,557,273
09/15/2026,14:14:21,774.88,796.0,2.6532663316582923,558,277
09/15/2026,14:14:21,774.88,796.0,2.6532663316582923,559,271
09/15/2026,14:14:21,774.88,796.0,2.6532663316582923,560,278
09/15/2026,14:14:21,774.88,796.0,2.6532663316582923,561,273
09/15/2026,14:14:21,774.88,796.0,2.6532663316582923,562,261
09/15/2026,14:14:21,774.88,796.0,2.6532663316582923,563,260
09/15/2026,14:14:21,774.88,796.0,2.6532663316582923,564,266
09/15/2026,14:14:21,774.88,796.0,2.6532663316582923,565,266
09/15/2026,14:14:21,774.88,796.0,2.6532663316582923,566,257
09/15/2026,14:14:21,774.88,796.0,2.6532663316582923,567,260
09/15/2026,14:14:21,774.88,796.0,2.6532663316582923,568,276
09/15/2026,14:14:21,774.88,796.0,2.6532663316582923,569,299
09/15/2026,14:14:21,774.88,796.0,2.6532663316582923,570,254
09/15/2026,14:14:21,774.88,796.0,2.6532663316582923,571,313
09/15/2026,14:14:21,774.88,796.0,2.6532663316582923,572,309
09/15/2026,14:14:21,774.88,796.0,2.6532663316582923,573,266
09/15/2026,14:14:21,774.88,796.0,2.6532663316582923,574,259
09/15/2026,14:14:21,774.88,796.0,2.6532663316582923,575,306
09/15/2026,14:14:21,774.88,796.0,2.6532663316582923,576,313
09/15/2026,14:14:21,774.88,796.0,2.6532663316582923,577,269
09/15/2026,14:14:21,774.88,796.0,2.6532663316582923,578,291
09/15/2026,14:14:21,774.88,796.0,2.6532663316582923,579,296
09/15/2026,14:14:21,774.88,796.0,2.6532663316582923,580,243
09/15/2026,14:14:21,774.88,796.0,2.6532663316582923,581,290
09/15/2026,14:14:21,774.88,796.0,2.6532663316582923,582,291
09/15/2026,14:14:21,774.88,796.0,2.6532663316582923,583,287
09/15/2026,14:14:21,774.88,796.0,2.6532663316582923,584,266
09/15/2026,14:14:21,774.88,796.0,2.6532663316582923,585,289
09/15/2026,14:14:21,774.88,796.0,2.6532663316582923,586,302
09/15/2026,14:14:21,774.88,796.0,2.6532663316582923,587,284
09/15/2026,14:14:21,774.88,796.0,2.6532663316582923,588,325
09/15/2026,14:14:21,774.88,796.0,2.6532663316582923,589,259
09/15/2026,14:14:21,774.88,796.0,2.6532663316582923,590,301
09/15/2026,14:14:21,774.88,796.0,2.6532663316582923,591,326
09/15/2026,14:14:21,774.88,796.0,2.6532663316582923,592,279
09/15/2026,14:14:21,774.88,796.0,2.6532663316582923,593,302
09/15/2026,14:14:21,774.88,796.0,2.6532663316582923,594,303
09/15/2026,14:14:21,774.88,796.0,2.6532663316582923,595,279
09/15/2026,14:14:21,774.88,796.0,2.6532663316582923,596,291
09/15/2026,14:14:21,774.88,796.0,2.6532663316582923,597,296
09/15/2026,14:14:21,774.88,796.0,2.6532663316582923,598,302
09/15/2026,14:14:21,774.88,796.0,2.6532663316582923,599,279
09/15/2026,14:14:21,774.88,796.0,2.6532663316582923,600,313
09/15/2026,14:14:21,774.88,796.0,2.6532663316582923,601,267
09/15/2026,14:14:21,774.88,796.0,2.6532663316582923,602,317
09/15/2026,14:14:21,774.88,796.0,2.6532663316582923,603,302
09/15/2026,14:14:21,774.88,796.0,2.6532663316582923,604,274
09/15/2026,14:14:21,774.88,796.0,2.6532663316582923,605,328
09/15/2026,14:14:21,774.88,796.0,2.6532663316582923,606,323
09/15/2026,14:14:21,774.88,796.0,2.6532663316582923,607,289
09/15/2026,14:14:21,774.88,796.0,2.6532663316582923,608,319
09/15/2026,14:14:21,774.88,796.0,2.6532663316582923,609,329
09/15/2026,14:14:21,774.88,796.0,2.6532663316582923,610,326
09/15/2026,14:14:21,774.88,796.0,2.6532663316582923,611,294
09/15/2026,14:14:21,774.88,796.0,2.6532663316582923,612,297
09/15/2026,14:14:21,774.88,796.0,2.6532663316582923,613,306
09/15/2026,14:14:21,774.88,796.0,2.6532663316582923,614,304
09/15/2026,14:14:21,774.88,796.0,2.6532663316582923,615,325
09/15/2026,14:14:21,774.88,796.0,2.6532663316582923,616,325
09/15/2026,14:14:21,774.88,796.0,2.6532663316582923,617,323
09/15/2026,14:14:21,774.88,796.0,2.6532663316582923,618,319
09/15/2026,14:14:21,774.88,796.0,2.6532663316582923,619,310
09/15/2026,14:14:21,774.88,796.0,2.6532663316582923,620,333
09/15/2026,14:14:21,774.88,796.0,2.6532663316582923,621,344
09/15/2026,14:14:21,774.88,796.0,2.6532663316582923,622,300
09/15/2026,14:14:21,774.88,796.0,2.6532663316582923,623,326
09/15/2026,14:14:21,774.88,796.0,2.6532663316582923,624,338
09/15/2026,14:14:21,774.88,796.0,2.6532663316582923,625,331
09/15/2026,14:14:21,774.88,796.0,2.6532663316582923,626,315
09/15/2026,14:14:21,774.88,796.0,2.6532663316582923,627,294
09/15/2026,14:14:21,774.88,796.0,2.6532663316582923,628,329
09/15/2026,14:14:21,774.88,796.0,2.6532663316582923,629,333
09/15/2026,14:14:21,774.88,796.0,2.6532663316582923,630,298
09/15/2026,14:14:21,774.88,796.0,2.6532663316582923,631,309
09/15/2026,14:14:21,774.88,796.0,2.6532663316582923,632,309
09/15/2026,14:14:21,774.88,796.0,2.6532663316582923,633,328
09/15/2026,14:14:21,774.88,796.0,2.6532663316582923,634,327
09/15/2026,14:14:21,774.88,796.0,2.6532663316582923,635,312
09/15/2026,14:14:21,774.88,796.0,2.6532663316582923,636,330
09/15/2026,14:14:21,774.88,796.0,2.6532663316582923,637,344
09/15/2026,14:14:21,774.88,796.0,2.6532663316582923,638,337
09/15/2026,14:14:21,774.88,796.0,2.6532663316582923,639,306
09/15/2026,14:14:21,774.88,796.0,2.6532663316582923,640,328
09/15/2026,14:14:21,774.88,796.0,2.6532663316582923,641,348
09/15/2026,14:14:21,774.88,796.0,2.6532663316582923,642,336
09/15/2026,14:14:21,774.88,796.0,2.6532663316582923,643,356
09/15/2026,14:14:21,774.88,796.0,2.6532663316582923,644,339
09/15/2026,14:14:21,774.88,796.0,2.6532663316582923,645,326
09/15/2026,14:14:21,774.88,796.0,2.6532663316582923,646,344
09/15/2026,14:14:21,774.88,796.0,2.6532663316582923,647,367
09/15/2026,14:14:21,774.88,796.0,2.6532663316582923,648,345
09/15/2026,14:14:21,774.88,796.0,2.6532663316582923,649,313
09/15/2026,14:14:21,774.88,796.0,2.6532663316582923,650,313
09/15/2026,14:14:21,774.88,796.0,2.6532663316582923,651,341
09/15/2026,14:14:21,774.88,796.0,2.6532663316582923,652,319
09/15/2026,14:14:21,774.88,796.0,2.6532663316582923,653,315
09/15/2026,14:14:21,774.88,796.0,2.6532663316582923,654,325
09/15/2026,14:14:21,774.88,796.0,2.6532663316582923,655,355
09/15/2026,14:14:21,774.88,796.0,2.6532663316582923,656,333
09/15/2026,14:14:21,774.88,796.0,2.6532663316582923,657,326
09/15/2026,14:14:21,774.88,796.0,2.6532663316582923,658,355
09/15/2026,14:14:21,774.88,796.0,2.6532663316582923,659,339
09/15/2026,14:14:21,774.88,796.0,2.6532663316582923,660,343
09/15/2026,14:14:21,774.88,796.0,2.6532663316582923,661,335
09/15/2026,14:14:21,774.88,796.0,2.6532663316582923,662,360
09/15/2026,14:14:21,774.88,796.0,2.6532663316582923,663,347
09/15/2026,14:14:21,774.88,796.0,2.6532663316582923,664,346
09/15/2026,14:14:21,774.88,796.0,2.6532663316582923,665,310
09/15/2026,14:14:21,774.88,796.0,2.6532663316582923,666,301
09/15/2026,14:14:21,774.88,796.0,2.6532663316582923,667,331
09/15/2026,14:14:21,774.88,796.0,2.6532663316582923,668,336
09/15/2026,14:14:21,774.88,796.0,2.6532663316582923,669,330
09/15/2026,14:14:21,774.88,796.0,2.6532663316582923,670,350
09/15/2026,14:14:21,774.88,796.0,2.6532663316582923,671,353
09/15/2026,14:14:21,774.88,796.0,2.6532663316582923,672,343
09/15/2026,14:14:21,774.88,796.0,2.6532663316582923,673,319
09/15/2026,14:14:21,774.88,796.0,2.6532663316582923,674,337
09/15/2026,14:14:21,774.88,796.0,2.6532663316582923,675,369
09/15/2026,14:14:21,774.88,796.0,2.6532663316582923,676,352
09/15/2026,14:14:21,774.88,796.0,2.6532663316582923,677,358
09/15/2026,14:14:21,774.88,796.0,2.6532663316582923,678,334
09/15/2026,14:14:21,774.88,796.0,2.6532663316582923,679,328
09/15/2026,14:14:21,774.88,796.0,2.6532663316582923,680,360
09/15/2026,14:14:21,774.88,796.0,2.6532663316582923,681,363
09/15/2026,14:14:21,774.88,796.0,2.6532663316582923,682,339
09/15/2026,14:14:21,774.88,796.0,2.6532663316582923,683,360
09/15/2026,14:14:21,774.88,796.0,2.6532663316582923,684,335
09/15/2026,14:14:21,774.88,796.0,2.6532663316582923,685,332
09/15/2026,14:14:21,774.88,796.0,2.6532663316582923,686,340
09/15/2026,14:14:21,774.88,796.0,2.6532663316582923,687,340
09/15/2026,14:14:21,774.88,796.0,2.6532663316582923,688,347
09/15/2026,14:14:21,774.88,796.0,2.6532663316582923,689,347
09/15/2026,14:14:21,774.88,796.0,2.6532663316582923,690,335
09/15/2026,14:14:21,774.88,796.0,2.6532663316582923,691,355
09/15/2026,14:14:21,774.88,796.0,2.6532663316582923,692,353
09/15/2026,14:14:21,774.88,796.0,2.6532663316582923,693,376
09/15/2026,14:14:21,774.88,796.0,2.6532663316582923,694,330
09/15/2026,14:14:21,774.88,796.0,2.6532663316582923,695,337
09/15/2026,14:14:21,774.88,796.0,2.6532663316582923,696,335
09/15/2026,14:14:21,774.88,796.0,2.6532663316582923,697,356
09/15/2026,14:14:21,774.88,796.0,2.6532663316582923,698,366
09/15/2026,14:14:21,774.88,796.0,2.6532663316582923,699,332
09/15/2026,14:14:21,774.88,796.0,2.6532663316582923,700,371
09/15/2026,14:14:21,774.88,796.0,2.6532663316582923,701,321
09/15/2026,14:14:21,774.88,796.0,2.6532663316582923,702,398
09/15/2026,14:14:21,774.88,796.0,2.6532663316582923,703,378
09/15/2026,14:14:21,774.88,796.0,2.6532663316582923,704,375
09/15/2026,14:14:21,774.88,796.0,2.6532663316582923,705,358
09/15/2026,14:14:21,774.88,796.0,2.6532663316582923,706,351
09/15/2026,14:14:21,774.88,796.0,2.6532663316582923,707,336
09/15/2026,14:14:21,774.88,796.0,2.6532663316582923,708,374
09/15/2026,14:14:21,774.88,796.0,2.6532663316582923,709,312
09/15/2026,14:14:21,774.88,796.0,2.6532663316582923,710,348
09/15/2026,14:14:21,774.88,796.0,2.6532663316582923,711,356
09/15/2026,14:14:21,774.88,796.0,2.6532663316582923,712,363
09/15/2026,14:14:21,774.88,796.0,2.6532663316582923,713,390
09/15/2026,14:14:21,774.88,796.0,2.6532663316582923,714,373
09/15/2026,14:14:21,774.88,796.0,2.6532663316582923,715,384
09/15/2026,14:14:21,774.88,796.0,2.6532663316582923,716,367
09/15/2026,14:14:21,774.88,796.0,2.6532663316582923,717,388
09/15/2026,14:14:21,774.88,796.0,2.6532663316582923,718,406
09/15/2026,14:14:21,774.88,796.0,2.6532663316582923,719,352
09/15/2026,14:14:21,774.88,796.0,2.6532663316582923,720,336
09/15/2026,14:14:21,774.88,796.0,2.6532663316582923,721,353
09/15/2026,14:14:21,774.88,796.0,2.6532663316582923,722,342
09/15/2026,14:14:21,774.88,796.0,2.6532663316582923,723,346
09/15/2026,14:14:21,774.88,796.0,2.6532663316582923,724,401
09/15/2026,14:14:21,774.88,796.0,2.6532663316582923,725,360
09/15/2026,14:14:21,774.88,796.0,2.6532663316582923,726,345
09/15/2026,14:14:21,774.88,796.0,2.6532663316582923,727,360
09/15/2026,14:14:21,774.88,796.0,2.6532663316582923,728,347
09/15/2026,14:14:21,774.88,796.0,2.6532663316582923,729,400
09/15/2026,14:14:21,774.88,796.0,2.6532663316582923,730,375
09/15/2026,14:14:21,774.88,796.0,2.6532663316582923,731,412
09/15/2026,14:14:21,774.88,796.0,2.6532663316582923,732,375
09/15/2026,14:14:21,774.88,796.0,2.6532663316582923,733,375
09/15/2026,14:14:21,774.88,796.0,2.6532663316582923,734,396
09/15/2026,14:14:21,774.88,796.0,2.6532663316582923,735,342
09/15/2026,14:14:21,774.88,796.0,2.6532663316582923,736,384
09/15/2026,14:14:21,774.88,796.0,2.6532663316582923,737,357
09/15/2026,14:14:21,774.88,796.0,2.6532663316582923,738,409
09/15/2026,14:14:21,774.88,796.0,2.6532663316582923,739,396
09/15/2026,14:14:21,774.88,796.0,2.6532663316582923,740,370
09/15/2026,14:14:21,774.88,796.0,2.6532663316582923,741,396
09/15/2026,14:14:21,774.88,796.0,2.6532663316582923,742,367
09/15/2026,14:14:21,774.88,796.0,2.6532663316582923,743,411
09/15/2026,14:14:21,774.88,796.0,2.6532663316582923,744,338
09/15/2026,14:14:21,774.88,796.0,2.6532663316582923,745,381
09/15/2026,14:14:21,774.88,796.0,2.6532663316582923,746,363
09/15/2026,14:14:21,774.88,796.0,2.6532663316582923,747,364
09/15/2026,14:14:21,774.88,796.0,2.6532663316582923,748,370
09/15/2026,14:14:21,774.88,796.0,2.6532663316582923,749,362
09/15/2026,14:14:21,774.88,796.0,2.6532663316582923,750,422
09/15/2026,14:14:21,774.88,796.0,2.6532663316582923,751,391
09/15/2026,14:14:21,774.88,796.0,2.6532663316582923,752,393
09/15/2026,14:14:21,774.88,796.0,2.6532663316582923,753,376
09/15/2026,14:14:21,774.88,796.0,2.6532663316582923,754,364
09/15/2026,14:14:21,774.88,796.0,2.6532663316582923,755,376
09/15/2026,14:14:21,774.88,796.0,2.6532663316582923,756,373
09/15/2026,14:14:21,774.88,796.0,2.6532663316582923,757,374
09/15/2026,14:14:21,774.88,796.0,2.6532663316582923,758,338
09/15/2026,14:14:21,774.88,796.0,2.6532663316582923,759,380
09/15/2026,14:14:21,774.88,796.0,2.6532663316582923,760,338
09/15/2026,14:14:21,774.88,796.0,2.6532663316582923,761,401
09/15/2026,14:14:21,774.88,796.0,2.6532663316582923,762,411
09/15/2026,14:14:21,774.88,796.0,2.6532663316582923,763,382
09/15/2026,14:14:21,774.88,796.0,2.6532663316582923,764,359
09/15/2026,14:14:21,774.88,796.0,2.6532663316582923,765,387
09/15/2026,14:14:21,774.88,796.0,2.6532663316582923,766,413
09/15/2026,14:14:21,774.88,796.0,2.6532663316582923,767,358
09/15/2026,14:14:21,774.88,796.0,2.6532663316582923,768,403
09/15/2026,14:14:21,774.88,796.0,2.6532663316582923,769,386
09/15/2026,14:14:21,774.88,796.0,2.6532663316582923,770,371
09/15/2026,14:14:21,774.88,796.0,2.6532663316582923,771,340
09/15/2026,14:14:21,774.88,796.0,2.6532663316582923,772,363
09/15/2026,14:14:21,774.88,796.0,2.6532663316582923,773,354
09/15/2026,14:14:21,774.88,796.0,2.6532663316582923,774,388
09/15/2026,14:14:21,774.88,796.0,2.6532663316582923,775,368
09/15/2026,14:14:21,774.88,796.0,2.6532663316582923,776,400
09/15/2026,14:14:21,774.88,796.0,2.6532663316582923,777,372
09/15/2026,14:14:21,774.88,796.0,2.6532663316582923,778,379
09/15/2026,14:14:21,774.88,796.0,2.6532663316582923,779,399
09/15/2026,14:14:21,774.88,796.0,2.6532663316582923,780,390
09/15/2026,14:14:21,774.88,796.0,2.6532663316582923,781,366
09/15/2026,14:14:21,774.88,796.0,2.6532663316582923,782,389
09/15/2026,14:14:21,774.88,796.0,2.6532663316582923,783,366
09/15/2026,14:14:21,774.88,796.0,2.6532663316582923,784,389
09/15/2026,14:14:21,774.88,796.0,2.6532663316582923,785,333
09/15/2026,14:14:21,774.88,796.0,2.6532663316582923,786,390
09/15/2026,14:14:21,774.88,796.0,2.6532663316582923,787,428
09/15/2026,14:14:21,774.88,796.0,2.6532663316582923,788,365
09/15/2026,14:14:21,774.88,796.0,2.6532663316582923,789,412
09/15/2026,14:14:21,774.88,796.0,2.6532663316582923,790,401
09/15/2026,14:14:21,774.88,796.0,2.6532663316582923,791,424
09/15/2026,14:14:21,774.88,796.0,2.6532663316582923,792,358
09/15/2026,14:14:21,774.88,796.0,2.6532663316582923,793,383
09/15/2026,14:14:21,774.88,796.0,2.6532663316582923,794,408
09/15/2026,14:14:21,774.88,796.0,2.6532663316582923,795,380
09/15/2026,14:14:21,774.88,796.0,2.6532663316582923,796,367
09/15/2026,14:14:21,774.88,796.0,2.6532663316582923,797,381
09/15/2026,14:14:21,774.88,796.0,2.6532663316582923,798,393
09/15/2026,14:14:21,774.88,796.0,2.6532663316582923,799,377
09/15/2026,14:14:21,774.88,796.0,2.6532663316582923,800,374
09/15/2026,14:14:21,774.88,796.0,2.6532663316582923,801,380
09/15/2026,14:14:21,774.88,796.0,2.6532663316582923,802,431
09/15/2026,14:14:21,774.88,796.0,2.6532663316582923,803,433
09/15/2026,14:14:21,774.88,796.0,2.6532663316582923,804,395
09/15/2026,14:14:21,774.88,796.0,2.6532663316582923,805,415
09/15/2026,14:14:21,774.88,796.0,2.6532663316582923,806,373
09/15/2026,14:14:21,774.88,796.0,2.6532663316582923,807,394
09/15/2026,14:14:21,774.88,796.0,2.6532663316582923,808,380
09/15/2026,14:14:21,774.88,796.0,2.6532663316582923,809,395
09/15/2026,14:14:21,774.88,796.0,2.6532663316582923,810,371
09/15/2026,14:14:21,774.88,796.0,2.6532663316582923,811,378
09/15/2026,14:14:21,774.88,796.0,2.6532663316582923,812,380
09/15/2026,14:14:21,774.88,796.0,2.6532663316582923,813,392
09/15/2026,14:14:21,774.88,796.0,2.6532663316582923,814,408
09/15/2026,14:14:21,774.88,796.0,2.6532663316582923,815,413
09/15/2026,14:14:21,774.88,796.0,2.6532663316582923,816,389
09/15/2026,14:14:21,774.88,796.0,2.6532663316582923,817,404
09/15/2026,14:14:21,774.88,796.0,2.6532663316582923,818,420
09/15/2026,14:14:21,774.88,796.0,2.6532663316582923,819,369
09/15/2026,14:14:21,774.88,796.0,2.6532663316582923,820,385
09/15/2026,14:14:21,774.88,796.0,2.6532663316582923,821,363
09/15/2026,14:14:21,774.88,796.0,2.6532663316582923,822,389
09/15/2026,14:14:21,774.88,796.0,2.6532663316582923,823,403
09/15/2026,14:14:21,774.88,796.0,2.6532663316582923,824,390
09/15/2026,14:14:21,774.88,796.0,2.6532663316582923,825,422
09/15/2026,14:14:21,774.88,796.0,2.6532663316582923,826,422
09/15/2026,14:14:21,774.88,796.0,2.6532663316582923,827,405
09/15/2026,14:14:21,774.88,796.0,2.6532663316582923,828,447
09/15/2026,14:14:21,774.88,796.0,2.6532663316582923,829,382
09/15/2026,14:14:21,774.88,796.0,2.6532663316582923,830,359
09/15/2026,14:14:21,774.88,796.0,2.6532663316582923,831,411
09/15/2026,14:14:21,774.88,796.0,2.6532663316582923,832,379
09/15/2026,14:14:21,774.88,796.0,2.6532663316582923,833,409
09/15/2026,14:14:21,774.88,796.0,2.6532663316582923,834,415
09/15/2026,14:14:21,774.88,796.0,2.6532663316582923,835,406
09/15/2026,14:14:21,774.88,796.0,2.6532663316582923,836,441
09/15/2026,14:14:21,774.88,796.0,2.6532663316582923,837,433
09/15/2026,14:14:21,774.88,796.0,2.6532663316582923,838,415
09/15/2026,14:14:21,774.88,796.0,2.6532663316582923,839,394
09/15/2026,14:14:21,774.88,796.0,2.6532663316582923,840,406
09/15/2026,14:14:21,774.88,796.0,2.6532663316582923,841,382
09/15/2026,14:14:21,774.88,796.0,2.6532663316582923,842,437
09/15/2026,14:14:21,774.88,796.0,2.6532663316582923,843,404
09/15/2026,14:14:21,774.88,796.0,2.6532663316582923,844,405
09/15/2026,14:14:21,774.88,796.0,2.6532663316582923,845,395
09/15/2026,14:14:21,774.88,796.0,2.6532663316582923,846,407
09/15/2026,14:14:21,774.88,796.0,2.6532663316582923,847,425
09/15/2026,14:14:21,774.88,796.0,2.6532663316582923,848,402
09/15/2026,14:14:21,774.88,796.0,2.6532663316582923,849,426
09/15/2026,14:14:21,774.88,796.0,2.6532663316582923,850,406
09/15/2026,14:14:21,774.88,796.0,2.6532663316582923,851,402
09/15/2026,14:14:21,774.88,796.0,2.6532663316582923,852,412
09/15/2026,14:14:21,774.88,796.0,2.6532663316582923,853,387
09/15/2026,14:14:21,774.88,796.0,2.6532663316582923,854,359
09/15/2026,14:14:21,774.88,796.0,2.6532663316582923,855,398
09/15/2026,14:14:21,774.88,796.0,2.6532663316582923,856,398
09/15/2026,14:14:21,774.88,796.0,2.6532663316582923,857,418
09/15/2026,14:14:21,774.88,796.0,2.6532663316582923,858,433
09/15/2026,14:14:21,774.88,796.0,2.6532663316582923,859,431
09/15/2026,14:14:21,774.88,796.0,2.6532663316582923,860,416
09/15/2026,14:14:21,774.88,796.0,2.6532663316582923,861,401
09/15/2026,14:14:21,774.88,796.0,2.6532663316582923,862,418
09/15/2026,14:14:21,774.88,796.0,2.6532663316582923,863,412
09/15/2026,14:14:21,774.88,796.0,2.6532663316582923,864,434
09/15/2026,14:14:21,774.88,796.0,2.6532663316582923,865,377
09/15/2026,14:14:21,774.88,796.0,2.6532663316582923,866,419
09/15/2026,14:14:21,774.88,796.0,2.6532663316582923,867,421
09/15/2026,14:14:21,774.88,796.0,2.6532663316582923,868,387
09/15/2026,14:14:21,774.88,796.0,2.6532663316582923,869,407
09/15/2026,14:14:21,774.88,796.0,2.6532663316582923,870,393
09/15/2026,14:14:21,774.88,796.0,2.6532663316582923,871,430
09/15/2026,14:14:21,774.88,796.0,2.6532663316582923,872,421
09/15/2026,14:14:21,774.88,796.0,2.6532663316582923,873,426
09/15/2026,14:14:21,774.88,796.0,2.6532663316582923,874,416
09/15/2026,14:14:21,774.88,796.0,2.6532663316582923,875,411
09/15/2026,14:14:21,774.88,796.0,2.6532663316582923,876,434
09/15/2026,14:14:21,774.88,796.0,2.6532663316582923,877,378
09/15/2026,14:14:21,774.88,796.0,2.6532663316582923,878,400
09/15/2026,14:14:21,774.88,796.0,2.6532663316582923,879,403
09/15/2026,14:14:21,774.88,796.0,2.6532663316582923,880,414
09/15/2026,14:14:21,774.88,796.0,2.6532663316582923,881,408
09/15/2026,14:14:21,774.88,796.0,2.6532663316582923,882,410
09/15/2026,14:14:21,774.88,796.0,2.6532663316582923,883,419
09/15/2026,14:14:21,774.88,796.0,2.6532663316582923,884,394
09/15/2026,14:14:21,774.88,796.0,2.6532663316582923,885,419
09/15/2026,14:14:21,774.88,796.0,2.6532663316582923,886,405
09/15/2026,14:14:21,774.88,796.0,2.6532663316582923,887,403
09/15/2026,14:14:21,774.88,796.0,2.6532663316582923,888,446
09/15/2026,14:14:21,774.88,796.0,2.6532663316582923,889,415
09/15/2026,14:14:21,774.88,796.0,2.6532663316582923,890,449
09/15/2026,14:14:21,774.88,796.0,2.6532663316582923,891,365
09/15/2026,14:14:21,774.88,796.0,2.6532663316582923,892,398
09/15/2026,14:14:21,774.88,796.0,2.6532663316582923,893,417
09/15/2026,14:14:21,774.88,796.0,2.6532663316582923,894,390
09/15/2026,14:14:21,774.88,796.0,2.6532663316582923,895,419
09/15/2026,14:14:21,774.88,796.0,2.6532663316582923,896,384
09/15/2026,14:14:21,774.88,796.0,2.6532663316582923,897,419
09/15/2026,14:14:21,774.88,796.0,2.6532663316582923,898,422
09/15/2026,14:14:21,774.88,796.0,2.6532663316582923,899,404
09/15/2026,14:14:21,774.88,796.0,2.6532663316582923,900,419
09/15/2026,14:14:21,774.88,796.0,2.6532663316582923,901,406
09/15/2026,14:14:21,774.88,796.0,2.6532663316582923,902,426
09/15/2026,14:14:21,774.88,796.0,2.6532663316582923,903,363
09/15/2026,14:14:21,774.88,796.0,2.6532663316582923,904,391
09/15/2026,14:14:21,774.88,796.0,2.6532663316582923,905,417
09/15/2026,14:14:21,774.88,796.0,2.6532663316582923,906,384
09/15/2026,14:14:21,774.88,796.0,2.6532663316582923,907,416
09/15/2026,14:14:21,774.88,796.0,2.6532663316582923,908,386
09/15/2026,14:14:21,774.88,796.0,2.6532663316582923,909,398
09/15/2026,14:14:21,774.88,796.0,2.6532663316582923,910,423
09/15/2026,14:14:21,774.88,796.0,2.6532663316582923,911,398
09/15/2026,14:14:21,774.88,796.0,2.6532663316582923,912,439
09/15/2026,14:14:21,774.88,796.0,2.6532663316582923,913,413
09/15/2026,14:14:21,774.88,796.0,2.6532663316582923,914,428
09/15/2026,14:14:21,774.88,796.0,2.6532663316582923,915,408
09/15/2026,14:14:21,774.88,796.0,2.6532663316582923,916,406
09/15/2026,14:14:21,774.88,796.0,2.6532663316582923,917,401
09/15/2026,14:14:21,774.88,796.0,2.6532663316582923,918,392
09/15/2026,14:14:21,774.88,796.0,2.6532663316582923,919,422
09/15/2026,14:14:21,774.88,796.0,2.6532663316582923,920,421
09/15/2026,14:14:21,774.88,796.0,2.6532663316582923,921,416
09/15/2026,14:14:21,774.88,796.0,2.6532663316582923,922,431
09/15/2026,14:14:21,774.88,796.0,2.6532663316582923,923,404
09/15/2026,14:14:21,774.88,796.0,2.6532663316582923,924,391
09/15/2026,14:14:21,774.88,796.0,2.6532663316582923,925,451
09/15/2026,14:14:21,774.88,796.0,2.6532663316582923,926,452
09/15/2026,14:14:21,774.88,796.0,2.6532663316582923,927,391
09/15/2026,14:14:21,774.88,796.0,2.6532663316582923,928,407
09/15/2026,14:14:21,774.88,796.0,2.6532663316582923,929,393
09/15/2026,14:14:21,774.88,796.0,2.6532663316582923,930,437
09/15/2026,14:14:21,774.88,796.0,2.6532663316582923,931,424
09/15/2026,14:14:21,774.88,796.0,2.6532663316582923,932,428
09/15/2026,14:14:21,774.88,796.0,2.6532663316582923,933,429
09/15/2026,14:14:21,774.88,796.0,2.6532663316582923,934,439
09/15/2026,14:14:21,774.88,796.0,2.6532663316582923,935,412
09/15/2026,14:14:21,774.88,796.0,2.6532663316582923,936,407
09/15/2026,14:14:21,774.88,796.0,2.6532663316582923,937,445
09/15/2026,14:14:21,774.88,796.0,2.6532663316582923,938,434
09/15/2026,14:14:21,774.88,796.0,2.6532663316582923,939,402
09/15/2026,14:14:21,774.88,796.0,2.6532663316582923,940,397
09/15/2026,14:14:21,774.88,796.0,2.6532663316582923,941,386
09/15/2026,14:14:21,774.88,796.0,2.6532663316582923,942,408
09/15/2026,14:14:21,774.88,796.0,2.6532663316582923,943,380
09/15/2026,14:14:21,774.88,796.0,2.6532663316582923,944,418
09/15/2026,14:14:21,774.88,796.0,2.6532663316582923,945,427
09/15/2026,14:14:21,774.88,796.0,2.6532663316582923,946,400
09/15/2026,14:14:21,774.88,796.0,2.6532663316582923,947,387
09/15/2026,14:14:21,774.88,796.0,2.6532663316582923,948,456
09/15/2026,14:14:21,774.88,796.0,2.6532663316582923,949,421
09/15/2026,14:14:21,774.88,796.0,2.6532663316582923,950,430
09/15/2026,14:14:21,774.88,796.0,2.6532663316582923,951,416
09/15/2026,14:14:21,774.88,796.0,2.6532663316582923,952,402
09/15/2026,14:14:21,774.88,796.0,2.6532663316582923,953,428
09/15/2026,14:14:21,774.88,796.0,2.6532663316582923,954,416
09/15/2026,14:14:21,774.88,796.0,2.6532663316582923,955,388
09/15/2026,14:14:21,774.88,796.0,2.6532663316582923,956,397
09/15/2026,14:14:21,774.88,796.0,2.6532663316582923,957,394
09/15/2026,14:14:21,774.88,796.0,2.6532663316582923,958,427
09/15/2026,14:14:21,774.88,796.0,2.6532663316582923,959,424
09/15/2026,14:14:21,774.88,796.0,2.6532663316582923,960,421
09/15/2026,14:14:21,774.88,796.0,2.6532663316582923,961,409
09/15/2026,14:14:21,774.88,796.0,2.6532663316582923,962,416
09/15/2026,14:14:21,774.88,796.0,2.6532663316582923,963,435
09/15/2026,14:14:21,774.88,796.0,2.6532663316582923,964,420
09/15/2026,14:14:21,774.88,796.0,2.6532663316582923,965,408
09/15/2026,14:14:21,774.88,796.0,2.6532663316582923,966,407
09/15/2026,14:14:21,774.88,796.0,2.6532663316582923,967,422
09/15/2026,14:14:21,774.88,796.0,2.6532663316582923,968,472
09/15/2026,14:14:21,774.88,796.0,2.6532663316582923,969,420
09/15/2026,14:14:21,774.88,796.0,2.6532663316582923,970,420
09/15/2026,14:14:21,774.88,796.0,2.6532663316582923,971,445
09/15/2026,14:14:21,774.88,796.0,2.6532663316582923,972,437
09/15/2026,14:14:21,774.88,796.0,2.6532663316582923,973,426
09/15/2026,14:14:21,774.88,796.0,2.6532663316582923,974,359
09/15/2026,14:14:21,774.88,796.0,2.6532663316582923,975,399
09/15/2026,14:14:21,774.88,796.0,2.6532663316582923,976,430
09/15/2026,14:14:21,774.88,796.0,2.6532663316582923,977,419
09/15/2026,14:14:21,774.88,796.0,2.6532663316582923,978,457
09/15/2026,14:14:21,774.88,796.0,2.6532663316582923,979,419
09/15/2026,14:14:21,774.88,796.0,2.6532663316582923,980,389
09/15/2026,14:14:21,774.88,796.0,2.6532663316582923,981,406
09/15/2026,14:14:21,774.88,796.0,2.6532663316582923,982,423
09/15/2026,14:14:21,774.88,796.0,2.6532663316582923,983,440
09/15/2026,14:14:21,774.88,796.0,2.6532663316582923,984,392
09/15/2026,14:14:21,774.88,796.0,2.6532663316582923,985,423
09/15/2026,14:14:21,774.88,796.0,2.6532663316582923,986,425
09/15/2026,14:14:21,774.88,796.0,2.6532663316582923,987,440
09/15/2026,14:14:21,774.88,796.0,2.6532663316582923,988,421
09/15/2026,14:14:21,774.88,796.0,2.6532663316582923,989,404
09/15/2026,14:14:21,774.88,796.0,2.6532663316582923,990,444
09/15/2026,14:14:21,774.88,796.0,2.6532663316582923,991,387
09/15/2026,14:14:21,774.88,796.0,2.6532663316582923,992,401
09/15/2026,14:14:21,774.88,796.0,2.6532663316582923,993,454
09/15/2026,14:14:21,774.88,796.0,2.6532663316582923,994,453
09/15/2026,14:14:21,774.88,796.0,2.6532663316582923,995,407
09/15/2026,14:14:21,774.88,796.0,2.6532663316582923,996,433
09/15/2026,14:14:21,774.88,796.0,2.6532663316582923,997,426
09/15/2026,14:14:21,774.88,796.0,2.6532663316582923,998,398
09/15/2026,14:14:21,774.88,796.0,2.6532663316582923,999,429
09/15/2026,14:14:21,774.88,796.0,2.6532663316582923,1000,424
09/15/2026,14:14:21,774.88,796.0,2.6532663316582923,1001,409
09/15/2026,14:14:21,774.88,796.0,2.6532663316582923,1002,437
09/15/2026,14:14:21,774.88,796.0,2.6532663316582923,1003,446
09/15/2026,14:14:21,774.88,796.0,2.6532663316582923,1004,403
09/15/2026,14:14:21,774.88,796.0,2.6532663316582923,1005,401
09/15/2026,14:14:21,774.88,796.0,2.6532663316582923,1006,399
09/15/2026,14:14:21,774.88,796.0,2.6532663316582923,1007,415
09/15/2026,14:14:21,774.88,796.0,2.6532663316582923,1008,408
09/15/2026,14:14:21,774.88,796.0,2.6532663316582923,1009,394
09/15/2026,14:14:21,774.88,796.0,2.6532663316582923,1010,431
09/15/2026,14:14:21,774.88,796.0,2.6532663316582923,1011,432
09/15/2026,14:14:21,774.88,796.0,2.6532663316582923,1012,441
09/15/2026,14:14:21,774.88,796.0,2.6532663316582923,1013,417
09/15/2026,14:14:21,774.88,796.0,2.6532663316582923,1014,429
09/15/2026,14:14:21,774.88,796.0,2.6532663316582923,1015,366
09/15/2026,14:14:21,774.88,796.0,2.6532663316582923,1016,423
09/15/2026,14:14:21,774.88,796.0,2.6532663316582923,1017,440
09/15/2026,14:14:21,774.88,796.0,2.6532663316582923,1018,432
09/15/2026,14:14:21,774.88,796.0,2.6532663316582923,1019,390
09/15/2026,14:14:21,774.88,796.0,2.6532663316582923,1020,426
09/15/2026,14:14:21,774.88,796.0,2.6532663316582923,1021,375
09/15/2026,14:14:21,774.88,796.0,2.6532663316582923,1022,442
09/15/2026,14:14:21,774.88,796.0,2.6532663316582923,1023,412
09/15/2026,14:14:21,774.88,796.0,2.6532663316582923,1024,434
09/15/2026,14:14:21,774.88,796.0,2.6532663316582923,1025,427
09/15/2026,14:14:21,774.88,796.0,2.6532663316582923,1026,399
09/15/2026,14:14:21,774.88,796.0,2.6532663316582923,1027,427
09/15/2026,14:14:21,774.88,796.0,2.6532663316582923,1028,415
09/15/2026,14:14:21,774.88,796.0,2.6532663316582923,1029,398
09/15/2026,14:14:21,774.88,796.0,2.6532663316582923,1030,419
09/15/2026,14:14:21,774.88,796.0,2.6532663316582923,1031,463
09/15/2026,14:14:21,774.88,796.0,2.6532663316582923,1032,450
09/15/2026,14:14:21,774.88,796.0,2.6532663316582923,1033,425
09/15/2026,14:14:21,774.88,796.0,2.6532663316582923,1034,458
09/15/2026,14:14:21,774.88,796.0,2.6532663316582923,1035,380
09/15/2026,14:14:21,774.88,796.0,2.6532663316582923,1036,453
09/15/2026,14:14:21,774.88,796.0,2.6532663316582923,1037,408
09/15/2026,14:14:21,774.88,796.0,2.6532663316582923,1038,415
09/15/2026,14:14:21,774.88,796.0,2.6532663316582923,1039,449
09/15/2026,14:14:21,774.88,796.0,2.6532663316582923,1040,452
09/15/2026,14:14:21,774.88,796.0,2.6532663316582923,1041,417
09/15/2026,14:14:21,774.88,796.0,2.6532663316582923,1042,435
09/15/2026,14:14:21,774.88,796.0,2.6532663316582923,1043,435
09/15/2026,14:14:21,774.88,796.0,2.6532663316582923,1044,484
09/15/2026,14:14:21,774.88,796.0,2.6532663316582923,1045,445
09/15/2026,14:14:21,774.88,796.0,2.6532663316582923,1046,466
09/15/2026,14:14:21,774.88,796.0,2.6532663316582923,1047,409
09/15/2026,14:14:21,774.88,796.0,2.6532663316582923,1048,389
09/15/2026,14:14:21,774.88,796.0,2.6532663316582923,1049,446
09/15/2026,14:14:21,774.88,796.0,2.6532663316582923,1050,418
09/15/2026,14:14:21,774.88,796.0,2.6532663316582923,1051,404
09/15/2026,14:14:21,774.88,796.0,2.6532663316582923,1052,442
09/15/2026,14:14:21,774.88,796.0,2.6532663316582923,1053,429
09/15/2026,14:14:21,774.88,796.0,2.6532663316582923,1054,428
09/15/2026,14:14:21,774.88,796.0,2.6532663316582923,1055,426
09/15/2026,14:14:21,774.88,796.0,2.6532663316582923,1056,424
09/15/2026,14:14:21,774.88,796.0,2.6532663316582923,1057,450
09/15/2026,14:14:21,774.88,796.0,2.6532663316582923,1058,437
09/15/2026,14:14:21,774.88,796.0,2.6532663316582923,1059,405
09/15/2026,14:14:21,774.88,796.0,2.6532663316582923,1060,460
09/15/2026,14:14:21,774.88,796.0,2.6532663316582923,1061,437
09/15/2026,14:14:21,774.88,796.0,2.6532663316582923,1062,412
09/15/2026,14:14:21,774.88,796.0,2.6532663316582923,1063,454
09/15/2026,14:14:21,774.88,796.0,2.6532663316582923,1064,443
09/15/2026,14:14:21,774.88,796.0,2.6532663316582923,1065,447
09/15/2026,14:14:21,774.88,796.0,2.6532663316582923,1066,419
09/15/2026,14:14:21,774.88,796.0,2.6532663316582923,1067,433
09/15/2026,14:14:21,774.88,796.0,2.6532663316582923,1068,427
09/15/2026,14:14:21,774.88,796.0,2.6532663316582923,1069,451
09/15/2026,14:14:21,774.88,796.0,2.6532663316582923,1070,452
09/15/2026,14:14:21,774.88,796.0,2.6532663316582923,1071,407
09/15/2026,14:14:21,774.88,796.0,2.6532663316582923,1072,456
09/15/2026,14:14:21,774.88,796.0,2.6532663316582923,1073,420
09/15/2026,14:14:21,774.88,796.0,2.6532663316582923,1074,446
09/15/2026,14:14:21,774.88,796.0,2.6532663316582923,1075,426
09/15/2026,14:14:21,774.88,796.0,2.6532663316582923,1076,439
09/15/2026,14:14:21,774.88,796.0,2.6532663316582923,1077,446
09/15/2026,14:14:21,774.88,796.0,2.6532663316582923,1078,451
09/15/2026,14:14:21,774.88,796.0,2.6532663316582923,1079,455
09/15/2026,14:14:21,774.88,796.0,2.6532663316582923,1080,476
09/15/2026,14:14:21,774.88,796.0,2.6532663316582923,1081,461
09/15/2026,14:14:21,774.88,796.0,2.6532663316582923,1082,411
09/15/2026,14:14:21,774.88,796.0,2.6532663316582923,1083,483
09/15/2026,14:14:21,774.88,796.0,2.6532663316582923,1084,448
09/15/2026,14:14:21,774.88,796.0,2.6532663316582923,1085,462
09/15/2026,14:14:21,774.88,796.0,2.6532663316582923,1086,443
09/15/2026,14:14:21,774.88,796.0,2.6532663316582923,1087,490
09/15/2026,14:14:21,774.88,796.0,2.6532663316582923,1088,456
09/15/2026,14:14:21,774.88,796.0,2.6532663316582923,1089,462
09/15/2026,14:14:21,774.88,796.0,2.6532663316582923,1090,465
09/15/2026,14:14:21,774.88,796.0,2.6532663316582923,1091,455
09/15/2026,14:14:21,774.88,796.0,2.6532663316582923,1092,449
09/15/2026,14:14:21,774.88,796.0,2.6532663316582923,1093,476
09/15/2026,14:14:21,774.88,796.0,2.6532663316582923,1094,491
09/15/2026,14:14:21,774.88,796.0,2.6532663316582923,1095,425
09/15/2026,14:14:21,774.88,796.0,2.6532663316582923,1096,433
09/15/2026,14:14:21,774.88,796.0,2.6532663316582923,1097,443
09/15/2026,14:14:21,774.88,796.0,2.6532663316582923,1098,481
09/15/2026,14:14:21,774.88,796.0,2.6532663316582923,1099,450
09/15/2026,14:14:21,774.88,796.0,2.6532663316582923,1100,435
09/15/2026,14:14:21,774.88,796.0,2.6532663316582923,1101,417
09/15/2026,14:14:21,774.88,796.0,2.6532663316582923,1102,435
09/15/2026,14:14:21,774.88,796.0,2.6532663316582923,1103,466
09/15/2026,14:14:21,774.88,796.0,2.6532663316582923,1104,428
09/15/2026,14:14:21,774.88,796.0,2.6532663316582923,1105,436
09/15/2026,14:14:21,774.88,796.0,2.6532663316582923,1106,474
09/15/2026,14:14:21,774.88,796.0,2.6532663316582923,1107,457
09/15/2026,14:14:21,774.88,796.0,2.6532663316582923,1108,464
09/15/2026,14:14:21,774.88,796.0,2.6532663316582923,1109,464
09/15/2026,14:14:21,774.88,796.0,2.6532663316582923,1110,482
09/15/2026,14:14:21,774.88,796.0,2.6532663316582923,1111,493
09/15/2026,14:14:21,774.88,796.0,2.6532663316582923,1112,486
09/15/2026,14:14:21,774.88,796.0,2.6532663316582923,1113,456
09/15/2026,14:14:21,774.88,796.0,2.6532663316582923,1114,462
09/15/2026,14:14:21,774.88,796.0,2.6532663316582923,1115,474
09/15/2026,14:14:21,774.88,796.0,2.6532663316582923,1116,463
09/15/2026,14:14:21,774.88,796.0,2.6532663316582923,1117,495
09/15/2026,14:14:21,774.88,796.0,2.6532663316582923,1118,467
09/15/2026,14:14:21,774.88,796.0,2.6532663316582923,1119,462
09/15/2026,14:14:21,774.88,796.0,2.6532663316582923,1120,524
09/15/2026,14:14:21,774.88,796.0,2.6532663316582923,1121,483
09/15/2026,14:14:21,774.88,796.0,2.6532663316582923,1122,484
09/15/2026,14:14:21,774.88,796.0,2.6532663316582923,1123,473
09/15/2026,14:14:21,774.88,796.0,2.6532663316582923,1124,449
09/15/2026,14:14:21,774.88,796.0,2.6532663316582923,1125,477
09/15/2026,14:14:21,774.88,796.0,2.6532663316582923,1126,468
09/15/2026,14:14:21,774.88,796.0,2.6532663316582923,1127,476
09/15/2026,14:14:21,774.88,796.0,2.6532663316582923,1128,473
09/15/2026,14:14:21,774.88,796.0,2.6532663316582923,1129,447
09/15/2026,14:14:21,774.88,796.0,2.6532663316582923,1130,469
09/15/2026,14:14:21,774.88,796.0,2.6532663316582923,1131,445
09/15/2026,14:14:21,774.88,796.0,2.6532663316582923,1132,483
09/15/2026,14:14:21,774.88,796.0,2.6532663316582923,1133,469
09/15/2026,14:14:21,774.88,796.0,2.6532663316582923,1134,497
09/15/2026,14:14:21,774.88,796.0,2.6532663316582923,1135,477
09/15/2026,14:14:21,774.88,796.0,2.6532663316582923,1136,424
09/15/2026,14:14:21,774.88,796.0,2.6532663316582923,1137,464
09/15/2026,14:14:21,774.88,796.0,2.6532663316582923,1138,518
09/15/2026,14:14:21,774.88,796.0,2.6532663316582923,1139,453
09/15/2026,14:14:21,774.88,796.0,2.6532663316582923,1140,483
09/15/2026,14:14:21,774.88,796.0,2.6532663316582923,1141,526
09/15/2026,14:14:21,774.88,796.0,2.6532663316582923,1142,494
09/15/2026,14:14:21,774.88,796.0,2.6532663316582923,1143,502
09/15/2026,14:14:21,774.88,796.0,2.6532663316582923,1144,479
09/15/2026,14:14:21,774.88,796.0,2.6532663316582923,1145,498
09/15/2026,14:14:21,774.88,796.0,2.6532663316582923,1146,486
09/15/2026,14:14:21,774.88,796.0,2.6532663316582923,1147,523
09/15/2026,14:14:21,774.88,796.0,2.6532663316582923,1148,484
09/15/2026,14:14:21,774.88,796.0,2.6532663316582923,1149,475
09/15/2026,14:14:21,774.88,796.0,2.6532663316582923,1150,499
09/15/2026,14:14:21,774.88,796.0,2.6532663316582923,1151,488
09/15/2026,14:14:21,774.88,796.0,2.6532663316582923,1152,451
09/15/2026,14:14:21,774.88,796.0,2.6532663316582923,1153,502
09/15/2026,14:14:21,774.88,796.0,2.6532663316582923,1154,491
09/15/2026,14:14:21,774.88,796.0,2.6532663316582923,1155,503
09/15/2026,14:14:21,774.88,796.0,2.6532663316582923,1156,500
09/15/2026,14:14:21,774.88,796.0,2.6532663316582923,1157,526
09/15/2026,14:14:21,774.88,796.0,2.6532663316582923,1158,505
09/15/2026,14:14:21,774.88,796.0,2.6532663316582923,1159,515
09/15/2026,14:14:21,774.88,796.0,2.6532663316582923,1160,496
09/15/2026,14:14:21,774.88,796.0,2.6532663316582923,1161,451
09/15/2026,14:14:21,774.88,796.0,2.6532663316582923,1162,481
09/15/2026,14:14:21,774.88,796.0,2.6532663316582923,1163,484
09/15/2026,14:14:21,774.88,796.0,2.6532663316582923,1164,534
09/15/2026,14:14:21,774.88,796.0,2.6532663316582923,1165,463
09/15/2026,14:14:21,774.88,796.0,2.6532663316582923,1166,510
09/15/2026,14:14:21,774.88,796.0,2.6532663316582923,1167,515
09/15/2026,14:14:21,774.88,796.0,2.6532663316582923,1168,449
09/15/2026,14:14:21,774.88,796.0,2.6532663316582923,1169,509
09/15/2026,14:14:21,774.88,796.0,2.6532663316582923,1170,455
09/15/2026,14:14:21,774.88,796.0,2.6532663316582923,1171,476
09/15/2026,14:14:21,774.88,796.0,2.6532663316582923,1172,500
09/15/2026,14:14:21,774.88,796.0,2.6532663316582923,1173,511
09/15/2026,14:14:21,774.88,796.0,2.6532663316582923,1174,499
09/15/2026,14:14:21,774.88,796.0,2.6532663316582923,1175,506
09/15/2026,14:14:21,774.88,796.0,2.6532663316582923,1176,505
09/15/2026,14:14:21,774.88,796.0,2.6532663316582923,1177,458
09/15/2026,14:14:21,774.88,796.0,2.6532663316582923,1178,489
09/15/2026,14:14:21,774.88,796.0,2.6532663316582923,1179,483
09/15/2026,14:14:21,774.88,796.0,2.6532663316582923,1180,503
09/15/2026,14:14:21,774.88,796.0,2.6532663316582923,1181,464
09/15/2026,14:14:21,774.88,796.0,2.6532663316582923,1182,497
09/15/2026,14:14:21,774.88,796.0,2.6532663316582923,1183,499
09/15/2026,14:14:21,774.88,796.0,2.6532663316582923,1184,480
09/15/2026,14:14:21,774.88,796.0,2.6532663316582923,1185,488
09/15/2026,14:14:21,774.88,796.0,2.6532663316582923,1186,535
09/15/2026,14:14:21,774.88,796.0,2.6532663316582923,1187,504
09/15/2026,14:14:21,774.88,796.0,2.6532663316582923,1188,538
09/15/2026,14:14:21,774.88,796.0,2.6532663316582923,1189,537
09/15/2026,14:14:21,774.88,796.0,2.6532663316582923,1190,456
09/15/2026,14:14:21,774.88,796.0,2.6532663316582923,1191,526
09/15/2026,14:14:21,774.88,796.0,2.6532663316582923,1192,491
09/15/2026,14:14:21,774.88,796.0,2.6532663316582923,1193,490
09/15/2026,14:14:21,774.88,796.0,2.6532663316582923,1194,515
09/15/2026,14:14:21,774.88,796.0,2.6532663316582923,1195,494
09/15/2026,14:14:21,774.88,796.0,2.6532663316582923,1196,506
09/15/2026,14:14:21,774.88,796.0,2.6532663316582923,1197,543
09/15/2026,14:14:21,774.88,796.0,2.6532663316582923,1198,521
09/15/2026,14:14:21,774.88,796.0,2.6532663316582923,1199,490
09/15/2026,14:14:21,774.88,796.0,2.6532663316582923,1200,493
09/15/2026,14:14:21,774.88,796.0,2.6532663316582923,1201,483
09/15/2026,14:14:21,774.88,796.0,2.6532663316582923,1202,473
09/15/2026,14:14:21,774.88,796.0,2.6532663316582923,1203,495
09/15/2026,14:14:21,774.88,796.0,2.6532663316582923,1204,538
09/15/2026,14:14:21,774.88,796.0,2.6532663316582923,1205,499
09/15/2026,14:14:21,774.88,796.0,2.6532663316582923,1206,502
09/15/2026,14:14:21,774.88,796.0,2.6532663316582923,1207,498
09/15/2026,14:14:21,774.88,796.0,2.6532663316582923,1208,549
09/15/2026,14:14:21,774.88,796.0,2.6532663316582923,1209,503
09/15/2026,14:14:21,774.88,796.0,2.6532663316582923,1210,517
09/15/2026,14:14:21,774.88,796.0,2.6532663316582923,1211,566
09/15/2026,14:14:21,774.88,796.0,2.6532663316582923,1212,523
09/15/2026,14:14:21,774.88,796.0,2.6532663316582923,1213,533
09/15/2026,14:14:21,774.88,796.0,2.6532663316582923,1214,567
09/15/2026,14:14:21,774.88,796.0,2.6532663316582923,1215,469
09/15/2026,14:14:21,774.88,796.0,2.6532663316582923,1216,487
09/15/2026,14:14:21,774.88,796.0,2.6532663316582923,1217,507
09/15/2026,14:14:21,774.88,796.0,2.6532663316582923,1218,517
09/15/2026,14:14:21,774.88,796.0,2.6532663316582923,1219,515
09/15/2026,14:14:21,774.88,796.0,2.6532663316582923,1220,463
09/15/2026,14:14:21,774.88,796.0,2.6532663316582923,1221,534
09/15/2026,14:14:21,774.88,796.0,2.6532663316582923,1222,512
09/15/2026,14:14:21,774.88,796.0,2.6532663316582923,1223,484
09/15/2026,14:14:21,774.88,796.0,2.6532663316582923,1224,502
09/15/2026,14:14:21,774.88,796.0,2.6532663316582923,1225,461
09/15/2026,14:14:21,774.88,796.0,2.6532663316582923,1226,501
09/15/2026,14:14:21,774.88,796.0,2.6532663316582923,1227,464
09/15/2026,14:14:21,774.88,796.0,2.6532663316582923,1228,511
09/15/2026,14:14:21,774.88,796.0,2.6532663316582923,1229,472
09/15/2026,14:14:21,774.88,796.0,2.6532663316582923,1230,527
09/15/2026,14:14:21,774.88,796.0,2.6532663316582923,1231,486
09/15/2026,14:14:21,774.88,796.0,2.6532663316582923,1232,523
09/15/2026,14:14:21,774.88,796.0,2.6532663316582923,1233,487
09/15/2026,14:14:21,774.88,796.0,2.6532663316582923,1234,474
09/15/2026,14:14:21,774.88,796.0,2.6532663316582923,1235,491
09/15/2026,14:14:21,774.88,796.0,2.6532663316582923,1236,480
09/15/2026,14:14:21,774.88,796.0,2.6532663316582923,1237,500
09/15/2026,14:14:21,774.88,796.0,2.6532663316582923,1238,493
09/15/2026,14:14:21,774.88,796.0,2.6532663316582923,1239,524
09/15/2026,14:14:21,774.88,796.0,2.6532663316582923,1240,486
09/15/2026,14:14:21,774.88,796.0,2.6532663316582923,1241,445
09/15/2026,14:14:21,774.88,796.0,2.6532663316582923,1242,503
09/15/2026,14:14:21,774.88,796.0,2.6532663316582923,1243,506
09/15/2026,14:14:21,774.88,796.0,2.6532663316582923,1244,498
09/15/2026,14:14:21,774.88,796.0,2.6532663316582923,1245,492
09/15/2026,14:14:21,774.88,796.0,2.6532663316582923,1246,485
09/15/2026,14:14:21,774.88,796.0,2.6532663316582923,1247,532
09/15/2026,14:14:21,774.88,796.0,2.6532663316582923,1248,469
09/15/2026,14:14:21,774.88,796.0,2.6532663316582923,1249,487
09/15/2026,14:14:21,774.88,796.0,2.6532663316582923,1250,543
09/15/2026,14:14:21,774.88,796.0,2.6532663316582923,1251,497
09/15/2026,14:14:21,774.88,796.0,2.6532663316582923,1252,518
09/15/2026,14:14:21,774.88,796.0,2.6532663316582923,1253,482
09/15/2026,14:14:21,774.88,796.0,2.6532663316582923,1254,502
09/15/2026,14:14:21,774.88,796.0,2.6532663316582923,1255,461
09/15/2026,14:14:21,774.88,796.0,2.6532663316582923,1256,476
09/15/2026,14:14:21,774.88,796.0,2.6532663316582923,1257,478
09/15/2026,14:14:21,774.88,796.0,2.6532663316582923,1258,472
09/15/2026,14:14:21,774.88,796.0,2.6532663316582923,1259,473
09/15/2026,14:14:21,774.88,796.0,2.6532663316582923,1260,521
09/15/2026,14:14:21,774.88,796.0,2.6532663316582923,1261,466
09/15/2026,14:14:21,774.88,796.0,2.6532663316582923,1262,450
09/15/2026,14:14:21,774.88,796.0,2.6532663316582923,1263,496
09/15/2026,14:14:21,774.88,796.0,2.6532663316582923,1264,460
09/15/2026,14:14:21,774.88,796.0,2.6532663316582923,1265,513
09/15/2026,14:14:21,774.88,796.0,2.6532663316582923,1266,479
09/15/2026,14:14:21,774.88,796.0,2.6532663316582923,1267,461
09/15/2026,14:14:21,774.88,796.0,2.6532663316582923,1268,471
09/15/2026,14:14:21,774.88,796.0,2.6532663316582923,1269,466
09/15/2026,14:14:21,774.88,796.0,2.6532663316582923,1270,456
09/15/2026,14:14:21,774.88,796.0,2.6532663316582923,1271,518
09/15/2026,14:14:21,774.88,796.0,2.6532663316582923,1272,449
09/15/2026,14:14:21,774.88,796.0,2.6532663316582923,1273,475
09/15/2026,14:14:21,774.88,796.0,2.6532663316582923,1274,434
09/15/2026,14:14:21,774.88,796.0,2.6532663316582923,1275,472
09/15/2026,14:14:21,774.88,796.0,2.6532663316582923,1276,480
09/15/2026,14:14:21,774.88,796.0,2.6532663316582923,1277,456
09/15/2026,14:14:21,774.88,796.0,2.6532663316582923,1278,446
09/15/2026,14:14:21,774.88,796.0,2.6532663316582923,1279,439
09/15/2026,14:14:21,774.88,796.0,2.6532663316582923,1280,417
09/15/2026,14:14:21,774.88,796.0,2.6532663316582923,1281,465
09/15/2026,14:14:21,774.88,796.0,2.6532663316582923,1282,461
09/15/2026,14:14:21,774.88,796.0,2.6532663316582923,1283,453
09/15/2026,14:14:21,774.88,796.0,2.6532663316582923,1284,438
09/15/2026,14:14:21,774.88,796.0,2.6532663316582923,1285,451
09/15/2026,14:14:21,774.88,796.0,2.6532663316582923,1286,476
09/15/2026,14:14:21,774.88,796.0,2.6532663316582923,1287,462
09/15/2026,14:14:21,774.88,796.0,2.6532663316582923,1288,479
09/15/2026,14:14:21,774.88,796.0,2.6532663316582923,1289,463
09/15/2026,14:14:21,774.88,796.0,2.6532663316582923,1290,456
09/15/2026,14:14:21,774.88,796.0,2.6532663316582923,1291,480
09/15/2026,14:14:21,774.88,796.0,2.6532663316582923,1292,480
09/15/2026,14:14:21,774.88,796.0,2.6532663316582923,1293,425
09/15/2026,14:14:21,774.88,796.0,2.6532663316582923,1294,461
09/15/2026,14:14:21,774.88,796.0,2.6532663316582923,1295,505
09/15/2026,14:14:21,774.88,796.0,2.6532663316582923,1296,453
09/15/2026,14:14:21,774.88,796.0,2.6532663316582923,1297,452
09/15/2026,14:14:21,774.88,796.0,2.6532663316582923,1298,453
09/15/2026,14:14:21,774.88,796.0,2.6532663316582923,1299,441
09/15/2026,14:14:21,774.88,796.0,2.6532663316582923,1300,482
09/15/2026,14:14:21,774.88,796.0,2.6532663316582923,1301,408
09/15/2026,14:14:21,774.88,796.0,2.6532663316582923,1302,468
09/15/2026,14:14:21,774.88,796.0,2.6532663316582923,1303,414
09/15/2026,14:14:21,774.88,796.0,2.6532663316582923,1304,443
09/15/2026,14:14:21,774.88,796.0,2.6532663316582923,1305,441
09/15/2026,14:14:21,774.88,796.0,2.6532663316582923,1306,470
09/15/2026,14:14:21,774.88,796.0,2.6532663316582923,1307,486
09/15/2026,14:14:21,774.88,796.0,2.6532663316582923,1308,446
09/15/2026,14:14:21,774.88,796.0,2.6532663316582923,1309,425
09/15/2026,14:14:21,774.88,796.0,2.6532663316582923,1310,488
09/15/2026,14:14:21,774.88,796.0,2.6532663316582923,1311,450
09/15/2026,14:14:21,774.88,796.0,2.6532663316582923,1312,484
09/15/2026,14:14:21,774.88,796.0,2.6532663316582923,1313,417
09/15/2026,14:14:21,774.88,796.0,2.6532663316582923,1314,455
09/15/2026,14:14:21,774.88,796.0,2.6532663316582923,1315,409
09/15/2026,14:14:21,774.88,796.0,2.6532663316582923,1316,438
09/15/2026,14:14:21,774.88,796.0,2.6532663316582923,1317,383
09/15/2026,14:14:21,774.88,796.0,2.6532663316582923,1318,431
09/15/2026,14:14:21,774.88,796.0,2.6532663316582923,1319,426
09/15/2026,14:14:21,774.88,796.0,2.6532663316582923,1320,403
09/15/2026,14:14:21,774.88,796.0,2.6532663316582923,1321,445
09/15/2026,14:14:21,774.88,796.0,2.6532663316582923,1322,420
09/15/2026,14:14:21,774.88,796.0,2.6532663316582923,1323,434
09/15/2026,14:14:21,774.88,796.0,2.6532663316582923,1324,401
09/15/2026,14:14:21,774.88,796.0,2.6532663316582923,1325,441
09/15/2026,14:14:21,774.88,796.0,2.6532663316582923,1326,438
09/15/2026,14:14:21,774.88,796.0,2.6532663316582923,1327,443
09/15/2026,14:14:21,774.88,796.0,2.6532663316582923,1328,441
09/15/2026,14:14:21,774.88,796.0,2.6532663316582923,1329,435
09/15/2026,14:14:21,774.88,796.0,2.6532663316582923,1330,433
09/15/2026,14:14:21,774.88,796.0,2.6532663316582923,1331,413
09/15/2026,14:14:21,774.88,796.0,2.6532663316582923,1332,418
09/15/2026,14:14:21,774.88,796.0,2.6532663316582923,1333,435
09/15/2026,14:14:21,774.88,796.0,2.6532663316582923,1334,424
09/15/2026,14:14:21,774.88,796.0,2.6532663316582923,1335,405
09/15/2026,14:14:21,774.88,796.0,2.6532663316582923,1336,423
09/15/2026,14:14:21,774.88,796.0,2.6532663316582923,1337,418
09/15/2026,14:14:21,774.88,796.0,2.6532663316582923,1338,408
09/15/2026,14:14:21,774.88,796.0,2.6532663316582923,1339,411
09/15/2026,14:14:21,774.88,796.0,2.6532663316582923,1340,420
09/15/2026,14:14:21,774.88,796.0,2.6532663316582923,1341,402
09/15/2026,14:14:21,774.88,796.0,2.6532663316582923,1342,409
09/15/2026,14:14:21,774.88,796.0,2.6532663316582923,1343,404
09/15/2026,14:14:21,774.88,796.0,2.6532663316582923,1344,447
09/15/2026,14:14:21,774.88,796.0,2.6532663316582923,1345,405
09/15/2026,14:14:21,774.88,796.0,2.6532663316582923,1346,435
09/15/2026,14:14:21,774.88,796.0,2.6532663316582923,1347,390
09/15/2026,14:14:21,774.88,796.0,2.6532663316582923,1348,393
09/15/2026,14:14:21,774.88,796.0,2.6532663316582923,1349,423
09/15/2026,14:14:21,774.88,796.0,2.6532663316582923,1350,411
09/15/2026,14:14:21,774.88,796.0,2.6532663316582923,1351,430
09/15/2026,14:14:21,774.88,796.0,2.6532663316582923,1352,411
09/15/2026,14:14:21,774.88,796.0,2.6532663316582923,1353,428
09/15/2026,14:14:21,774.88,796.0,2.6532663316582923,1354,382
09/15/2026,14:14:21,774.88,796.0,2.6532663316582923,1355,400
09/15/2026,14:14:21,774.88,796.0,2.6532663316582923,1356,403
09/15/2026,14:14:21,774.88,796.0,2.6532663316582923,1357,366
09/15/2026,14:14:21,774.88,796.0,2.6532663316582923,1358,379
09/15/2026,14:14:21,774.88,796.0,2.6532663316582923,1359,353
09/15/2026,14:14:21,774.88,796.0,2.6532663316582923,1360,418
09/15/2026,14:14:21,774.88,796.0,2.6532663316582923,1361,427
09/15/2026,14:14:21,774.88,796.0,2.6532663316582923,1362,390
09/15/2026,14:14:21,774.88,796.0,2.6532663316582923,1363,392
09/15/2026,14:14:21,774.88,796.0,2.6532663316582923,1364,374
09/15/2026,14:14:21,774.88,796.0,2.6532663316582923,1365,391
09/15/2026,14:14:21,774.88,796.0,2.6532663316582923,1366,412
09/15/2026,14:14:21,774.88,796.0,2.6532663316582923,1367,378
09/15/2026,14:14:21,774.88,796.0,2.6532663316582923,1368,383
09/15/2026,14:14:21,774.88,796.0,2.6532663316582923,1369,379
09/15/2026,14:14:21,774.88,796.0,2.6532663316582923,1370,365
09/15/2026,14:14:21,774.88,796.0,2.6532663316582923,1371,366
09/15/2026,14:14:21,774.88,796.0,2.6532663316582923,1372,381
09/15/2026,14:14:21,774.88,796.0,2.6532663316582923,1373,383
09/15/2026,14:14:21,774.88,796.0,2.6532663316582923,1374,407
09/15/2026,14:14:21,774.88,796.0,2.6532663316582923,1375,365
09/15/2026,14:14:21,774.88,796.0,2.6532663316582923,1376,386
09/15/2026,14:14:21,774.88,796.0,2.6532663316582923,1377,406
09/15/2026,14:14:21,774.88,796.0,2.6532663316582923,1378,409
09/15/2026,14:14:21,774.88,796.0,2.6532663316582923,1379,390
09/15/2026,14:14:21,774.88,796.0,2.6532663316582923,1380,350
09/15/2026,14:14:21,774.88,796.0,2.6532663316582923,1381,350
09/15/2026,14:14:21,774.88,796.0,2.6532663316582923,1382,398
09/15/2026,14:14:21,774.88,796.0,2.6532663316582923,1383,343
09/15/2026,14:14:21,774.88,796.0,2.6532663316582923,1384,369
09/15/2026,14:14:21,774.88,796.0,2.6532663316582923,1385,376
09/15/2026,14:14:21,774.88,796.0,2.6532663316582923,1386,383
09/15/2026,14:14:21,774.88,796.0,2.6532663316582923,1387,337
09/15/2026,14:14:21,774.88,796.0,2.6532663316582923,1388,363
09/15/2026,14:14:21,774.88,796.0,2.6532663316582923,1389,413
09/15/2026,14:14:21,774.88,796.0,2.6532663316582923,1390,364
09/15/2026,14:14:21,774.88,796.0,2.6532663316582923,1391,372
09/15/2026,14:14:21,774.88,796.0,2.6532663316582923,1392,375
09/15/2026,14:14:21,774.88,796.0,2.6532663316582923,1393,386
09/15/2026,14:14:21,774.88,796.0,2.6532663316582923,1394,365
09/15/2026,14:14:21,774.88,796.0,2.6532663316582923,1395,335
09/15/2026,14:14:21,774.88,796.0,2.6532663316582923,1396,344
09/15/2026,14:14:21,774.88,796.0,2.6532663316582923,1397,381
09/15/2026,14:14:21,774.88,796.0,2.6532663316582923,1398,321
09/15/2026,14:14:21,774.88,796.0,2.6532663316582923,1399,355
09/15/2026,14:14:21,774.88,796.0,2.6532663316582923,1400,354
09/15/2026,14:14:21,774.88,796.0,2.6532663316582923,1401,375
09/15/2026,14:14:21,774.88,796.0,2.6532663316582923,1402,368
09/15/2026,14:14:21,774.88,796.0,2.6532663316582923,1403,349
09/15/2026,14:14:21,774.88,796.0,2.6532663316582923,1404,334
09/15/2026,14:14:21,774.88,796.0,2.6532663316582923,1405,385
09/15/2026,14:14:21,774.88,796.0,2.6532663316582923,1406,344
09/15/2026,14:14:21,774.88,796.0,2.6532663316582923,1407,352
09/15/2026,14:14:21,774.88,796.0,2.6532663316582923,1408,336
09/15/2026,14:14:21,774.88,796.0,2.6532663316582923,1409,344
09/15/2026,14:14:21,774.88,796.0,2.6532663316582923,1410,327
09/15/2026,14:14:21,774.88,796.0,2.6532663316582923,1411,309
09/15/2026,14:14:21,774.88,796.0,2.6532663316582923,1412,395
09/15/2026,14:14:21,774.88,796.0,2.6532663316582923,1413,362
09/15/2026,14:14:21,774.88,796.0,2.6532663316582923,1414,399
09/15/2026,14:14:21,774.88,796.0,2.6532663316582923,1415,349
09/15/2026,14:14:21,774.88,796.0,2.6532663316582923,1416,380
09/15/2026,14:14:21,774.88,796.0,2.6532663316582923,1417,352
09/15/2026,14:14:21,774.88,796.0,2.6532663316582923,1418,371
09/15/2026,14:14:21,774.88,796.0,2.6532663316582923,1419,344
09/15/2026,14:14:21,774.88,796.0,2.6532663316582923,1420,363
09/15/2026,14:14:21,774.88,796.0,2.6532663316582923,1421,336
09/15/2026,14:14:21,774.88,796.0,2.6532663316582923,1422,340
09/15/2026,14:14:21,774.88,796.0,2.6532663316582923,1423,348
09/15/2026,14:14:21,774.88,796.0,2.6532663316582923,1424,360
09/15/2026,14:14:21,774.88,796.0,2.6532663316582923,1425,344
09/15/2026,14:14:21,774.88,796.0,2.6532663316582923,1426,331
09/15/2026,14:14:21,774.88,796.0,2.6532663316582923,1427,340
09/15/2026,14:14:21,774.88,796.0,2.6532663316582923,1428,346
09/15/2026,14:14:21,774.88,796.0,2.6532663316582923,1429,371
09/15/2026,14:14:21,774.88,796.0,2.6532663316582923,1430,383
09/15/2026,14:14:21,774.88,796.0,2.6532663316582923,1431,363
09/15/2026,14:14:21,774.88,796.0,2.6532663316582923,1432,370
09/15/2026,14:14:21,774.88,796.0,2.6532663316582923,1433,345
09/15/2026,14:14:21,774.88,796.0,2.6532663316582923,1434,344
09/15/2026,14:14:21,774.88,796.0,2.6532663316582923,1435,303
09/15/2026,14:14:21,774.88,796.0,2.6532663316582923,1436,365
09/15/2026,14:14:21,774.88,796.0,2.6532663316582923,1437,342
09/15/2026,14:14:21,774.88,796.0,2.6532663316582923,1438,343
09/15/2026,14:14:21,774.88,796.0,2.6532663316582923,1439,362
09/15/2026,14:14:21,774.88,796.0,2.6532663316582923,1440,338
09/15/2026,14:14:21,774.88,796.0,2.6532663316582923,1441,347
09/15/2026,14:14:21,774.88,796.0,2.6532663316582923,1442,348
09/15/2026,14:14:21,774.88,796.0,2.6532663316582923,1443,315
09/15/2026,14:14:21,774.88,796.0,2.6532663316582923,1444,331
09/15/2026,14:14:21,774.88,796.0,2.6532663316582923,1445,360
09/15/2026,14:14:21,774.88,796.0,2.6532663316582923,1446,341
09/15/2026,14:14:21,774.88,796.0,2.6532663316582923,1447,327
09/15/2026,14:14:21,774.88,796.0,2.6532663316582923,1448,316
09/15/2026,14:14:21,774.88,796.0,2.6532663316582923,1449,352
09/15/2026,14:14:21,774.88,796.0,2.6532663316582923,1450,303
09/15/2026,14:14:21,774.88,796.0,2.6532663316582923,1451,310
09/15/2026,14:14:21,774.88,796.0,2.6532663316582923,1452,338
09/15/2026,14:14:21,774.88,796.0,2.6532663316582923,1453,326
09/15/2026,14:14:21,774.88,796.0,2.6532663316582923,1454,346
09/15/2026,14:14:21,774.88,796.0,2.6532663316582923,1455,304
09/15/2026,14:14:21,774.88,796.0,2.6532663316582923,1456,335
09/15/2026,14:14:21,774.88,796.0,2.6532663316582923,1457,337
09/15/2026,14:14:21,774.88,796.0,2.6532663316582923,1458,359
09/15/2026,14:14:21,774.88,796.0,2.6532663316582923,1459,333
09/15/2026,14:14:21,774.88,796.0,2.6532663316582923,1460,316
09/15/2026,14:14:21,774.88,796.0,2.6532663316582923,1461,339
09/15/2026,14:14:21,774.88,796.0,2.6532663316582923,1462,318
09/15/2026,14:14:21,774.88,796.0,2.6532663316582923,1463,343
09/15/2026,14:14:21,774.88,796.0,2.6532663316582923,1464,324
09/15/2026,14:14:21,774.88,796.0,2.6532663316582923,1465,328
09/15/2026,14:14:21,774.88,796.0,2.6532663316582923,1466,342
09/15/2026,14:14:21,774.88,796.0,2.6532663316582923,1467,296
09/15/2026,14:14:21,774.88,796.0,2.6532663316582923,1468,306
09/15/2026,14:14:21,774.88,796.0,2.6532663316582923,1469,332
09/15/2026,14:14:21,774.88,796.0,2.6532663316582923,1470,317
09/15/2026,14:14:21,774.88,796.0,2.6532663316582923,1471,311
09/15/2026,14:14:21,774.88,796.0,2.6532663316582923,1472,296
09/15/2026,14:14:21,774.88,796.0,2.6532663316582923,1473,337
09/15/2026,14:14:21,774.88,796.0,2.6532663316582923,1474,326
09/15/2026,14:14:21,774.88,796.0,2.6532663316582923,1475,330
09/15/2026,14:14:21,774.88,796.0,2.6532663316582923,1476,305
09/15/2026,14:14:21,774.88,796.0,2.6532663316582923,1477,325
09/15/2026,14:14:21,774.88,796.0,2.6532663316582923,1478,280
09/15/2026,14:14:21,774.88,796.0,2.6532663316582923,1479,301
09/15/2026,14:14:21,774.88,796.0,2.6532663316582923,1480,319
09/15/2026,14:14:21,774.88,796.0,2.6532663316582923,1481,318
09/15/2026,14:14:21,774.88,796.0,2.6532663316582923,1482,285
09/15/2026,14:14:21,774.88,796.0,2.6532663316582923,1483,310
09/15/2026,14:14:21,774.88,796.0,2.6532663316582923,1484,324
09/15/2026,14:14:21,774.88,796.0,2.6532663316582923,1485,280
09/15/2026,14:14:21,774.88,796.0,2.6532663316582923,1486,318
09/15/2026,14:14:21,774.88,796.0,2.6532663316582923,1487,317
09/15/2026,14:14:21,774.88,796.0,2.6532663316582923,1488,297
09/15/2026,14:14:21,774.88,796.0,2.6532663316582923,1489,312
09/15/2026,14:14:21,774.88,796.0,2.6532663316582923,1490,334
09/15/2026,14:14:21,774.88,796.0,2.6532663316582923,1491,305
09/15/2026,14:14:21,774.88,796.0,2.6532663316582923,1492,317
09/15/2026,14:14:21,774.88,796.0,2.6532663316582923,1493,297
09/15/2026,14:14:21,774.88,796.0,2.6532663316582923,1494,302
09/15/2026,14:14:21,774.88,796.0,2.6532663316582923,1495,313
09/15/2026,14:14:21,774.88,796.0,2.6532663316582923,1496,320
09/15/2026,14:14:21,774.88,796.0,2.6532663316582923,1497,320
09/15/2026,14:14:21,774.88,796.0,2.6532663316582923,1498,335
09/15/2026,14:14:21,774.88,796.0,2.6532663316582923,1499,326
09/15/2026,14:14:21,774.88,796.0,2.6532663316582923,1500,270
09/15/2026,14:14:21,774.88,796.0,2.6532663316582923,1501,301
09/15/2026,14:14:21,774.88,796.0,2.6532663316582923,1502,336
09/15/2026,14:14:21,774.88,796.0,2.6532663316582923,1503,299
09/15/2026,14:14:21,774.88,796.0,2.6532663316582923,1504,310
09/15/2026,14:14:21,774.88,796.0,2.6532663316582923,1505,289
09/15/2026,14:14:21,774.88,796.0,2.6532663316582923,1506,286
09/15/2026,14:14:21,774.88,796.0,2.6532663316582923,1507,323
09/15/2026,14:14:21,774.88,796.0,2.6532663316582923,1508,301
09/15/2026,14:14:21,774.88,796.0,2.6532663316582923,1509,306
09/15/2026,14:14:21,774.88,796.0,2.6532663316582923,1510,265
09/15/2026,14:14:21,774.88,796.0,2.6532663316582923,1511,272
09/15/2026,14:14:21,774.88,796.0,2.6532663316582923,1512,313
09/15/2026,14:14:21,774.88,796.0,2.6532663316582923,1513,304
09/15/2026,14:14:21,774.88,796.0,2.6532663316582923,1514,307
09/15/2026,14:14:21,774.88,796.0,2.6532663316582923,1515,254
09/15/2026,14:14:21,774.88,796.0,2.6532663316582923,1516,316
09/15/2026,14:14:21,774.88,796.0,2.6532663316582923,1517,316
09/15/2026,14:14:21,774.88,796.0,2.6532663316582923,1518,270
09/15/2026,14:14:21,774.88,796.0,2.6532663316582923,1519,284
09/15/2026,14:14:21,774.88,796.0,2.6532663316582923,1520,310
09/15/2026,14:14:21,774.88,796.0,2.6532663316582923,1521,316
09/15/2026,14:14:21,774.88,796.0,2.6532663316582923,1522,318
09/15/2026,14:14:21,774.88,796.0,2.6532663316582923,1523,291
09/15/2026,14:14:21,774.88,796.0,2.6532663316582923,1524,306
09/15/2026,14:14:21,774.88,796.0,2.6532663316582923,1525,305
09/15/2026,14:14:21,774.88,796.0,2.6532663316582923,1526,294
09/15/2026,14:14:21,774.88,796.0,2.6532663316582923,1527,283
09/15/2026,14:14:21,774.88,796.0,2.6532663316582923,1528,268
09/15/2026,14:14:21,774.88,796.0,2.6532663316582923,1529,245
09/15/2026,14:14:21,774.88,796.0,2.6532663316582923,1530,284
09/15/2026,14:14:21,774.88,796.0,2.6532663316582923,1531,272
09/15/2026,14:14:21,774.88,796.0,2.6532663316582923,1532,275
09/15/2026,14:14:21,774.88,796.0,2.6532663316582923,1533,289
09/15/2026,14:14:21,774.88,796.0,2.6532663316582923,1534,264
09/15/2026,14:14:21,774.88,796.0,2.6532663316582923,1535,278
09/15/2026,14:14:21,774.88,796.0,2.6532663316582923,1536,276
09/15/2026,14:14:21,774.88,796.0,2.6532663316582923,1537,289
09/15/2026,14:14:21,774.88,796.0,2.6532663316582923,1538,333
09/15/2026,14:14:21,774.88,796.0,2.6532663316582923,1539,309
09/15/2026,14:14:21,774.88,796.0,2.6532663316582923,1540,280
09/15/2026,14:14:21,774.88,796.0,2.6532663316582923,1541,287
09/15/2026,14:14:21,774.88,796.0,2.6532663316582923,1542,273
09/15/2026,14:14:21,774.88,796.0,2.6532663316582923,1543,307
09/15/2026,14:14:21,774.88,796.0,2.6532663316582923,1544,230
09/15/2026,14:14:21,774.88,796.0,2.6532663316582923,1545,294
09/15/2026,14:14:21,774.88,796.0,2.6532663316582923,1546,288
09/15/2026,14:14:21,774.88,796.0,2.6532663316582923,1547,278
09/15/2026,14:14:21,774.88,796.0,2.6532663316582923,1548,260
09/15/2026,14:14:21,774.88,796.0,2.6532663316582923,1549,273
09/15/2026,14:14:21,774.88,796.0,2.6532663316582923,1550,277
09/15/2026,14:14:21,774.88,796.0,2.6532663316582923,1551,262
09/15/2026,14:14:21,774.88,796.0,2.6532663316582923,1552,281
09/15/2026,14:14:21,774.88,796.0,2.6532663316582923,1553,247
09/15/2026,14:14:21,774.88,796.0,2.6532663316582923,1554,286
09/15/2026,14:14:21,774.88,796.0,2.6532663316582923,1555,261
09/15/2026,14:14:21,774.88,796.0,2.6532663316582923,1556,268
09/15/2026,14:14:21,774.88,796.0,2.6532663316582923,1557,259
09/15/2026,14:14:21,774.88,796.0,2.6532663316582923,1558,260
09/15/2026,14:14:21,774.88,796.0,2.6532663316582923,1559,268
09/15/2026,14:14:21,774.88,796.0,2.6532663316582923,1560,288
09/15/2026,14:14:21,774.88,796.0,2.6532663316582923,1561,292
09/15/2026,14:14:21,774.88,796.0,2.6532663316582923,1562,252
09/15/2026,14:14:21,774.88,796.0,2.6532663316582923,1563,285
09/15/2026,14:14:21,774.88,796.0,2.6532663316582923,1564,271
09/15/2026,14:14:21,774.88,796.0,2.6532663316582923,1565,271
09/15/2026,14:14:21,774.88,796.0,2.6532663316582923,1566,246
09/15/2026,14:14:21,774.88,796.0,2.6532663316582923,1567,271
09/15/2026,14:14:21,774.88,796.0,2.6532663316582923,1568,264
09/15/2026,14:14:21,774.88,796.0,2.6532663316582923,1569,284
09/15/2026,14:14:21,774.88,796.0,2.6532663316582923,1570,267
09/15/2026,14:14:21,774.88,796.0,2.6532663316582923,1571,282
09/15/2026,14:14:21,774.88,796.0,2.6532663316582923,1572,271
09/15/2026,14:14:21,774.88,796.0,2.6532663316582923,1573,285
09/15/2026,14:14:21,774.88,796.0,2.6532663316582923,1574,277
09/15/2026,14:14:21,774.88,796.0,2.6532663316582923,1575,270
09/15/2026,14:14:21,774.88,796.0,2.6532663316582923,1576,230
09/15/2026,14:14:21,774.88,796.0,2.6532663316582923,1577,213
09/15/2026,14:14:21,774.88,796.0,2.6532663316582923,1578,270
09/15/2026,14:14:21,774.88,796.0,2.6532663316582923,1579,271
09/15/2026,14:14:21,774.88,796.0,2.6532663316582923,1580,243
09/15/2026,14:14:21,774.88,796.0,2.6532663316582923,1581,237
09/15/2026,14:14:21,774.88,796.0,2.6532663316582923,1582,259
09/15/2026,14:14:21,774.88,796.0,2.6532663316582923,1583,255
09/15/2026,14:14:21,774.88,796.0,2.6532663316582923,1584,259
09/15/2026,14:14:21,774.88,796.0,2.6532663316582923,1585,271
09/15/2026,14:14:21,774.88,796.0,2.6532663316582923,1586,242
09/15/2026,14:14:21,774.88,796.0,2.6532663316582923,1587,280
09/15/2026,14:14:21,774.88,796.0,2.6532663316582923,1588,251
09/15/2026,14:14:21,774.88,796.0,2.6532663316582923,1589,273
09/15/2026,14:14:21,774.88,796.0,2.6532663316582923,1590,274
09/15/2026,14:14:21,774.88,796.0,2.6532663316582923,1591,271
09/15/2026,14:14:21,774.88,796.0,2.6532663316582923,1592,266
09/15/2026,14:14:21,774.88,796.0,2.6532663316582923,1593,265
09/15/2026,14:14:21,774.88,796.0,2.6532663316582923,1594,257
09/15/2026,14:14:21,774.88,796.0,2.6532663316582923,1595,245
09/15/2026,14:14:21,774.88,796.0,2.6532663316582923,1596,263
09/15/2026,14:14:21,774.88,796.0,2.6532663316582923,1597,246
09/15/2026,14:14:21,774.88,796.0,2.6532663316582923,1598,266
09/15/2026,14:14:21,774.88,796.0,2.6532663316582923,1599,261
09/15/2026,14:14:21,774.88,796.0,2.6532663316582923,1600,255
09/15/2026,14:14:21,774.88,796.0,2.6532663316582923,1601,238
09/15/2026,14:14:21,774.88,796.0,2.6532663316582923,1602,258
09/15/2026,14:14:21,774.88,796.0,2.6532663316582923,1603,284
09/15/2026,14:14:21,774.88,796.0,2.6532663316582923,1604,241
09/15/2026,14:14:21,774.88,796.0,2.6532663316582923,1605,211
09/15/2026,14:14:21,774.88,796.0,2.6532663316582923,1606,254
09/15/2026,14:14:21,774.88,796.0,2.6532663316582923,1607,226
09/15/2026,14:14:21,774.88,796.0,2.6532663316582923,1608,240
09/15/2026,14:14:21,774.88,796.0,2.6532663316582923,1609,232
09/15/2026,14:14:21,774.88,796.0,2.6532663316582923,1610,235
09/15/2026,14:14:21,774.88,796.0,2.6532663316582923,1611,264
09/15/2026,14:14:21,774.88,796.0,2.6532663316582923,1612,252
09/15/2026,14:14:21,774.88,796.0,2.6532663316582923,1613,235
09/15/2026,14:14:21,774.88,796.0,2.6532663316582923,1614,239
09/15/2026,14:14:21,774.88,796.0,2.6532663316582923,1615,217
09/15/2026,14:14:21,774.88,796.0,2.6532663316582923,1616,255
09/15/2026,14:14:21,774.88,796.0,2.6532663316582923,1617,285
09/15/2026,14:14:21,774.88,796.0,2.6532663316582923,1618,257
09/15/2026,14:14:21,774.88,796.0,2.6532663316582923,1619,238
09/15/2026,14:14:21,774.88,796.0,2.6532663316582923,1620,276
09/15/2026,14:14:21,774.88,796.0,2.6532663316582923,1621,234
09/15/2026,14:14:21,774.88,796.0,2.6532663316582923,1622,240
09/15/2026,14:14:21,774.88,796.0,2.6532663316582923,1623,249
09/15/2026,14:14:21,774.88,796.0,2.6532663316582923,1624,238
09/15/2026,14:14:21,774.88,796.0,2.6532663316582923,1625,251
09/15/2026,14:14:21,774.88,796.0,2.6532663316582923,1626,239
09/15/2026,14:14:21,774.88,796.0,2.6532663316582923,1627,250
09/15/2026,14:14:21,774.88,796.0,2.6532663316582923,1628,258
09/15/2026,14:14:21,774.88,796.0,2.6532663316582923,1629,235
09/15/2026,14:14:21,774.88,796.0,2.6532663316582923,1630,228
09/15/2026,14:14:21,774.88,796.0,2.6532663316582923,1631,252
09/15/2026,14:14:21,774.88,796.0,2.6532663316582923,1632,254
09/15/2026,14:14:21,774.88,796.0,2.6532663316582923,1633,248
09/15/2026,14:14:21,774.88,796.0,2.6532663316582923,1634,226
09/15/2026,14:14:21,774.88,796.0,2.6532663316582923,1635,220
09/15/2026,14:14:21,774.88,796.0,2.6532663316582923,1636,252
09/15/2026,14:14:21,774.88,796.0,2.6532663316582923,1637,210
09/15/2026,14:14:21,774.88,796.0,2.6532663316582923,1638,241
09/15/2026,14:14:21,774.88,796.0,2.6532663316582923,1639,233
09/15/2026,14:14:21,774.88,796.0,2.6532663316582923,1640,230
09/15/2026,14:14:21,774.88,796.0,2.6532663316582923,1641,216
09/15/2026,14:14:21,774.88,796.0,2.6532663316582923,1642,251
09/15/2026,14:14:21,774.88,796.0,2.6532663316582923,1643,241
09/15/2026,14:14:21,774.88,796.0,2.6532663316582923,1644,231
09/15/2026,14:14:21,774.88,796.0,2.6532663316582923,1645,207
09/15/2026,14:14:21,774.88,796.0,2.6532663316582923,1646,236
09/15/2026,14:14:21,774.88,796.0,2.6532663316582923,1647,232
09/15/2026,14:14:21,774.88,796.0,2.6532663316582923,1648,250
09/15/2026,14:14:21,774.88,796.0,2.6532663316582923,1649,225
09/15/2026,14:14:21,774.88,796.0,2.6532663316582923,1650,218
09/15/2026,14:14:21,774.88,796.0,2.6532663316582923,1651,212
09/15/2026,14:14:21,774.88,796.0,2.6532663316582923,1652,245
09/15/2026,14:14:21,774.88,796.0,2.6532663316582923,1653,222
09/15/2026,14:14:21,774.88,796.0,2.6532663316582923,1654,237
09/15/2026,14:14:21,774.88,796.0,2.6532663316582923,1655,243
09/15/2026,14:14:21,774.88,796.0,2.6532663316582923,1656,249
09/15/2026,14:14:21,774.88,796.0,2.6532663316582923,1657,199
09/15/2026,14:14:21,774.88,796.0,2.6532663316582923,1658,237
09/15/2026,14:14:21,774.88,796.0,2.6532663316582923,1659,212
09/15/2026,14:14:21,774.88,796.0,2.6532663316582923,1660,222
09/15/2026,14:14:21,774.88,796.0,2.6532663316582923,1661,243
09/15/2026,14:14:21,774.88,796.0,2.6532663316582923,1662,227
09/15/2026,14:14:21,774.88,796.0,2.6532663316582923,1663,236
09/15/2026,14:14:21,774.88,796.0,2.6532663316582923,1664,233
09/15/2026,14:14:21,774.88,796.0,2.6532663316582923,1665,211
09/15/2026,14:14:21,774.88,796.0,2.6532663316582923,1666,208
09/15/2026,14:14:21,774.88,796.0,2.6532663316582923,1667,231
09/15/2026,14:14:21,774.88,796.0,2.6532663316582923,1668,193
09/15/2026,14:14:21,774.88,796.0,2.6532663316582923,1669,247
09/15/2026,14:14:21,774.88,796.0,2.6532663316582923,1670,233
09/15/2026,14:14:21,774.88,796.0,2.6532663316582923,1671,232
09/15/2026,14:14:21,774.88,796.0,2.6532663316582923,1672,208
09/15/2026,14:14:21,774.88,796.0,2.6532663316582923,1673,211
09/15/2026,14:14:21,774.88,796.0,2.6532663316582923,1674,227
09/15/2026,14:14:21,774.88,796.0,2.6532663316582923,1675,236
09/15/2026,14:14:21,774.88,796.0,2.6532663316582923,1676,216
09/15/2026,14:14:21,774.88,796.0,2.6532663316582923,1677,237
09/15/2026,14:14:21,774.88,796.0,2.6532663316582923,1678,236
09/15/2026,14:14:21,774.88,796.0,2.6532663316582923,1679,233
09/15/2026,14:14:21,774.88,796.0,2.6532663316582923,1680,202
09/15/2026,14:14:21,774.88,796.0,2.6532663316582923,1681,200
09/15/2026,14:14:21,774.88,796.0,2.6532663316582923,1682,235
09/15/2026,14:14:21,774.88,796.0,2.6532663316582923,1683,214
09/15/2026,14:14:21,774.88,796.0,2.6532663316582923,1684,201
09/15/2026,14:14:21,774.88,796.0,2.6532663316582923,1685,221
09/15/2026,14:14:21,774.88,796.0,2.6532663316582923,1686,221
09/15/2026,14:14:21,774.88,796.0,2.6532663316582923,1687,193
09/15/2026,14:14:21,774.88,796.0,2.6532663316582923,1688,227
09/15/2026,14:14:21,774.88,796.0,2.6532663316582923,1689,239
09/15/2026,14:14:21,774.88,796.0,2.6532663316582923,1690,225
09/15/2026,14:14:21,774.88,796.0,2.6532663316582923,1691,210
09/15/2026,14:14:21,774.88,796.0,2.6532663316582923,1692,233
09/15/2026,14:14:21,774.88,796.0,2.6532663316582923,1693,211
09/15/2026,14:14:21,774.88,796.0,2.6532663316582923,1694,206
09/15/2026,14:14:21,774.88,796.0,2.6532663316582923,1695,237
09/15/2026,14:14:21,774.88,796.0,2.6532663316582923,1696,204
09/15/2026,14:14:21,774.88,796.0,2.6532663316582923,1697,205
09/15/2026,14:14:21,774.88,796.0,2.6532663316582923,1698,218
09/15/2026,14:14:21,774.88,796.0,2.6532663316582923,1699,217
09/15/2026,14:14:21,774.88,796.0,2.6532663316582923,1700,227
09/15/2026,14:14:21,774.88,796.0,2.6532663316582923,1701,252
09/15/2026,14:14:21,774.88,796.0,2.6532663316582923,1702,226
09/15/2026,14:14:21,774.88,796.0,2.6532663316582923,1703,213
09/15/2026,14:14:21,774.88,796.0,2.6532663316582923,1704,190
09/15/2026,14:14:21,774.88,796.0,2.6532663316582923,1705,205
09/15/2026,14:14:21,774.88,796.0,2.6532663316582923,1706,211
09/15/2026,14:14:21,774.88,796.0,2.6532663316582923,1707,185
09/15/2026,14:14:21,774.88,796.0,2.6532663316582923,1708,234
09/15/2026,14:14:21,774.88,796.0,2.6532663316582923,1709,186
09/15/2026,14:14:21,774.88,796.0,2.6532663316582923,1710,209
09/15/2026,14:14:21,774.88,796.0,2.6532663316582923,1711,196
09/15/2026,14:14:21,774.88,796.0,2.6532663316582923,1712,203
09/15/2026,14:14:21,774.88,796.0,2.6532663316582923,1713,207
09/15/2026,14:14:21,774.88,796.0,2.6532663316582923,1714,189
09/15/2026,14:14:21,774.88,796.0,2.6532663316582923,1715,189
09/15/2026,14:14:21,774.88,796.0,2.6532663316582923,1716,197
09/15/2026,14:14:21,774.88,796.0,2.6532663316582923,1717,198
09/15/2026,14:14:21,774.88,796.0,2.6532663316582923,1718,195
09/15/2026,14:14:21,774.88,796.0,2.6532663316582923,1719,235
09/15/2026,14:14:21,774.88,796.0,2.6532663316582923,1720,219
09/15/2026,14:14:21,774.88,796.0,2.6532663316582923,1721,215
09/15/2026,14:14:21,774.88,796.0,2.6532663316582923,1722,198
09/15/2026,14:14:21,774.88,796.0,2.6532663316582923,1723,209
09/15/2026,14:14:21,774.88,796.0,2.6532663316582923,1724,209
09/15/2026,14:14:21,774.88,796.0,2.6532663316582923,1725,225
09/15/2026,14:14:21,774.88,796.0,2.6532663316582923,1726,192
09/15/2026,14:14:21,774.88,796.0,2.6532663316582923,1727,197
09/15/2026,14:14:21,774.88,796.0,2.6532663316582923,1728,202
09/15/2026,14:14:21,774.88,796.0,2.6532663316582923,1729,184
09/15/2026,14:14:21,774.88,796.0,2.6532663316582923,1730,213
09/15/2026,14:14:21,774.88,796.0,2.6532663316582923,1731,199
09/15/2026,14:14:21,774.88,796.0,2.6532663316582923,1732,201
09/15/2026,14:14:21,774.88,796.0,2.6532663316582923,1733,216
09/15/2026,14:14:21,774.88,796.0,2.6532663316582923,1734,190
09/15/2026,14:14:21,774.88,796.0,2.6532663316582923,1735,207
09/15/2026,14:14:21,774.88,796.0,2.6532663316582923,1736,209
09/15/2026,14:14:21,774.88,796.0,2.6532663316582923,1737,224
09/15/2026,14:14:21,774.88,796.0,2.6532663316582923,1738,186
09/15/2026,14:14:21,774.88,796.0,2.6532663316582923,1739,193
09/15/2026,14:14:21,774.88,796.0,2.6532663316582923,1740,226
09/15/2026,14:14:21,774.88,796.0,2.6532663316582923,1741,196
09/15/2026,14:14:21,774.88,796.0,2.6532663316582923,1742,227
09/15/2026,14:14:21,774.88,796.0,2.6532663316582923,1743,197
09/15/2026,14:14:21,774.88,796.0,2.6532663316582923,1744,179
09/15/2026,14:14:21,774.88,796.0,2.6532663316582923,1745,205
09/15/2026,14:14:21,774.88,796.0,2.6532663316582923,1746,190
09/15/2026,14:14:21,774.88,796.0,2.6532663316582923,1747,201
09/15/2026,14:14:21,774.88,796.0,2.6532663316582923,1748,226
09/15/2026,14:14:21,774.88,796.0,2.6532663316582923,1749,210
09/15/2026,14:14:21,774.88,796.0,2.6532663316582923,1750,189
09/15/2026,14:14:21,774.88,796.0,2.6532663316582923,1751,199
09/15/2026,14:14:21,774.88,796.0,2.6532663316582923,1752,195
09/15/2026,14:14:21,774.88,796.0,2.6532663316582923,1753,189
09/15/2026,14:14:21,774.88,796.0,2.6532663316582923,1754,197
09/15/2026,14:14:21,774.88,796.0,2.6532663316582923,1755,193
09/15/2026,14:14:21,774.88,796.0,2.6532663316582923,1756,199
09/15/2026,14:14:21,774.88,796.0,2.6532663316582923,1757,196
09/15/2026,14:14:21,774.88,796.0,2.6532663316582923,1758,205
09/15/2026,14:14:21,774.88,796.0,2.6532663316582923,1759,194
09/15/2026,14:14:21,774.88,796.0,2.6532663316582923,1760,198
09/15/2026,14:14:21,774.88,796.0,2.6532663316582923,1761,180
09/15/2026,14:14:21,774.88,796.0,2.6532663316582923,1762,191
09/15/2026,14:14:21,774.88,796.0,2.6532663316582923,1763,183
09/15/2026,14:14:21,774.88,796.0,2.6532663316582923,1764,185
09/15/2026,14:14:21,774.88,796.0,2.6532663316582923,1765,216
09/15/2026,14:14:21,774.88,796.0,2.6532663316582923,1766,186
09/15/2026,14:14:21,774.88,796.0,2.6532663316582923,1767,208
09/15/2026,14:14:21,774.88,796.0,2.6532663316582923,1768,191
09/15/2026,14:14:21,774.88,796.0,2.6532663316582923,1769,180
09/15/2026,14:14:21,774.88,796.0,2.6532663316582923,1770,208
09/15/2026,14:14:21,774.88,796.0,2.6532663316582923,1771,216
09/15/2026,14:14:21,774.88,796.0,2.6532663316582923,1772,189
09/15/2026,14:14:21,774.88,796.0,2.6532663316582923,1773,198
09/15/2026,14:14:21,774.88,796.0,2.6532663316582923,1774,203
09/15/2026,14:14:21,774.88,796.0,2.6532663316582923,1775,192
09/15/2026,14:14:21,774.88,796.0,2.6532663316582923,1776,191
09/15/2026,14:14:21,774.88,796.0,2.6532663316582923,1777,185
09/15/2026,14:14:21,774.88,796.0,2.6532663316582923,1778,192
09/15/2026,14:14:21,774.88,796.0,2.6532663316582923,1779,194
09/15/2026,14:14:21,774.88,796.0,2.6532663316582923,1780,173
09/15/2026,14:14:21,774.88,796.0,2.6532663316582923,1781,198
09/15/2026,14:14:21,774.88,796.0,2.6532663316582923,1782,192
09/15/2026,14:14:21,774.88,796.0,2.6532663316582923,1783,172
09/15/2026,14:14:21,774.88,796.0,2.6532663316582923,1784,176
09/15/2026,14:14:21,774.88,796.0,2.6532663316582923,1785,182
09/15/2026,14:14:21,774.88,796.0,2.6532663316582923,1786,190
09/15/2026,14:14:21,774.88,796.0,2.6532663316582923,1787,194
09/15/2026,14:14:21,774.88,796.0,2.6532663316582923,1788,192
09/15/2026,14:14:21,774.88,796.0,2.6532663316582923,1789,198
09/15/2026,14:14:21,774.88,796.0,2.6532663316582923,1790,195
09/15/2026,14:14:21,774.88,796.0,2.6532663316582923,1791,164
09/15/2026,14:14:21,774.88,796.0,2.6532663316582923,1792,178
09/15/2026,14:14:21,774.88,796.0,2.6532663316582923,1793,179
09/15/2026,14:14:21,774.88,796.0,2.6532663316582923,1794,193
09/15/2026,14:14:21,774.88,796.0,2.6532663316582923,1795,218
09/15/2026,14:14:21,774.88,796.0,2.6532663316582923,1796,186
09/15/2026,14:14:21,774.88,796.0,2.6532663316582923,1797,181
09/15/2026,14:14:21,774.88,796.0,2.6532663316582923,1798,185
09/15/2026,14:14:21,774.88,796.0,2.6532663316582923,1799,181
09/15/2026,14:14:21,774.88,796.0,2.6532663316582923,1800,193
09/15/2026,14:14:21,774.88,796.0,2.6532663316582923,1801,185
09/15/2026,14:14:21,774.88,796.0,2.6532663316582923,1802,181
09/15/2026,14:14:21,774.88,796.0,2.6532663316582923,1803,192
09/15/2026,14:14:21,774.88,796.0,2.6532663316582923,1804,187
09/15/2026,14:14:21,774.88,796.0,2.6532663316582923,1805,180
09/15/2026,14:14:21,774.88,796.0,2.6532663316582923,1806,201
09/15/2026,14:14:21,774.88,796.0,2.6532663316582923,1807,173
09/15/2026,14:14:21,774.88,796.0,2.6532663316582923,1808,175
09/15/2026,14:14:21,774.88,796.0,2.6532663316582923,1809,182
09/15/2026,14:14:21,774.88,796.0,2.6532663316582923,1810,200
09/15/2026,14:14:21,774.88,796.0,2.6532663316582923,1811,169
09/15/2026,14:14:21,774.88,796.0,2.6532663316582923,1812,190
09/15/2026,14:14:21,774.88,796.0,2.6532663316582923,1813,173
09/15/2026,14:14:21,774.88,796.0,2.6532663316582923,1814,196
09/15/2026,14:14:21,774.88,796.0,2.6532663316582923,1815,192
09/15/2026,14:14:21,774.88,796.0,2.6532663316582923,1816,187
09/15/2026,14:14:21,774.88,796.0,2.6532663316582923,1817,174
09/15/2026,14:14:21,774.88,796.0,2.6532663316582923,1818,184
09/15/2026,14:14:21,774.88,796.0,2.6532663316582923,1819,155
09/15/2026,14:14:21,774.88,796.0,2.6532663316582923,1820,162
09/15/2026,14:14:21,774.88,796.0,2.6532663316582923,1821,184
09/15/2026,14:14:21,774.88,796.0,2.6532663316582923,1822,200
09/15/2026,14:14:21,774.88,796.0,2.6532663316582923,1823,186
09/15/2026,14:14:21,774.88,796.0,2.6532663316582923,1824,178
09/15/2026,14:14:21,774.88,796.0,2.6532663316582923,1825,163
09/15/2026,14:14:21,774.88,796.0,2.6532663316582923,1826,173
09/15/2026,14:14:21,774.88,796.0,2.6532663316582923,1827,197
09/15/2026,14:14:21,774.88,796.0,2.6532663316582923,1828,169
09/15/2026,14:14:21,774.88,796.0,2.6532663316582923,1829,175
09/15/2026,14:14:21,774.88,796.0,2.6532663316582923,1830,191
09/15/2026,14:14:21,774.88,796.0,2.6532663316582923,1831,194
09/15/2026,14:14:21,774.88,796.0,2.6532663316582923,1832,161
09/15/2026,14:14:21,774.88,796.0,2.6532663316582923,1833,179
09/15/2026,14:14:21,774.88,796.0,2.6532663316582923,1834,181
09/15/2026,14:14:21,774.88,796.0,2.6532663316582923,1835,166
09/15/2026,14:14:21,774.88,796.0,2.6532663316582923,1836,188
09/15/2026,14:14:21,774.88,796.0,2.6532663316582923,1837,189
09/15/2026,14:14:21,774.88,796.0,2.6532663316582923,1838,179
09/15/2026,14:14:21,774.88,796.0,2.6532663316582923,1839,172
09/15/2026,14:14:21,774.88,796.0,2.6532663316582923,1840,183
09/15/2026,14:14:21,774.88,796.0,2.6532663316582923,1841,171
09/15/2026,14:14:21,774.88,796.0,2.6532663316582923,1842,170
09/15/2026,14:14:21,774.88,796.0,2.6532663316582923,1843,167
09/15/2026,14:14:21,774.88,796.0,2.6532663316582923,1844,154
09/15/2026,14:14:21,774.88,796.0,2.6532663316582923,1845,174
09/15/2026,14:14:21,774.88,796.0,2.6532663316582923,1846,183
09/15/2026,14:14:21,774.88,796.0,2.6532663316582923,1847,201
09/15/2026,14:14:21,774.88,796.0,2.6532663316582923,1848,206
09/15/2026,14:14:21,774.88,796.0,2.6532663316582923,1849,192
09/15/2026,14:14:21,774.88,796.0,2.6532663316582923,1850,172
09/15/2026,14:14:21,774.88,796.0,2.6532663316582923,1851,163
09/15/2026,14:14:21,774.88,796.0,2.6532663316582923,1852,159
09/15/2026,14:14:21,774.88,796.0,2.6532663316582923,1853,193
09/15/2026,14:14:21,774.88,796.0,2.6532663316582923,1854,178
09/15/2026,14:14:21,774.88,796.0,2.6532663316582923,1855,168
09/15/2026,14:14:21,774.88,796.0,2.6532663316582923,1856,177
09/15/2026,14:14:21,774.88,796.0,2.6532663316582923,1857,177
09/15/2026,14:14:21,774.88,796.0,2.6532663316582923,1858,176
09/15/2026,14:14:21,774.88,796.0,2.6532663316582923,1859,154
09/15/2026,14:14:21,774.88,796.0,2.6532663316582923,1860,172
09/15/2026,14:14:21,774.88,796.0,2.6532663316582923,1861,198
09/15/2026,14:14:21,774.88,796.0,2.6532663316582923,1862,169
09/15/2026,14:14:21,774.88,796.0,2.6532663316582923,1863,181
09/15/2026,14:14:21,774.88,796.0,2.6532663316582923,1864,186
09/15/2026,14:14:21,774.88,796.0,2.6532663316582923,1865,197
09/15/2026,14:14:21,774.88,796.0,2.6532663316582923,1866,175
09/15/2026,14:14:21,774.88,796.0,2.6532663316582923,1867,191
09/15/2026,14:14:21,774.88,796.0,2.6532663316582923,1868,172
09/15/2026,14:14:21,774.88,796.0,2.6532663316582923,1869,166
09/15/2026,14:14:21,774.88,796.0,2.6532663316582923,1870,162
09/15/2026,14:14:21,774.88,796.0,2.6532663316582923,1871,164
09/15/2026,14:14:21,774.88,796.0,2.6532663316582923,1872,179
09/15/2026,14:14:21,774.88,796.0,2.6532663316582923,1873,171
09/15/2026,14:14:21,774.88,796.0,2.6532663316582923,1874,182
09/15/2026,14:14:21,774.88,796.0,2.6532663316582923,1875,186
09/15/2026,14:14:21,774.88,796.0,2.6532663316582923,1876,186
09/15/2026,14:14:21,774.88,796.0,2.6532663316582923,1877,196
09/15/2026,14:14:21,774.88,796.0,2.6532663316582923,1878,162
09/15/2026,14:14:21,774.88,796.0,2.6532663316582923,1879,145
09/15/2026,14:14:21,774.88,796.0,2.6532663316582923,1880,162
09/15/2026,14:14:21,774.88,796.0,2.6532663316582923,1881,176
09/15/2026,14:14:21,774.88,796.0,2.6532663316582923,1882,160
09/15/2026,14:14:21,774.88,796.0,2.6532663316582923,1883,180
09/15/2026,14:14:21,774.88,796.0,2.6532663316582923,1884,155
09/15/2026,14:14:21,774.88,796.0,2.6532663316582923,1885,158
09/15/2026,14:14:21,774.88,796.0,2.6532663316582923,1886,184
09/15/2026,14:14:21,774.88,796.0,2.6532663316582923,1887,164
09/15/2026,14:14:21,774.88,796.0,2.6532663316582923,1888,162
09/15/2026,14:14:21,774.88,796.0,2.6532663316582923,1889,168
09/15/2026,14:14:21,774.88,796.0,2.6532663316582923,1890,180
09/15/2026,14:14:21,774.88,796.0,2.6532663316582923,1891,188
09/15/2026,14:14:21,774.88,796.0,2.6532663316582923,1892,158
09/15/2026,14:14:21,774.88,796.0,2.6532663316582923,1893,177
09/15/2026,14:14:21,774.88,796.0,2.6532663316582923,1894,160
09/15/2026,14:14:21,774.88,796.0,2.6532663316582923,1895,176
09/15/2026,14:14:21,774.88,796.0,2.6532663316582923,1896,182
09/15/2026,14:14:21,774.88,796.0,2.6532663316582923,1897,166
09/15/2026,14:14:21,774.88,796.0,2.6532663316582923,1898,171
09/15/2026,14:14:21,774.88,796.0,2.6532663316582923,1899,155
09/15/2026,14:14:21,774.88,796.0,2.6532663316582923,1900,160
09/15/2026,14:14:21,774.88,796.0,2.6532663316582923,1901,181
09/15/2026,14:14:21,774.88,796.0,2.6532663316582923,1902,160
09/15/2026,14:14:21,774.88,796.0,2.6532663316582923,1903,160
09/15/2026,14:14:21,774.88,796.0,2.6532663316582923,1904,177
09/15/2026,14:14:21,774.88,796.0,2.6532663316582923,1905,168
09/15/2026,14:14:21,774.88,796.0,2.6532663316582923,1906,188
09/15/2026,14:14:21,774.88,796.0,2.6532663316582923,1907,163
09/15/2026,14:14:21,774.88,796.0,2.6532663316582923,1908,175
09/15/2026,14:14:21,774.88,796.0,2.6532663316582923,1909,170
09/15/2026,14:14:21,774.88,796.0,2.6532663316582923,1910,182
09/15/2026,14:14:21,774.88,796.0,2.6532663316582923,1911,188
09/15/2026,14:14:21,774.88,796.0,2.6532663316582923,1912,162
09/15/2026,14:14:21,774.88,796.0,2.6532663316582923,1913,156
09/15/2026,14:14:21,774.88,796.0,2.6532663316582923,1914,141
09/15/2026,14:14:21,774.88,796.0,2.6532663316582923,1915,182
09/15/2026,14:14:21,774.88,796.0,2.6532663316582923,1916,152
09/15/2026,14:14:21,774.88,796.0,2.6532663316582923,1917,163
09/15/2026,14:14:21,774.88,796.0,2.6532663316582923,1918,163
09/15/2026,14:14:21,774.88,796.0,2.6532663316582923,1919,167
09/15/2026,14:14:21,774.88,796.0,2.6532663316582923,1920,185
09/15/2026,14:14:21,774.88,796.0,2.6532663316582923,1921,165
09/15/2026,14:14:21,774.88,796.0,2.6532663316582923,1922,143
09/15/2026,14:14:21,774.88,796.0,2.6532663316582923,1923,160
09/15/2026,14:14:21,774.88,796.0,2.6532663316582923,1924,168
09/15/2026,14:14:21,774.88,796.0,2.6532663316582923,1925,167
09/15/2026,14:14:21,774.88,796.0,2.6532663316582923,1926,155
09/15/2026,14:14:21,774.88,796.0,2.6532663316582923,1927,157
09/15/2026,14:14:21,774.88,796.0,2.6532663316582923,1928,173
09/15/2026,14:14:21,774.88,796.0,2.6532663316582923,1929,158
09/15/2026,14:14:21,774.88,796.0,2.6532663316582923,1930,161
09/15/2026,14:14:21,774.88,796.0,2.6532663316582923,1931,177
09/15/2026,14:14:21,774.88,796.0,2.6532663316582923,1932,162
09/15/2026,14:14:21,774.88,796.0,2.6532663316582923,1933,153
09/15/2026,14:14:21,774.88,796.0,2.6532663316582923,1934,168
09/15/2026,14:14:21,774.88,796.0,2.6532663316582923,1935,164
09/15/2026,14:14:21,774.88,796.0,2.6532663316582923,1936,159
09/15/2026,14:14:21,774.88,796.0,2.6532663316582923,1937,151
09/15/2026,14:14:21,774.88,796.0,2.6532663316582923,1938,155
09/15/2026,14:14:21,774.88,796.0,2.6532663316582923,1939,150
09/15/2026,14:14:21,774.88,796.0,2.6532663316582923,1940,164
09/15/2026,14:14:21,774.88,796.0,2.6532663316582923,1941,154
09/15/2026,14:14:21,774.88,796.0,2.6532663316582923,1942,160
09/15/2026,14:14:21,774.88,796.0,2.6532663316582923,1943,149
09/15/2026,14:14:21,774.88,796.0,2.6532663316582923,1944,154
09/15/2026,14:14:21,774.88,796.0,2.6532663316582923,1945,159
09/15/2026,14:14:21,774.88,796.0,2.6532663316582923,1946,156
09/15/2026,14:14:21,774.88,796.0,2.6532663316582923,1947,158
09/15/2026,14:14:21,774.88,796.0,2.6532663316582923,1948,156
09/15/2026,14:14:21,774.88,796.0,2.6532663316582923,1949,175
09/15/2026,14:14:21,774.88,796.0,2.6532663316582923,1950,163
09/15/2026,14:14:21,774.88,796.0,2.6532663316582923,1951,178
09/15/2026,14:14:21,774.88,796.0,2.6532663316582923,1952,170
09/15/2026,14:14:21,774.88,796.0,2.6532663316582923,1953,176
09/15/2026,14:14:21,774.88,796.0,2.6532663316582923,1954,139
09/15/2026,14:14:21,774.88,796.0,2.6532663316582923,1955,153
09/15/2026,14:14:21,774.88,796.0,2.6532663316582923,1956,160
09/15/2026,14:14:21,774.88,796.0,2.6532663316582923,1957,165
09/15/2026,14:14:21,774.88,796.0,2.6532663316582923,1958,135
09/15/2026,14:14:21,774.88,796.0,2.6532663316582923,1959,164
09/15/2026,14:14:21,774.88,796.0,2.6532663316582923,1960,141
09/15/2026,14:14:21,774.88,796.0,2.6532663316582923,1961,171
09/15/2026,14:14:21,774.88,796.0,2.6532663316582923,1962,170
09/15/2026,14:14:21,774.88,796.0,2.6532663316582923,1963,154
09/15/2026,14:14:21,774.88,796.0,2.6532663316582923,1964,161
09/15/2026,14:14:21,774.88,796.0,2.6532663316582923,1965,152
09/15/2026,14:14:21,774.88,796.0,2.6532663316582923,1966,158
09/15/2026,14:14:21,774.88,796.0,2.6532663316582923,1967,169
09/15/2026,14:14:21,774.88,796.0,2.6532663316582923,1968,144
09/15/2026,14:14:21,774.88,796.0,2.6532663316582923,1969,157
09/15/2026,14:14:21,774.88,796.0,2.6532663316582923,1970,141
09/15/2026,14:14:21,774.88,796.0,2.6532663316582923,1971,163
09/15/2026,14:14:21,774.88,796.0,2.6532663316582923,1972,159
09/15/2026,14:14:21,774.88,796.0,2.6532663316582923,1973,160
09/15/2026,14:14:21,774.88,796.0,2.6532663316582923,1974,159
09/15/2026,14:14:21,774.88,796.0,2.6532663316582923,1975,145
09/15/2026,14:14:21,774.88,796.0,2.6532663316582923,1976,156
09/15/2026,14:14:21,774.88,796.0,2.6532663316582923,1977,148
09/15/2026,14:14:21,774.88,796.0,2.6532663316582923,1978,172
09/15/2026,14:14:21,774.88,796.0,2.6532663316582923,1979,150
09/15/2026,14:14:21,774.88,796.0,2.6532663316582923,1980,127
09/15/2026,14:14:21,774.88,796.0,2.6532663316582923,1981,153
09/15/2026,14:14:21,774.88,796.0,2.6532663316582923,1982,161
09/15/2026,14:14:21,774.88,796.0,2.6532663316582923,1983,141
09/15/2026,14:14:21,774.88,796.0,2.6532663316582923,1984,178
09/15/2026,14:14:21,774.88,796.0,2.6532663316582923,1985,144
09/15/2026,14:14:21,774.88,796.0,2.6532663316582923,1986,146
09/15/2026,14:14:21,774.88,796.0,2.6532663316582923,1987,167
09/15/2026,14:14:21,774.88,796.0,2.6532663316582923,1988,163
09/15/2026,14:14:21,774.88,796.0,2.6532663316582923,1989,156
09/15/2026,14:14:21,774.88,796.0,2.6532663316582923,1990,157
09/15/2026,14:14:21,774.88,796.0,2.6532663316582923,1991,143
09/15/2026,14:14:21,774.88,796.0,2.6532663316582923,1992,145
09/15/2026,14:14:21,774.88,796.0,2.6532663316582923,1993,130
09/15/2026,14:14:21,774.88,796.0,2.6532663316582923,1994,133
09/15/2026,14:14:21,774.88,796.0,2.6532663316582923,1995,145
09/15/2026,14:14:21,774.88,796.0,2.6532663316582923,1996,134
09/15/2026,14:14:21,774.88,796.0,2.6532663316582923,1997,160
09/15/2026,14:14:21,774.88,796.0,2.6532663316582923,1998,147
09/15/2026,14:14:21,774.88,796.0,2.6532663316582923,1999,161
09/15/2026,14:14:21,774.88,796.0,2.6532663316582923,2000,162
09/15/2026,14:14:21,774.88,796.0,2.6532663316582923,2001,160
09/15/2026,14:14:21,774.88,796.0,2.6532663316582923,2002,170
09/15/2026,14:14:21,774.88,796.0,2.6532663316582923,2003,142
09/15/2026,14:14:21,774.88,796.0,2.6532663316582923,2004,157
09/15/2026,14:14:21,774.88,796.0,2.6532663316582923,2005,146
09/15/2026,14:14:21,774.88,796.0,2.6532663316582923,2006,142
09/15/2026,14:14:21,774.88,796.0,2.6532663316582923,2007,130
09/15/2026,14:14:21,774.88,796.0,2.6532663316582923,2008,163
09/15/2026,14:14:21,774.88,796.0,2.6532663316582923,2009,140
09/15/2026,14:14:21,774.88,796.0,2.6532663316582923,2010,150
09/15/2026,14:14:21,774.88,796.0,2.6532663316582923,2011,156
09/15/2026,14:14:21,774.88,796.0,2.6532663316582923,2012,156
09/15/2026,14:14:21,774.88,796.0,2.6532663316582923,2013,147
09/15/2026,14:14:21,774.88,796.0,2.6532663316582923,2014,153
09/15/2026,14:14:21,774.88,796.0,2.6532663316582923,2015,158
09/15/2026,14:14:21,774.88,796.0,2.6532663316582923,2016,164
09/15/2026,14:14:21,774.88,796.0,2.6532663316582923,2017,156
09/15/2026,14:14:21,774.88,796.0,2.6532663316582923,2018,132
09/15/2026,14:14:21,774.88,796.0,2.6532663316582923,2019,152
09/15/2026,14:14:21,774.88,796.0,2.6532663316582923,2020,159
09/15/2026,14:14:21,774.88,796.0,2.6532663316582923,2021,149
09/15/2026,14:14:21,774.88,796.0,2.6532663316582923,2022,153
09/15/2026,14:14:21,774.88,796.0,2.6532663316582923,2023,156
09/15/2026,14:14:21,774.88,796.0,2.6532663316582923,2024,149
09/15/2026,14:14:21,774.88,796.0,2.6532663316582923,2025,137
09/15/2026,14:14:21,774.88,796.0,2.6532663316582923,2026,160
09/15/2026,14:14:21,774.88,796.0,2.6532663316582923,2027,156
09/15/2026,14:14:21,774.88,796.0,2.6532663316582923,2028,145
09/15/2026,14:14:21,774.88,796.0,2.6532663316582923,2029,137
09/15/2026,14:14:21,774.88,796.0,2.6532663316582923,2030,155
09/15/2026,14:14:21,774.88,796.0,2.6532663316582923,2031,118
09/15/2026,14:14:21,774.88,796.0,2.6532663316582923,2032,133
09/15/2026,14:14:21,774.88,796.0,2.6532663316582923,2033,138
09/15/2026,14:14:21,774.88,796.0,2.6532663316582923,2034,123
09/15/2026,14:14:21,774.88,796.0,2.6532663316582923,2035,153
09/15/2026,14:14:21,774.88,796.0,2.6532663316582923,2036,151
09/15/2026,14:14:21,774.88,796.0,2.6532663316582923,2037,127
09/15/2026,14:14:21,774.88,796.0,2.6532663316582923,2038,159
09/15/2026,14:14:21,774.88,796.0,2.6532663316582923,2039,134
09/15/2026,14:14:21,774.88,796.0,2.6532663316582923,2040,142
09/15/2026,14:14:21,774.88,796.0,2.6532663316582923,2041,123
09/15/2026,14:14:21,774.88,796.0,2.6532663316582923,2042,143
09/15/2026,14:14:21,774.88,796.0,2.6532663316582923,2043,123
09/15/2026,14:14:21,774.88,796.0,2.6532663316582923,2044,135
09/15/2026,14:14:21,774.88,796.0,2.6532663316582923,2045,152
09/15/2026,14:14:21,774.88,796.0,2.6532663316582923,2046,128
09/15/2026,14:14:21,774.88,796.0,2.6532663316582923,2047,143
09/15/2026,14:14:21,774.88,796.0,2.6532663316582923,2048,141
09/15/2026,14:14:21,774.88,796.0,2.6532663316582923,2049,157
09/15/2026,14:14:21,774.88,796.0,2.6532663316582923,2050,120
09/15/2026,14:14:21,774.88,796.0,2.6532663316582923,2051,154
09/15/2026,14:14:21,774.88,796.0,2.6532663316582923,2052,131
09/15/2026,14:14:21,774.88,796.0,2.6532663316582923,2053,148
09/15/2026,14:14:21,774.88,796.0,2.6532663316582923,2054,141
09/15/2026,14:14:21,774.88,796.0,2.6532663316582923,2055,136
09/15/2026,14:14:21,774.88,796.0,2.6532663316582923,2056,152
09/15/2026,14:14:21,774.88,796.0,2.6532663316582923,2057,144
09/15/2026,14:14:21,774.88,796.0,2.6532663316582923,2058,146
09/15/2026,14:14:21,774.88,796.0,2.6532663316582923,2059,135
09/15/2026,14:14:21,774.88,796.0,2.6532663316582923,2060,131
09/15/2026,14:14:21,774.88,796.0,2.6532663316582923,2061,130
09/15/2026,14:14:21,774.88,796.0,2.6532663316582923,2062,116
09/15/2026,14:14:21,774.88,796.0,2.6532663316582923,2063,137
09/15/2026,14:14:21,774.88,796.0,2.6532663316582923,2064,120
09/15/2026,14:14:21,774.88,796.0,2.6532663316582923,2065,119
09/15/2026,14:14:21,774.88,796.0,2.6532663316582923,2066,125
09/15/2026,14:14:21,774.88,796.0,2.6532663316582923,2067,133
09/15/2026,14:14:21,774.88,796.0,2.6532663316582923,2068,127
09/15/2026,14:14:21,774.88,796.0,2.6532663316582923,2069,134
09/15/2026,14:14:21,774.88,796.0,2.6532663316582923,2070,116
09/15/2026,14:14:21,774.88,796.0,2.6532663316582923,2071,134
09/15/2026,14:14:21,774.88,796.0,2.6532663316582923,2072,135
09/15/2026,14:14:21,774.88,796.0,2.6532663316582923,2073,124
09/15/2026,14:14:21,774.88,796.0,2.6532663316582923,2074,130
09/15/2026,14:14:21,774.88,796.0,2.6532663316582923,2075,142
09/15/2026,14:14:21,774.88,796.0,2.6532663316582923,2076,143
09/15/2026,14:14:21,774.88,796.0,2.6532663316582923,2077,147
09/15/2026,14:14:21,774.88,796.0,2.6532663316582923,2078,138
09/15/2026,14:14:21,774.88,796.0,2.6532663316582923,2079,143
09/15/2026,14:14:21,774.88,796.0,2.6532663316582923,2080,129
09/15/2026,14:14:21,774.88,796.0,2.6532663316582923,2081,132
09/15/2026,14:14:21,774.88,796.0,2.6532663316582923,2082,109
09/15/2026,14:14:21,774.88,796.0,2.6532663316582923,2083,120
09/15/2026,14:14:21,774.88,796.0,2.6532663316582923,2084,136
09/15/2026,14:14:21,774.88,796.0,2.6532663316582923,2085,139
09/15/2026,14:14:21,774.88,796.0,2.6532663316582923,2086,124
09/15/2026,14:14:21,774.88,796.0,2.6532663316582923,2087,126
09/15/2026,14:14:21,774.88,796.0,2.6532663316582923,2088,125
09/15/2026,14:14:21,774.88,796.0,2.6532663316582923,2089,134
09/15/2026,14:14:21,774.88,796.0,2.6532663316582923,2090,127
09/15/2026,14:14:21,774.88,796.0,2.6532663316582923,2091,151
09/15/2026,14:14:21,774.88,796.0,2.6532663316582923,2092,129
09/15/2026,14:14:21,774.88,796.0,2.6532663316582923,2093,122
09/15/2026,14:14:21,774.88,796.0,2.6532663316582923,2094,138
09/15/2026,14:14:21,774.88,796.0,2.6532663316582923,2095,131
09/15/2026,14:14:21,774.88,796.0,2.6532663316582923,2096,120
09/15/2026,14:14:21,774.88,796.0,2.6532663316582923,2097,140
09/15/2026,14:14:21,774.88,796.0,2.6532663316582923,2098,130
09/15/2026,14:14:21,774.88,796.0,2.6532663316582923,2099,111
09/15/2026,14:14:21,774.88,796.0,2.6532663316582923,2100,125
09/15/2026,14:14:21,774.88,796.0,2.6532663316582923,2101,124
09/15/2026,14:14:21,774.88,796.0,2.6532663316582923,2102,126
09/15/2026,14:14:21,774.88,796.0,2.6532663316582923,2103,132
09/15/2026,14:14:21,774.88,796.0,2.6532663316582923,2104,103
09/15/2026,14:14:21,774.88,796.0,2.6532663316582923,2105,119
09/15/2026,14:14:21,774.88,796.0,2.6532663316582923,2106,116
09/15/2026,14:14:21,774.88,796.0,2.6532663316582923,2107,126
09/15/2026,14:14:21,774.88,796.0,2.6532663316582923,2108,105
09/15/2026,14:14:21,774.88,796.0,2.6532663316582923,2109,111
09/15/2026,14:14:21,774.88,796.0,2.6532663316582923,2110,111
09/15/2026,14:14:21,774.88,796.0,2.6532663316582923,2111,122
09/15/2026,14:14:21,774.88,796.0,2.6532663316582923,2112,126
09/15/2026,14:14:21,774.88,796.0,2.6532663316582923,2113,130
09/15/2026,14:14:21,774.88,796.0,2.6532663316582923,2114,121
09/15/2026,14:14:21,774.88,796.0,2.6532663316582923,2115,112
09/15/2026,14:14:21,774.88,796.0,2.6532663316582923,2116,123
09/15/2026,14:14:21,774.88,796.0,2.6532663316582923,2117,127
09/15/2026,14:14:21,774.88,796.0,2.6532663316582923,2118,124
09/15/2026,14:14:21,774.88,796.0,2.6532663316582923,2119,113
09/15/2026,14:14:21,774.88,796.0,2.6532663316582923,2120,106
09/15/2026,14:14:21,774.88,796.0,2.6532663316582923,2121,103
09/15/2026,14:14:21,774.88,796.0,2.6532663316582923,2122,122
09/15/2026,14:14:21,774.88,796.0,2.6532663316582923,2123,116
09/15/2026,14:14:21,774.88,796.0,2.6532663316582923,2124,146
09/15/2026,14:14:21,774.88,796.0,2.6532663316582923,2125,129
09/15/2026,14:14:21,774.88,796.0,2.6532663316582923,2126,119
09/15/2026,14:14:21,774.88,796.0,2.6532663316582923,2127,103
09/15/2026,14:14:21,774.88,796.0,2.6532663316582923,2128,127
09/15/2026,14:14:21,774.88,796.0,2.6532663316582923,2129,106
09/15/2026,14:14:21,774.88,796.0,2.6532663316582923,2130,126
09/15/2026,14:14:21,774.88,796.0,2.6532663316582923,2131,118
09/15/2026,14:14:21,774.88,796.0,2.6532663316582923,2132,95
09/15/2026,14:14:21,774.88,796.0,2.6532663316582923,2133,113
09/15/2026,14:14:21,774.88,796.0,2.6532663316582923,2134,104
09/15/2026,14:14:21,774.88,796.0,2.6532663316582923,2135,94
09/15/2026,14:14:21,774.88,796.0,2.6532663316582923,2136,107
09/15/2026,14:14:21,774.88,796.0,2.6532663316582923,2137,119
09/15/2026,14:14:21,774.88,796.0,2.6532663316582923,2138,129
09/15/2026,14:14:21,774.88,796.0,2.6532663316582923,2139,130
09/15/2026,14:14:21,774.88,796.0,2.6532663316582923,2140,114
09/15/2026,14:14:21,774.88,796.0,2.6532663316582923,2141,117
09/15/2026,14:14:21,774.88,796.0,2.6532663316582923,2142,125
09/15/2026,14:14:21,774.88,796.0,2.6532663316582923,2143,119
09/15/2026,14:14:21,774.88,796.0,2.6532663316582923,2144,113
09/15/2026,14:14:21,774.88,796.0,2.6532663316582923,2145,94
09/15/2026,14:14:21,774.88,796.0,2.6532663316582923,2146,117
09/15/2026,14:14:21,774.88,796.0,2.6532663316582923,2147,111
09/15/2026,14:14:21,774.88,796.0,2.6532663316582923,2148,111
09/15/2026,14:14:21,774.88,796.0,2.6532663316582923,2149,111
09/15/2026,14:14:21,774.88,796.0,2.6532663316582923,2150,102
09/15/2026,14:14:21,774.88,796.0,2.6532663316582923,2151,112
09/15/2026,14:14:21,774.88,796.0,2.6532663316582923,2152,105
09/15/2026,14:14:21,774.88,796.0,2.6532663316582923,2153,98
09/15/2026,14:14:21,774.88,796.0,2.6532663316582923,2154,117
09/15/2026,14:14:21,774.88,796.0,2.6532663316582923,2155,109
09/15/2026,14:14:21,774.88,796.0,2.6532663316582923,2156,127
09/15/2026,14:14:21,774.88,796.0,2.6532663316582923,2157,122
09/15/2026,14:14:21,774.88,796.0,2.6532663316582923,2158,91
09/15/2026,14:14:21,774.88,796.0,2.6532663316582923,2159,107
09/15/2026,14:14:21,774.88,796.0,2.6532663316582923,2160,99
09/15/2026,14:14:21,774.88,796.0,2.6532663316582923,2161,106
09/15/2026,14:14:21,774.88,796.0,2.6532663316582923,2162,92
09/15/2026,14:14:21,774.88,796.0,2.6532663316582923,2163,102
09/15/2026,14:14:21,774.88,796.0,2.6532663316582923,2164,122
09/15/2026,14:14:21,774.88,796.0,2.6532663316582923,2165,118
09/15/2026,14:14:21,774.88,796.0,2.6532663316582923,2166,99
09/15/2026,14:14:21,774.88,796.0,2.6532663316582923,2167,104
09/15/2026,14:14:21,774.88,796.0,2.6532663316582923,2168,101
09/15/2026,14:14:21,774.88,796.0,2.6532663316582923,2169,115
09/15/2026,14:14:21,774.88,796.0,2.6532663316582923,2170,116
09/15/2026,14:14:21,774.88,796.0,2.6532663316582923,2171,101
09/15/2026,14:14:21,774.88,796.0,2.6532663316582923,2172,96
09/15/2026,14:14:21,774.88,796.0,2.6532663316582923,2173,96
09/15/2026,14:14:21,774.88,796.0,2.6532663316582923,2174,98
09/15/2026,14:14:21,774.88,796.0,2.6532663316582923,2175,100
09/15/2026,14:14:21,774.88,796.0,2.6532663316582923,2176,104
09/15/2026,14:14:21,774.88,796.0,2.6532663316582923,2177,118
09/15/2026,14:14:21,774.88,796.0,2.6532663316582923,2178,118
09/15/2026,14:14:21,774.88,796.0,2.6532663316582923,2179,113
09/15/2026,14:14:21,774.88,796.0,2.6532663316582923,2180,98
09/15/2026,14:14:21,774.88,796.0,2.6532663316582923,2181,118
09/15/2026,14:14:21,774.88,796.0,2.6532663316582923,2182,117
09/15/2026,14:14:21,774.88,796.0,2.6532663316582923,2183,98
09/15/2026,14:14:21,774.88,796.0,2.6532663316582923,2184,100
09/15/2026,14:14:21,774.88,796.0,2.6532663316582923,2185,85
09/15/2026,14:14:21,774.88,796.0,2.6532663316582923,2186,105
09/15/2026,14:14:21,774.88,796.0,2.6532663316582923,2187,108
09/15/2026,14:14:21,774.88,796.0,2.6532663316582923,2188,96
09/15/2026,14:14:21,774.88,796.0,2.6532663316582923,2189,93
09/15/2026,14:14:21,774.88,796.0,2.6532663316582923,2190,126
09/15/2026,14:14:21,774.88,796.0,2.6532663316582923,2191,107
09/15/2026,14:14:21,774.88,796.0,2.6532663316582923,2192,115
09/15/2026,14:14:21,774.88,796.0,2.6532663316582923,2193,84
09/15/2026,14:14:21,774.88,796.0,2.6532663316582923,2194,103
09/15/2026,14:14:21,774.88,796.0,2.6532663316582923,2195,115
09/15/2026,14:14:21,774.88,796.0,2.6532663316582923,2196,92
09/15/2026,14:14:21,774.88,796.0,2.6532663316582923,2197,102
09/15/2026,14:14:21,774.88,796.0,2.6532663316582923,2198,107
09/15/2026,14:14:21,774.88,796.0,2.6532663316582923,2199,98
09/15/2026,14:14:21,774.88,796.0,2.6532663316582923,2200,71
09/15/2026,14:14:21,774.88,796.0,2.6532663316582923,2201,82
09/15/2026,14:14:21,774.88,796.0,2.6532663316582923,2202,96
09/15/2026,14:14:21,774.88,796.0,2.6532663316582923,2203,91
09/15/2026,14:14:21,774.88,796.0,2.6532663316582923,2204,116
09/15/2026,14:14:21,774.88,796.0,2.6532663316582923,2205,108
09/15/2026,14:14:21,774.88,796.0,2.6532663316582923,2206,96
09/15/2026,14:14:21,774.88,796.0,2.6532663316582923,2207,106
09/15/2026,14:14:21,774.88,796.0,2.6532663316582923,2208,91
09/15/2026,14:14:21,774.88,796.0,2.6532663316582923,2209,108
09/15/2026,14:14:21,774.88,796.0,2.6532663316582923,2210,99
09/15/2026,14:14:21,774.88,796.0,2.6532663316582923,2211,97
09/15/2026,14:14:21,774.88,796.0,2.6532663316582923,2212,80
09/15/2026,14:14:21,774.88,796.0,2.6532663316582923,2213,96
09/15/2026,14:14:21,774.88,796.0,2.6532663316582923,2214,81
09/15/2026,14:14:21,774.88,796.0,2.6532663316582923,2215,96
09/15/2026,14:14:21,774.88,796.0,2.6532663316582923,2216,107
09/15/2026,14:14:21,774.88,796.0,2.6532663316582923,2217,96
09/15/2026,14:14:21,774.88,796.0,2.6532663316582923,2218,98
09/15/2026,14:14:21,774.88,796.0,2.6532663316582923,2219,108
09/15/2026,14:14:21,774.88,796.0,2.6532663316582923,2220,82
09/15/2026,14:14:21,774.88,796.0,2.6532663316582923,2221,85
09/15/2026,14:14:21,774.88,796.0,2.6532663316582923,2222,98
09/15/2026,14:14:21,774.88,796.0,2.6532663316582923,2223,77
09/15/2026,14:14:21,774.88,796.0,2.6532663316582923,2224,95
09/15/2026,14:14:21,774.88,796.0,2.6532663316582923,2225,108
09/15/2026,14:14:21,774.88,796.0,2.6532663316582923,2226,85
09/15/2026,14:14:21,774.88,796.0,2.6532663316582923,2227,113
09/15/2026,14:14:21,774.88,796.0,2.6532663316582923,2228,95
09/15/2026,14:14:21,774.88,796.0,2.6532663316582923,2229,88
09/15/2026,14:14:21,774.88,796.0,2.6532663316582923,2230,112
09/15/2026,14:14:21,774.88,796.0,2.6532663316582923,2231,101
09/15/2026,14:14:21,774.88,796.0,2.6532663316582923,2232,94
09/15/2026,14:14:21,774.88,796.0,2.6532663316582923,2233,97
09/15/2026,14:14:21,774.88,796.0,2.6532663316582923,2234,106
09/15/2026,14:14:21,774.88,796.0,2.6532663316582923,2235,102
09/15/2026,14:14:21,774.88,796.0,2.6532663316582923,2236,91
09/15/2026,14:14:21,774.88,796.0,2.6532663316582923,2237,95
09/15/2026,14:14:21,774.88,796.0,2.6532663316582923,2238,103
09/15/2026,14:14:21,774.88,796.0,2.6532663316582923,2239,89
09/15/2026,14:14:21,774.88,796.0,2.6532663316582923,2240,90
09/15/2026,14:14:21,774.88,796.0,2.6532663316582923,2241,104
09/15/2026,14:14:21,774.88,796.0,2.6532663316582923,2242,95
09/15/2026,14:14:21,774.88,796.0,2.6532663316582923,2243,84
09/15/2026,14:14:21,774.88,796.0,2.6532663316582923,2244,81
09/15/2026,14:14:21,774.88,796.0,2.6532663316582923,2245,100
09/15/2026,14:14:21,774.88,796.0,2.6532663316582923,2246,106
09/15/2026,14:14:21,774.88,796.0,2.6532663316582923,2247,98
09/15/2026,14:14:21,774.88,796.0,2.6532663316582923,2248,78
09/15/2026,14:14:21,774.88,796.0,2.6532663316582923,2249,102
09/15/2026,14:14:21,774.88,796.0,2.6532663316582923,2250,87
09/15/2026,14:14:21,774.88,796.0,2.6532663316582923,2251,93
09/15/2026,14:14:21,774.88,796.0,2.6532663316582923,2252,101
09/15/2026,14:14:21,774.88,796.0,2.6532663316582923,2253,99
09/15/2026,14:14:21,774.88,796.0,2.6532663316582923,2254,98
09/15/2026,14:14:21,774.88,796.0,2.6532663316582923,2255,87
09/15/2026,14:14:21,774.88,796.0,2.6532663316582923,2256,92
09/15/2026,14:14:21,774.88,796.0,2.6532663316582923,2257,92
09/15/2026,14:14:21,774.88,796.0,2.6532663316582923,2258,83
09/15/2026,14:14:21,774.88,796.0,2.6532663316582923,2259,85
09/15/2026,14:14:21,774.88,796.0,2.6532663316582923,2260,83
09/15/2026,14:14:21,774.88,796.0,2.6532663316582923,2261,84
09/15/2026,14:14:21,774.88,796.0,2.6532663316582923,2262,116
09/15/2026,14:14:21,774.88,796.0,2.6532663316582923,2263,87
09/15/2026,14:14:21,774.88,796.0,2.6532663316582923,2264,97
09/15/2026,14:14:21,774.88,796.0,2.6532663316582923,2265,77
09/15/2026,14:14:21,774.88,796.0,2.6532663316582923,2266,78
09/15/2026,14:14:21,774.88,796.0,2.6532663316582923,2267,85
09/15/2026,14:14:21,774.88,796.0,2.6532663316582923,2268,83
09/15/2026,14:14:21,774.88,796.0,2.6532663316582923,2269,89
09/15/2026,14:14:21,774.88,796.0,2.6532663316582923,2270,74
09/15/2026,14:14:21,774.88,796.0,2.6532663316582923,2271,64
09/15/2026,14:14:21,774.88,796.0,2.6532663316582923,2272,89
09/15/2026,14:14:21,774.88,796.0,2.6532663316582923,2273,95
09/15/2026,14:14:21,774.88,796.0,2.6532663316582923,2274,76
09/15/2026,14:14:21,774.88,796.0,2.6532663316582923,2275,77
09/15/2026,14:14:21,774.88,796.0,2.6532663316582923,2276,80
09/15/2026,14:14:21,774.88,796.0,2.6532663316582923,2277,81
09/15/2026,14:14:21,774.88,796.0,2.6532663316582923,2278,83
09/15/2026,14:14:21,774.88,796.0,2.6532663316582923,2279,78
09/15/2026,14:14:21,774.88,796.0,2.6532663316582923,2280,77
09/15/2026,14:14:21,774.88,796.0,2.6532663316582923,2281,75
09/15/2026,14:14:21,774.88,796.0,2.6532663316582923,2282,84
09/15/2026,14:14:21,774.88,796.0,2.6532663316582923,2283,80
09/15/2026,14:14:21,774.88,796.0,2.6532663316582923,2284,81
09/15/2026,14:14:21,774.88,796.0,2.6532663316582923,2285,77
09/15/2026,14:14:21,774.88,796.0,2.6532663316582923,2286,83
09/15/2026,14:14:21,774.88,796.0,2.6532663316582923,2287,108
09/15/2026,14:14:21,774.88,796.0,2.6532663316582923,2288,81
09/15/2026,14:14:21,774.88,796.0,2.6532663316582923,2289,89
09/15/2026,14:14:21,774.88,796.0,2.6532663316582923,2290,77
09/15/2026,14:14:21,774.88,796.0,2.6532663316582923,2291,88
09/15/2026,14:14:21,774.88,796.0,2.6532663316582923,2292,85
09/15/2026,14:14:21,774.88,796.0,2.6532663316582923,2293,86
09/15/2026,14:14:21,774.88,796.0,2.6532663316582923,2294,71
09/15/2026,14:14:21,774.88,796.0,2.6532663316582923,2295,75
09/15/2026,14:14:21,774.88,796.0,2.6532663316582923,2296,84
09/15/2026,14:14:21,774.88,796.0,2.6532663316582923,2297,77
09/15/2026,14:14:21,774.88,796.0,2.6532663316582923,2298,83
09/15/2026,14:14:21,774.88,796.0,2.6532663316582923,2299,77
09/15/2026,14:14:21,774.88,796.0,2.6532663316582923,2300,76
09/15/2026,14:14:21,774.88,796.0,2.6532663316582923,2301,72
09/15/2026,14:14:21,774.88,796.0,2.6532663316582923,2302,74
09/15/2026,14:14:21,774.88,796.0,2.6532663316582923,2303,103
09/15/2026,14:14:21,774.88,796.0,2.6532663316582923,2304,77
09/15/2026,14:14:21,774.88,796.0,2.6532663316582923,2305,93
09/15/2026,14:14:21,774.88,796.0,2.6532663316582923,2306,84
09/15/2026,14:14:21,774.88,796.0,2.6532663316582923,2307,92
09/15/2026,14:14:21,774.88,796.0,2.6532663316582923,2308,89
09/15/2026,14:14:21,774.88,796.0,2.6532663316582923,2309,73
09/15/2026,14:14:21,774.88,796.0,2.6532663316582923,2310,88
09/15/2026,14:14:21,774.88,796.0,2.6532663316582923,2311,66
09/15/2026,14:14:21,774.88,796.0,2.6532663316582923,2312,59
09/15/2026,14:14:21,774.88,796.0,2.6532663316582923,2313,73
09/15/2026,14:14:21,774.88,796.0,2.6532663316582923,2314,79
09/15/2026,14:14:21,774.88,796.0,2.6532663316582923,2315,81
09/15/2026,14:14:21,774.88,796.0,2.6532663316582923,2316,73
09/15/2026,14:14:21,774.88,796.0,2.6532663316582923,2317,81
09/15/2026,14:14:21,774.88,796.0,2.6532663316582923,2318,92
09/15/2026,14:14:21,774.88,796.0,2.6532663316582923,2319,76
09/15/2026,14:14:21,774.88,796.0,2.6532663316582923,2320,85
09/15/2026,14:14:21,774.88,796.0,2.6532663316582923,2321,55
09/15/2026,14:14:21,774.88,796.0,2.6532663316582923,2322,85
09/15/2026,14:14:21,774.88,796.0,2.6532663316582923,2323,94
09/15/2026,14:14:21,774.88,796.0,2.6532663316582923,2324,92
09/15/2026,14:14:21,774.88,796.0,2.6532663316582923,2325,93
09/15/2026,14:14:21,774.88,796.0,2.6532663316582923,2326,83
09/15/2026,14:14:21,774.88,796.0,2.6532663316582923,2327,65
09/15/2026,14:14:21,774.88,796.0,2.6532663316582923,2328,73
09/15/2026,14:14:21,774.88,796.0,2.6532663316582923,2329,64
09/15/2026,14:14:21,774.88,796.0,2.6532663316582923,2330,83
09/15/2026,14:14:21,774.88,796.0,2.6532663316582923,2331,65
09/15/2026,14:14:21,774.88,796.0,2.6532663316582923,2332,86
09/15/2026,14:14:21,774.88,796.0,2.6532663316582923,2333,63
09/15/2026,14:14:21,774.88,796.0,2.6532663316582923,2334,80
09/15/2026,14:14:21,774.88,796.0,2.6532663316582923,2335,70
09/15/2026,14:14:21,774.88,796.0,2.6532663316582923,2336,65
09/15/2026,14:14:21,774.88,796.0,2.6532663316582923,2337,81
09/15/2026,14:14:21,774.88,796.0,2.6532663316582923,2338,76
09/15/2026,14:14:21,774.88,796.0,2.6532663316582923,2339,77
09/15/2026,14:14:21,774.88,796.0,2.6532663316582923,2340,67
09/15/2026,14:14:21,774.88,796.0,2.6532663316582923,2341,75
09/15/2026,14:14:21,774.88,796.0,2.6532663316582923,2342,73
09/15/2026,14:14:21,774.88,796.0,2.6532663316582923,2343,82
09/15/2026,14:14:21,774.88,796.0,2.6532663316582923,2344,84
09/15/2026,14:14:21,774.88,796.0,2.6532663316582923,2345,78
09/15/2026,14:14:21,774.88,796.0,2.6532663316582923,2346,69
09/15/2026,14:14:21,774.88,796.0,2.6532663316582923,2347,69
09/15/2026,14:14:21,774.88,796.0,2.6532663316582923,2348,59
09/15/2026,14:14:21,774.88,796.0,2.6532663316582923,2349,73
09/15/2026,14:14:21,774.88,796.0,2.6532663316582923,2350,68
09/15/2026,14:14:21,774.88,796.0,2.6532663316582923,2351,80
09/15/2026,14:14:21,774.88,796.0,2.6532663316582923,2352,70
09/15/2026,14:14:21,774.88,796.0,2.6532663316582923,2353,77
09/15/2026,14:14:21,774.88,796.0,2.6532663316582923,2354,61
09/15/2026,14:14:21,774.88,796.0,2.6532663316582923,2355,76
09/15/2026,14:14:21,774.88,796.0,2.6532663316582923,2356,73
09/15/2026,14:14:21,774.88,796.0,2.6532663316582923,2357,59
09/15/2026,14:14:21,774.88,796.0,2.6532663316582923,2358,92
09/15/2026,14:14:21,774.88,796.0,2.6532663316582923,2359,58
09/15/2026,14:14:21,774.88,796.0,2.6532663316582923,2360,87
09/15/2026,14:14:21,774.88,796.0,2.6532663316582923,2361,64
09/15/2026,14:14:21,774.88,796.0,2.6532663316582923,2362,81
09/15/2026,14:14:21,774.88,796.0,2.6532663316582923,2363,84
09/15/2026,14:14:21,774.88,796.0,2.6532663316582923,2364,56
09/15/2026,14:14:21,774.88,796.0,2.6532663316582923,2365,59
09/15/2026,14:14:21,774.88,796.0,2.6532663316582923,2366,87
09/15/2026,14:14:21,774.88,796.0,2.6532663316582923,2367,80
09/15/2026,14:14:21,774.88,796.0,2.6532663316582923,2368,79
09/15/2026,14:14:21,774.88,796.0,2.6532663316582923,2369,56
09/15/2026,14:14:21,774.88,796.0,2.6532663316582923,2370,80
09/15/2026,14:14:21,774.88,796.0,2.6532663316582923,2371,89
09/15/2026,14:14:21,774.88,796.0,2.6532663316582923,2372,75
09/15/2026,14:14:21,774.88,796.0,2.6532663316582923,2373,72
09/15/2026,14:14:21,774.88,796.0,2.6532663316582923,2374,74
09/15/2026,14:14:21,774.88,796.0,2.6532663316582923,2375,76
09/15/2026,14:14:21,774.88,796.0,2.6532663316582923,2376,58
09/15/2026,14:14:21,774.88,796.0,2.6532663316582923,2377,70
09/15/2026,14:14:21,774.88,796.0,2.6532663316582923,2378,65
09/15/2026,14:14:21,774.88,796.0,2.6532663316582923,2379,58
09/15/2026,14:14:21,774.88,796.0,2.6532663316582923,2380,69
09/15/2026,14:14:21,774.88,796.0,2.6532663316582923,2381,62
09/15/2026,14:14:21,774.88,796.0,2.6532663316582923,2382,76
09/15/2026,14:14:21,774.88,796.0,2.6532663316582923,2383,79
09/15/2026,14:14:21,774.88,796.0,2.6532663316582923,2384,73
09/15/2026,14:14:21,774.88,796.0,2.6532663316582923,2385,74
09/15/2026,14:14:21,774.88,796.0,2.6532663316582923,2386,72
09/15/2026,14:14:21,774.88,796.0,2.6532663316582923,2387,78
09/15/2026,14:14:21,774.88,796.0,2.6532663316582923,2388,78
09/15/2026,14:14:21,774.88,796.0,2.6532663316582923,2389,69
09/15/2026,14:14:21,774.88,796.0,2.6532663316582923,2390,78
09/15/2026,14:14:21,774.88,796.0,2.6532663316582923,2391,66
09/15/2026,14:14:21,774.88,796.0,2.6532663316582923,2392,73
09/15/2026,14:14:21,774.88,796.0,2.6532663316582923,2393,81
09/15/2026,14:14:21,774.88,796.0,2.6532663316582923,2394,68
09/15/2026,14:14:21,774.88,796.0,2.6532663316582923,2395,65
09/15/2026,14:14:21,774.88,796.0,2.6532663316582923,2396,78
09/15/2026,14:14:21,774.88,796.0,2.6532663316582923,2397,70
09/15/2026,14:14:21,774.88,796.0,2.6532663316582923,2398,69
09/15/2026,14:14:21,774.88,796.0,2.6532663316582923,2399,60
09/15/2026,14:14:21,774.88,796.0,2.6532663316582923,2400,66
09/15/2026,14:14:21,774.88,796.0,2.6532663316582923,2401,78
09/15/2026,14:14:21,774.88,796.0,2.6532663316582923,2402,89
09/15/2026,14:14:21,774.88,796.0,2.6532663316582923,2403,70
09/15/2026,14:14:21,774.88,796.0,2.6532663316582923,2404,58
09/15/2026,14:14:21,774.88,796.0,2.6532663316582923,2405,79
09/15/2026,14:14:21,774.88,796.0,2.6532663316582923,2406,70
09/15/2026,14:14:21,774.88,796.0,2.6532663316582923,2407,66
09/15/2026,14:14:21,774.88,796.0,2.6532663316582923,2408,67
09/15/2026,14:14:21,774.88,796.0,2.6532663316582923,2409,68
09/15/2026,14:14:21,774.88,796.0,2.6532663316582923,2410,58
09/15/2026,14:14:21,774.88,796.0,2.6532663316582923,2411,74
09/15/2026,14:14:21,774.88,796.0,2.6532663316582923,2412,54
09/15/2026,14:14:21,774.88,796.0,2.6532663316582923,2413,70
09/15/2026,14:14:21,774.88,796.0,2.6532663316582923,2414,51
09/15/2026,14:14:21,774.88,796.0,2.6532663316582923,2415,69
09/15/2026,14:14:21,774.88,796.0,2.6532663316582923,2416,86
09/15/2026,14:14:21,774.88,796.0,2.6532663316582923,2417,61
09/15/2026,14:14:21,774.88,796.0,2.6532663316582923,2418,60
09/15/2026,14:14:21,774.88,796.0,2.6532663316582923,2419,72
09/15/2026,14:14:21,774.88,796.0,2.6532663316582923,2420,83
09/15/2026,14:14:21,774.88,796.0,2.6532663316582923,2421,60
09/15/2026,14:14:21,774.88,796.0,2.6532663316582923,2422,63
09/15/2026,14:14:21,774.88,796.0,2.6532663316582923,2423,66
09/15/2026,14:14:21,774.88,796.0,2.6532663316582923,2424,86
09/15/2026,14:14:21,774.88,796.0,2.6532663316582923,2425,69
09/15/2026,14:14:21,774.88,796.0,2.6532663316582923,2426,48
09/15/2026,14:14:21,774.88,796.0,2.6532663316582923,2427,76
09/15/2026,14:14:21,774.88,796.0,2.6532663316582923,2428,71
09/15/2026,14:14:21,774.88,796.0,2.6532663316582923,2429,52
09/15/2026,14:14:21,774.88,796.0,2.6532663316582923,2430,55
09/15/2026,14:14:21,774.88,796.0,2.6532663316582923,2431,72
09/15/2026,14:14:21,774.88,796.0,2.6532663316582923,2432,62
09/15/2026,14:14:21,774.88,796.0,2.6532663316582923,2433,64
09/15/2026,14:14:21,774.88,796.0,2.6532663316582923,2434,67
09/15/2026,14:14:21,774.88,796.0,2.6532663316582923,2435,56
09/15/2026,14:14:21,774.88,796.0,2.6532663316582923,2436,77
09/15/2026,14:14:21,774.88,796.0,2.6532663316582923,2437,63
09/15/2026,14:14:21,774.88,796.0,2.6532663316582923,2438,75
09/15/2026,14:14:21,774.88,796.0,2.6532663316582923,2439,61
09/15/2026,14:14:21,774.88,796.0,2.6532663316582923,2440,58
09/15/2026,14:14:21,774.88,796.0,2.6532663316582923,2441,62
09/15/2026,14:14:21,774.88,796.0,2.6532663316582923,2442,67
09/15/2026,14:14:21,774.88,796.0,2.6532663316582923,2443,51
09/15/2026,14:14:21,774.88,796.0,2.6532663316582923,2444,65
09/15/2026,14:14:21,774.88,796.0,2.6532663316582923,2445,62
09/15/2026,14:14:21,774.88,796.0,2.6532663316582923,2446,69
09/15/2026,14:14:21,774.88,796.0,2.6532663316582923,2447,47
09/15/2026,14:14:21,774.88,796.0,2.6532663316582923,2448,63
09/15/2026,14:14:21,774.88,796.0,2.6532663316582923,2449,51
09/15/2026,14:14:21,774.88,796.0,2.6532663316582923,2450,54
09/15/2026,14:14:21,774.88,796.0,2.6532663316582923,2451,76
09/15/2026,14:14:21,774.88,796.0,2.6532663316582923,2452,62
09/15/2026,14:14:21,774.88,796.0,2.6532663316582923,2453,63
09/15/2026,14:14:21,774.88,796.0,2.6532663316582923,2454,62
09/15/2026,14:14:21,774.88,796.0,2.6532663316582923,2455,70
09/15/2026,14:14:21,774.88,796.0,2.6532663316582923,2456,71
09/15/2026,14:14:21,774.88,796.0,2.6532663316582923,2457,58
09/15/2026,14:14:21,774.88,796.0,2.6532663316582923,2458,70
09/15/2026,14:14:21,774.88,796.0,2.6532663316582923,2459,69
09/15/2026,14:14:21,774.88,796.0,2.6532663316582923,2460,54
09/15/2026,14:14:21,774.88,796.0,2.6532663316582923,2461,70
09/15/2026,14:14:21,774.88,796.0,2.6532663316582923,2462,59
09/15/2026,14:14:21,774.88,796.0,2.6532663316582923,2463,72
09/15/2026,14:14:21,774.88,796.0,2.6532663316582923,2464,59
09/15/2026,14:14:21,774.88,796.0,2.6532663316582923,2465,80
09/15/2026,14:14:21,774.88,796.0,2.6532663316582923,2466,62
09/15/2026,14:14:21,774.88,796.0,2.6532663316582923,2467,49
09/15/2026,14:14:21,774.88,796.0,2.6532663316582923,2468,62
09/15/2026,14:14:21,774.88,796.0,2.6532663316582923,2469,72
09/15/2026,14:14:21,774.88,796.0,2.6532663316582923,2470,79
09/15/2026,14:14:21,774.88,796.0,2.6532663316582923,2471,71
09/15/2026,14:14:21,774.88,796.0,2.6532663316582923,2472,55
09/15/2026,14:14:21,774.88,796.0,2.6532663316582923,2473,58
09/15/2026,14:14:21,774.88,796.0,2.6532663316582923,2474,54
09/15/2026,14:14:21,774.88,796.0,2.6532663316582923,2475,57
09/15/2026,14:14:21,774.88,796.0,2.6532663316582923,2476,51
09/15/2026,14:14:21,774.88,796.0,2.6532663316582923,2477,64
09/15/2026,14:14:21,774.88,796.0,2.6532663316582923,2478,53
09/15/2026,14:14:21,774.88,796.0,2.6532663316582923,2479,60
09/15/2026,14:14:21,774.88,796.0,2.6532663316582923,2480,51
09/15/2026,14:14:21,774.88,796.0,2.6532663316582923,2481,66
09/15/2026,14:14:21,774.88,796.0,2.6532663316582923,2482,66
09/15/2026,14:14:21,774.88,796.0,2.6532663316582923,2483,64
09/15/2026,14:14:21,774.88,796.0,2.6532663316582923,2484,56
09/15/2026,14:14:21,774.88,796.0,2.6532663316582923,2485,61
09/15/2026,14:14:21,774.88,796.0,2.6532663316582923,2486,76
09/15/2026,14:14:21,774.88,796.0,2.6532663316582923,2487,59
09/15/2026,14:14:21,774.88,796.0,2.6532663316582923,2488,66
09/15/2026,14:14:21,774.88,796.0,2.6532663316582923,2489,60
09/15/2026,14:14:21,774.88,796.0,2.6532663316582923,2490,62
09/15/2026,14:14:21,774.88,796.0,2.6532663316582923,2491,45
09/15/2026,14:14:21,774.88,796.0,2.6532663316582923,2492,55
09/15/2026,14:14:21,774.88,796.0,2.6532663316582923,2493,64
09/15/2026,14:14:21,774.88,796.0,2.6532663316582923,2494,60
09/15/2026,14:14:21,774.88,796.0,2.6532663316582923,2495,61
09/15/2026,14:14:21,774.88,796.0,2.6532663316582923,2496,66
09/15/2026,14:14:21,774.88,796.0,2.6532663316582923,2497,59
09/15/2026,14:14:21,774.88,796.0,2.6532663316582923,2498,52
09/15/2026,14:14:21,774.88,796.0,2.6532663316582923,2499,72
09/15/2026,14:14:21,774.88,796.0,2.6532663316582923,2500,62
09/15/2026,14:14:21,774.88,796.0,2.6532663316582923,2501,54
09/15/2026,14:14:21,774.88,796.0,2.6532663316582923,2502,63
09/15/2026,14:14:21,774.88,796.0,2.6532663316582923,2503,62
09/15/2026,14:14:21,774.88,796.0,2.6532663316582923,2504,68
09/15/2026,14:14:21,774.88,796.0,2.6532663316582923,2505,63
09/15/2026,14:14:21,774.88,796.0,2.6532663316582923,2506,66
09/15/2026,14:14:21,774.88,796.0,2.6532663316582923,2507,56
09/15/2026,14:14:21,774.88,796.0,2.6532663316582923,2508,69
09/15/2026,14:14:21,774.88,796.0,2.6532663316582923,2509,45
09/15/2026,14:14:21,774.88,796.0,2.6532663316582923,2510,81
09/15/2026,14:14:21,774.88,796.0,2.6532663316582923,2511,66
09/15/2026,14:14:21,774.88,796.0,2.6532663316582923,2512,47
09/15/2026,14:14:21,774.88,796.0,2.6532663316582923,2513,62
09/15/2026,14:14:21,774.88,796.0,2.6532663316582923,2514,51
09/15/2026,14:14:21,774.88,796.0,2.6532663316582923,2515,64
09/15/2026,14:14:21,774.88,796.0,2.6532663316582923,2516,59
09/15/2026,14:14:21,774.88,796.0,2.6532663316582923,2517,61
09/15/2026,14:14:21,774.88,796.0,2.6532663316582923,2518,41
09/15/2026,14:14:21,774.88,796.0,2.6532663316582923,2519,46
09/15/2026,14:14:21,774.88,796.0,2.6532663316582923,2520,63
09/15/2026,14:14:21,774.88,796.0,2.6532663316582923,2521,49
09/15/2026,14:14:21,774.88,796.0,2.6532663316582923,2522,64
09/15/2026,14:14:21,774.88,796.0,2.6532663316582923,2523,64
09/15/2026,14:14:21,774.88,796.0,2.6532663316582923,2524,59
09/15/2026,14:14:21,774.88,796.0,2.6532663316582923,2525,71
09/15/2026,14:14:21,774.88,796.0,2.6532663316582923,2526,60
09/15/2026,14:14:21,774.88,796.0,2.6532663316582923,2527,49
09/15/2026,14:14:21,774.88,796.0,2.6532663316582923,2528,54
09/15/2026,14:14:21,774.88,796.0,2.6532663316582923,2529,47
09/15/2026,14:14:21,774.88,796.0,2.6532663316582923,2530,65
09/15/2026,14:14:21,774.88,796.0,2.6532663316582923,2531,65
09/15/2026,14:14:21,774.88,796.0,2.6532663316582923,2532,62
09/15/2026,14:14:21,774.88,796.0,2.6532663316582923,2533,68
09/15/2026,14:14:21,774.88,796.0,2.6532663316582923,2534,67
09/15/2026,14:14:21,774.88,796.0,2.6532663316582923,2535,70
09/15/2026,14:14:21,774.88,796.0,2.6532663316582923,2536,64
09/15/2026,14:14:21,774.88,796.0,2.6532663316582923,2537,59
09/15/2026,14:14:21,774.88,796.0,2.6532663316582923,2538,57
09/15/2026,14:14:21,774.88,796.0,2.6532663316582923,2539,74
09/15/2026,14:14:21,774.88,796.0,2.6532663316582923,2540,69
09/15/2026,14:14:21,774.88,796.0,2.6532663316582923,2541,70
09/15/2026,14:14:21,774.88,796.0,2.6532663316582923,2542,63
09/15/2026,14:14:21,774.88,796.0,2.6532663316582923,2543,67
09/15/2026,14:14:21,774.88,796.0,2.6532663316582923,2544,56
09/15/2026,14:14:21,774.88,796.0,2.6532663316582923,2545,53
09/15/2026,14:14:21,774.88,796.0,2.6532663316582923,2546,60
09/15/2026,14:14:21,774.88,796.0,2.6532663316582923,2547,64
09/15/2026,14:14:21,774.88,796.0,2.6532663316582923,2548,55
09/15/2026,14:14:21,774.88,796.0,2.6532663316582923,2549,69
09/15/2026,14:14:21,774.88,796.0,2.6532663316582923,2550,60
09/15/2026,14:14:21,774.88,796.0,2.6532663316582923,2551,62
09/15/2026,14:14:21,774.88,796.0,2.6532663316582923,2552,67
09/15/2026,14:14:21,774.88,796.0,2.6532663316582923,2553,59
09/15/2026,14:14:21,774.88,796.0,2.6532663316582923,2554,47
09/15/2026,14:14:21,774.88,796.0,2.6532663316582923,2555,51
09/15/2026,14:14:21,774.88,796.0,2.6532663316582923,2556,54
09/15/2026,14:14:21,774.88,796.0,2.6532663316582923,2557,52
09/15/2026,14:14:21,774.88,796.0,2.6532663316582923,2558,68
09/15/2026,14:14:21,774.88,796.0,2.6532663316582923,2559,59
09/15/2026,14:14:21,774.88,796.0,2.6532663316582923,2560,60
09/15/2026,14:14:21,774.88,796.0,2.6532663316582923,2561,43
09/15/2026,14:14:21,774.88,796.0,2.6532663316582923,2562,65
09/15/2026,14:14:21,774.88,796.0,2.6532663316582923,2563,53
09/15/2026,14:14:21,774.88,796.0,2.6532663316582923,2564,54
09/15/2026,14:14:21,774.88,796.0,2.6532663316582923,2565,50
09/15/2026,14:14:21,774.88,796.0,2.6532663316582923,2566,49
09/15/2026,14:14:21,774.88,796.0,2.6532663316582923,2567,51
09/15/2026,14:14:21,774.88,796.0,2.6532663316582923,2568,58
09/15/2026,14:14:21,774.88,796.0,2.6532663316582923,2569,61
09/15/2026,14:14:21,774.88,796.0,2.6532663316582923,2570,64
09/15/2026,14:14:21,774.88,796.0,2.6532663316582923,2571,50
09/15/2026,14:14:21,774.88,796.0,2.6532663316582923,2572,71
09/15/2026,14:14:21,774.88,796.0,2.6532663316582923,2573,67
09/15/2026,14:14:21,774.88,796.0,2.6532663316582923,2574,54
09/15/2026,14:14:21,774.88,796.0,2.6532663316582923,2575,50
09/15/2026,14:14:21,774.88,796.0,2.6532663316582923,2576,53
09/15/2026,14:14:21,774.88,796.0,2.6532663316582923,2577,50
09/15/2026,14:14:21,774.88,796.0,2.6532663316582923,2578,60
09/15/2026,14:14:21,774.88,796.0,2.6532663316582923,2579,68
09/15/2026,14:14:21,774.88,796.0,2.6532663316582923,2580,47
09/15/2026,14:14:21,774.88,796.0,2.6532663316582923,2581,66
09/15/2026,14:14:21,774.88,796.0,2.6532663316582923,2582,53
09/15/2026,14:14:21,774.88,796.0,2.6532663316582923,2583,68
09/15/2026,14:14:21,774.88,796.0,2.6532663316582923,2584,39
09/15/2026,14:14:21,774.88,796.0,2.6532663316582923,2585,54
09/15/2026,14:14:21,774.88,796.0,2.6532663316582923,2586,55
09/15/2026,14:14:21,774.88,796.0,2.6532663316582923,2587,60
09/15/2026,14:14:21,774.88,796.0,2.6532663316582923,2588,65
09/15/2026,14:14:21,774.88,796.0,2.6532663316582923,2589,61
09/15/2026,14:14:21,774.88,796.0,2.6532663316582923,2590,48
09/15/2026,14:14:21,774.88,796.0,2.6532663316582923,2591,68
09/15/2026,14:14:21,774.88,796.0,2.6532663316582923,2592,61
09/15/2026,14:14:21,774.88,796.0,2.6532663316582923,2593,67
09/15/2026,14:14:21,774.88,796.0,2.6532663316582923,2594,63
09/15/2026,14:14:21,774.88,796.0,2.6532663316582923,2595,72
09/15/2026,14:14:21,774.88,796.0,2.6532663316582923,2596,57
09/15/2026,14:14:21,774.88,796.0,2.6532663316582923,2597,59
09/15/2026,14:14:21,774.88,796.0,2.6532663316582923,2598,57
09/15/2026,14:14:21,774.88,796.0,2.6532663316582923,2599,56
09/15/2026,14:14:21,774.88,796.0,2.6532663316582923,2600,51
09/15/2026,14:14:21,774.88,796.0,2.6532663316582923,2601,48
09/15/2026,14:14:21,774.88,796.0,2.6532663316582923,2602,43
09/15/2026,14:14:21,774.88,796.0,2.6532663316582923,2603,64
09/15/2026,14:14:21,774.88,796.0,2.6532663316582923,2604,55
09/15/2026,14:14:21,774.88,796.0,2.6532663316582923,2605,64
09/15/2026,14:14:21,774.88,796.0,2.6532663316582923,2606,55
09/15/2026,14:14:21,774.88,796.0,2.6532663316582923,2607,61
09/15/2026,14:14:21,774.88,796.0,2.6532663316582923,2608,72
09/15/2026,14:14:21,774.88,796.0,2.6532663316582923,2609,61
09/15/2026,14:14:21,774.88,796.0,2.6532663316582923,2610,60
09/15/2026,14:14:21,774.88,796.0,2.6532663316582923,2611,60
09/15/2026,14:14:21,774.88,796.0,2.6532663316582923,2612,50
09/15/2026,14:14:21,774.88,796.0,2.6532663316582923,2613,59
09/15/2026,14:14:21,774.88,796.0,2.6532663316582923,2614,55
09/15/2026,14:14:21,774.88,796.0,2.6532663316582923,2615,54
09/15/2026,14:14:21,774.88,796.0,2.6532663316582923,2616,53
09/15/2026,14:14:21,774.88,796.0,2.6532663316582923,2617,60
09/15/2026,14:14:21,774.88,796.0,2.6532663316582923,2618,54
09/15/2026,14:14:21,774.88,796.0,2.6532663316582923,2619,47
09/15/2026,14:14:21,774.88,796.0,2.6532663316582923,2620,52
09/15/2026,14:14:21,774.88,796.0,2.6532663316582923,2621,53
09/15/2026,14:14:21,774.88,796.0,2.6532663316582923,2622,59
09/15/2026,14:14:21,774.88,796.0,2.6532663316582923,2623,54
09/15/2026,14:14:21,774.88,796.0,2.6532663316582923,2624,53
09/15/2026,14:14:21,774.88,796.0,2.6532663316582923,2625,55
09/15/2026,14:14:21,774.88,796.0,2.6532663316582923,2626,58
09/15/2026,14:14:21,774.88,796.0,2.6532663316582923,2627,54
09/15/2026,14:14:21,774.88,796.0,2.6532663316582923,2628,68
09/15/2026,14:14:21,774.88,796.0,2.6532663316582923,2629,52
09/15/2026,14:14:21,774.88,796.0,2.6532663316582923,2630,67
09/15/2026,14:14:21,774.88,796.0,2.6532663316582923,2631,52
09/15/2026,14:14:21,774.88,796.0,2.6532663316582923,2632,60
09/15/2026,14:14:21,774.88,796.0,2.6532663316582923,2633,47
09/15/2026,14:14:21,774.88,796.0,2.6532663316582923,2634,56
09/15/2026,14:14:21,774.88,796.0,2.6532663316582923,2635,53
09/15/2026,14:14:21,774.88,796.0,2.6532663316582923,2636,69
09/15/2026,14:14:21,774.88,796.0,2.6532663316582923,2637,69
09/15/2026,14:14:21,774.88,796.0,2.6532663316582923,2638,63
09/15/2026,14:14:21,774.88,796.0,2.6532663316582923,2639,55
09/15/2026,14:14:21,774.88,796.0,2.6532663316582923,2640,49
09/15/2026,14:14:21,774.88,796.0,2.6532663316582923,2641,55
09/15/2026,14:14:21,774.88,796.0,2.6532663316582923,2642,57
09/15/2026,14:14:21,774.88,796.0,2.6532663316582923,2643,44
09/15/2026,14:14:21,774.88,796.0,2.6532663316582923,2644,50
09/15/2026,14:14:21,774.88,796.0,2.6532663316582923,2645,60
09/15/2026,14:14:21,774.88,796.0,2.6532663316582923,2646,60
09/15/2026,14:14:21,774.88,796.0,2.6532663316582923,2647,65
09/15/2026,14:14:21,774.88,796.0,2.6532663316582923,2648,51
09/15/2026,14:14:21,774.88,796.0,2.6532663316582923,2649,50
09/15/2026,14:14:21,774.88,796.0,2.6532663316582923,2650,59
09/15/2026,14:14:21,774.88,796.0,2.6532663316582923,2651,68
09/15/2026,14:14:21,774.88,796.0,2.6532663316582923,2652,46
09/15/2026,14:14:21,774.88,796.0,2.6532663316582923,2653,59
09/15/2026,14:14:21,774.88,796.0,2.6532663316582923,2654,46
09/15/2026,14:14:21,774.88,796.0,2.6532663316582923,2655,62
09/15/2026,14:14:21,774.88,796.0,2.6532663316582923,2656,57
09/15/2026,14:14:21,774.88,796.0,2.6532663316582923,2657,51
09/15/2026,14:14:21,774.88,796.0,2.6532663316582923,2658,54
09/15/2026,14:14:21,774.88,796.0,2.6532663316582923,2659,71
09/15/2026,14:14:21,774.88,796.0,2.6532663316582923,2660,53
09/15/2026,14:14:21,774.88,796.0,2.6532663316582923,2661,43
09/15/2026,14:14:21,774.88,796.0,2.6532663316582923,2662,48
09/15/2026,14:14:21,774.88,796.0,2.6532663316582923,2663,50
09/15/2026,14:14:21,774.88,796.0,2.6532663316582923,2664,57
09/15/2026,14:14:21,774.88,796.0,2.6532663316582923,2665,50
09/15/2026,14:14:21,774.88,796.0,2.6532663316582923,2666,59
09/15/2026,14:14:21,774.88,796.0,2.6532663316582923,2667,48
09/15/2026,14:14:21,774.88,796.0,2.6532663316582923,2668,53
09/15/2026,14:14:21,774.88,796.0,2.6532663316582923,2669,53
09/15/2026,14:14:21,774.88,796.0,2.6532663316582923,2670,64
09/15/2026,14:14:21,774.88,796.0,2.6532663316582923,2671,52
09/15/2026,14:14:21,774.88,796.0,2.6532663316582923,2672,48
09/15/2026,14:14:21,774.88,796.0,2.6532663316582923,2673,56
09/15/2026,14:14:21,774.88,796.0,2.6532663316582923,2674,53
09/15/2026,14:14:21,774.88,796.0,2.6532663316582923,2675,62
09/15/2026,14:14:21,774.88,796.0,2.6532663316582923,2676,52
09/15/2026,14:14:21,774.88,796.0,2.6532663316582923,2677,53
09/15/2026,14:14:21,774.88,796.0,2.6532663316582923,2678,55
09/15/2026,14:14:21,774.88,796.0,2.6532663316582923,2679,65
09/15/2026,14:14:21,774.88,796.0,2.6532663316582923,2680,36
09/15/2026,14:14:21,774.88,796.0,2.6532663316582923,2681,49
09/15/2026,14:14:21,774.88,796.0,2.6532663316582923,2682,57
09/15/2026,14:14:21,774.88,796.0,2.6532663316582923,2683,44
09/15/2026,14:14:21,774.88,796.0,2.6532663316582923,2684,56
09/15/2026,14:14:21,774.88,796.0,2.6532663316582923,2685,58
09/15/2026,14:14:21,774.88,796.0,2.6532663316582923,2686,52
09/15/2026,14:14:21,774.88,796.0,2.6532663316582923,2687,62
09/15/2026,14:14:21,774.88,796.0,2.6532663316582923,2688,46
09/15/2026,14:14:21,774.88,796.0,2.6532663316582923,2689,54
09/15/2026,14:14:21,774.88,796.0,2.6532663316582923,2690,65
09/15/2026,14:14:21,774.88,796.0,2.6532663316582923,2691,73
09/15/2026,14:14:21,774.88,796.0,2.6532663316582923,2692,44
09/15/2026,14:14:21,774.88,796.0,2.6532663316582923,2693,63
09/15/2026,14:14:21,774.88,796.0,2.6532663316582923,2694,47
09/15/2026,14:14:21,774.88,796.0,2.6532663316582923,2695,43
09/15/2026,14:14:21,774.88,796.0,2.6532663316582923,2696,51
09/15/2026,14:14:21,774.88,796.0,2.6532663316582923,2697,56
09/15/2026,14:14:21,774.88,796.0,2.6532663316582923,2698,53
09/15/2026,14:14:21,774.88,796.0,2.6532663316582923,2699,62
09/15/2026,14:14:21,774.88,796.0,2.6532663316582923,2700,49
09/15/2026,14:14:21,774.88,796.0,2.6532663316582923,2701,55
09/15/2026,14:14:21,774.88,796.0,2.6532663316582923,2702,50
09/15/2026,14:14:21,774.88,796.0,2.6532663316582923,2703,47
09/15/2026,14:14:21,774.88,796.0,2.6532663316582923,2704,55
09/15/2026,14:14:21,774.88,796.0,2.6532663316582923,2705,59
09/15/2026,14:14:21,774.88,796.0,2.6532663316582923,2706,65
09/15/2026,14:14:21,774.88,796.0,2.6532663316582923,2707,53
09/15/2026,14:14:21,774.88,796.0,2.6532663316582923,2708,54
09/15/2026,14:14:21,774.88,796.0,2.6532663316582923,2709,59
09/15/2026,14:14:21,774.88,796.0,2.6532663316582923,2710,40
09/15/2026,14:14:21,774.88,796.0,2.6532663316582923,2711,55
09/15/2026,14:14:21,774.88,796.0,2.6532663316582923,2712,34
09/15/2026,14:14:21,774.88,796.0,2.6532663316582923,2713,65
09/15/2026,14:14:21,774.88,796.0,2.6532663316582923,2714,42
09/15/2026,14:14:21,774.88,796.0,2.6532663316582923,2715,46
09/15/2026,14:14:21,774.88,796.0,2.6532663316582923,2716,73
09/15/2026,14:14:21,774.88,796.0,2.6532663316582923,2717,62
09/15/2026,14:14:21,774.88,796.0,2.6532663316582923,2718,61
09/15/2026,14:14:21,774.88,796.0,2.6532663316582923,2719,51
09/15/2026,14:14:21,774.88,796.0,2.6532663316582923,2720,62
09/15/2026,14:14:21,774.88,796.0,2.6532663316582923,2721,54
09/15/2026,14:14:21,774.88,796.0,2.6532663316582923,2722,52
09/15/2026,14:14:21,774.88,796.0,2.6532663316582923,2723,62
09/15/2026,14:14:21,774.88,796.0,2.6532663316582923,2724,69
09/15/2026,14:14:21,774.88,796.0,2.6532663316582923,2725,47
09/15/2026,14:14:21,774.88,796.0,2.6532663316582923,2726,57
09/15/2026,14:14:21,774.88,796.0,2.6532663316582923,2727,54
09/15/2026,14:14:21,774.88,796.0,2.6532663316582923,2728,53
09/15/2026,14:14:21,774.88,796.0,2.6532663316582923,2729,61
09/15/2026,14:14:21,774.88,796.0,2.6532663316582923,2730,44
09/15/2026,14:14:21,774.88,796.0,2.6532663316582923,2731,54
09/15/2026,14:14:21,774.88,796.0,2.6532663316582923,2732,56
09/15/2026,14:14:21,774.88,796.0,2.6532663316582923,2733,47
09/15/2026,14:14:21,774.88,796.0,2.6532663316582923,2734,52
09/15/2026,14:14:21,774.88,796.0,2.6532663316582923,2735,58
09/15/2026,14:14:21,774.88,796.0,2.6532663316582923,2736,40
09/15/2026,14:14:21,774.88,796.0,2.6532663316582923,2737,47
09/15/2026,14:14:21,774.88,796.0,2.6532663316582923,2738,55
09/15/2026,14:14:21,774.88,796.0,2.6532663316582923,2739,55
09/15/2026,14:14:21,774.88,796.0,2.6532663316582923,2740,46
09/15/2026,14:14:21,774.88,796.0,2.6532663316582923,2741,64
09/15/2026,14:14:21,774.88,796.0,2.6532663316582923,2742,53
09/15/2026,14:14:21,774.88,796.0,2.6532663316582923,2743,57
09/15/2026,14:14:21,774.88,796.0,2.6532663316582923,2744,57
09/15/2026,14:14:21,774.88,796.0,2.6532663316582923,2745,62
09/15/2026,14:14:21,774.88,796.0,2.6532663316582923,2746,62
09/15/2026,14:14:21,774.88,796.0,2.6532663316582923,2747,57
09/15/2026,14:14:21,774.88,796.0,2.6532663316582923,2748,59
09/15/2026,14:14:21,774.88,796.0,2.6532663316582923,2749,65
09/15/2026,14:14:21,774.88,796.0,2.6532663316582923,2750,57
09/15/2026,14:14:21,774.88,796.0,2.6532663316582923,2751,58
09/15/2026,14:14:21,774.88,796.0,2.6532663316582923,2752,51
09/15/2026,14:14:21,774.88,796.0,2.6532663316582923,2753,67
09/15/2026,14:14:21,774.88,796.0,2.6532663316582923,2754,62
09/15/2026,14:14:21,774.88,796.0,2.6532663316582923,2755,47
09/15/2026,14:14:21,774.88,796.0,2.6532663316582923,2756,60
09/15/2026,14:14:21,774.88,796.0,2.6532663316582923,2757,53
09/15/2026,14:14:21,774.88,796.0,2.6532663316582923,2758,57
09/15/2026,14:14:21,774.88,796.0,2.6532663316582923,2759,42
09/15/2026,14:14:21,774.88,796.0,2.6532663316582923,2760,49
09/15/2026,14:14:21,774.88,796.0,2.6532663316582923,2761,48
09/15/2026,14:14:21,774.88,796.0,2.6532663316582923,2762,58
09/15/2026,14:14:21,774.88,796.0,2.6532663316582923,2763,56
09/15/2026,14:14:21,774.88,796.0,2.6532663316582923,2764,53
09/15/2026,14:14:21,774.88,796.0,2.6532663316582923,2765,61
09/15/2026,14:14:21,774.88,796.0,2.6532663316582923,2766,60
09/15/2026,14:14:21,774.88,796.0,2.6532663316582923,2767,66
09/15/2026,14:14:21,774.88,796.0,2.6532663316582923,2768,54
09/15/2026,14:14:21,774.88,796.0,2.6532663316582923,2769,61
09/15/2026,14:14:21,774.88,796.0,2.6532663316582923,2770,45
09/15/2026,14:14:21,774.88,796.0,2.6532663316582923,2771,56
09/15/2026,14:14:21,774.88,796.0,2.6532663316582923,2772,47
09/15/2026,14:14:21,774.88,796.0,2.6532663316582923,2773,58
09/15/2026,14:14:21,774.88,796.0,2.6532663316582923,2774,57
09/15/2026,14:14:21,774.88,796.0,2.6532663316582923,2775,62
09/15/2026,14:14:21,774.88,796.0,2.6532663316582923,2776,53
09/15/2026,14:14:21,774.88,796.0,2.6532663316582923,2777,46
09/15/2026,14:14:21,774.88,796.0,2.6532663316582923,2778,56
09/15/2026,14:14:21,774.88,796.0,2.6532663316582923,2779,55
09/15/2026,14:14:21,774.88,796.0,2.6532663316582923,2780,62
09/15/2026,14:14:21,774.88,796.0,2.6532663316582923,2781,65
09/15/2026,14:14:21,774.88,796.0,2.6532663316582923,2782,56
09/15/2026,14:14:21,774.88,796.0,2.6532663316582923,2783,50
09/15/2026,14:14:21,774.88,796.0,2.6532663316582923,2784,62
09/15/2026,14:14:21,774.88,796.0,2.6532663316582923,2785,69
09/15/2026,14:14:21,774.88,796.0,2.6532663316582923,2786,63
09/15/2026,14:14:21,774.88,796.0,2.6532663316582923,2787,59
09/15/2026,14:14:21,774.88,796.0,2.6532663316582923,2788,58
09/15/2026,14:14:21,774.88,796.0,2.6532663316582923,2789,62
09/15/2026,14:14:21,774.88,796.0,2.6532663316582923,2790,53
09/15/2026,14:14:21,774.88,796.0,2.6532663316582923,2791,58
09/15/2026,14:14:21,774.88,796.0,2.6532663316582923,2792,52
09/15/2026,14:14:21,774.88,796.0,2.6532663316582923,2793,63
09/15/2026,14:14:21,774.88,796.0,2.6532663316582923,2794,46
09/15/2026,14:14:21,774.88,796.0,2.6532663316582923,2795,57
09/15/2026,14:14:21,774.88,796.0,2.6532663316582923,2796,70
09/15/2026,14:14:21,774.88,796.0,2.6532663316582923,2797,65
09/15/2026,14:14:21,774.88,796.0,2.6532663316582923,2798,63
09/15/2026,14:14:21,774.88,796.0,2.6532663316582923,2799,64
09/15/2026,14:14:21,774.88,796.0,2.6532663316582923,2800,55
09/15/2026,14:14:21,774.88,796.0,2.6532663316582923,2801,56
09/15/2026,14:14:21,774.88,796.0,2.6532663316582923,2802,55
09/15/2026,14:14:21,774.88,796.0,2.6532663316582923,2803,56
09/15/2026,14:14:21,774.88,796.0,2.6532663316582923,2804,74
09/15/2026,14:14:21,774.88,796.0,2.6532663316582923,2805,54
09/15/2026,14:14:21,774.88,796.0,2.6532663316582923,2806,67
09/15/2026,14:14:21,774.88,796.0,2.6532663316582923,2807,58
09/15/2026,14:14:21,774.88,796.0,2.6532663316582923,2808,55
09/15/2026,14:14:21,774.88,796.0,2.6532663316582923,2809,69
09/15/2026,14:14:21,774.88,796.0,2.6532663316582923,2810,54
09/15/2026,14:14:21,774.88,796.0,2.6532663316582923,2811,62
09/15/2026,14:14:21,774.88,796.0,2.6532663316582923,2812,65
09/15/2026,14:14:21,774.88,796.0,2.6532663316582923,2813,50
09/15/2026,14:14:21,774.88,796.0,2.6532663316582923,2814,62
09/15/2026,14:14:21,774.88,796.0,2.6532663316582923,2815,68
09/15/2026,14:14:21,774.88,796.0,2.6532663316582923,2816,62
09/15/2026,14:14:21,774.88,796.0,2.6532663316582923,2817,72
09/15/2026,14:14:21,774.88,796.0,2.6532663316582923,2818,56
09/15/2026,14:14:21,774.88,796.0,2.6532663316582923,2819,63
09/15/2026,14:14:21,774.88,796.0,2.6532663316582923,2820,70
09/15/2026,14:14:21,774.88,796.0,2.6532663316582923,2821,67
09/15/2026,14:14:21,774.88,796.0,2.6532663316582923,2822,75
09/15/2026,14:14:21,774.88,796.0,2.6532663316582923,2823,66
09/15/2026,14:14:21,774.88,796.0,2.6532663316582923,2824,57
09/15/2026,14:14:21,774.88,796.0,2.6532663316582923,2825,47
09/15/2026,14:14:21,774.88,796.0,2.6532663316582923,2826,80
09/15/2026,14:14:21,774.88,796.0,2.6532663316582923,2827,60
09/15/2026,14:14:21,774.88,796.0,2.6532663316582923,2828,67
09/15/2026,14:14:21,774.88,796.0,2.6532663316582923,2829,53
09/15/2026,14:14:21,774.88,796.0,2.6532663316582923,2830,58
09/15/2026,14:14:21,774.88,796.0,2.6532663316582923,2831,71
09/15/2026,14:14:21,774.88,796.0,2.6532663316582923,2832,60
09/15/2026,14:14:21,774.88,796.0,2.6532663316582923,2833,63
09/15/2026,14:14:21,774.88,796.0,2.6532663316582923,2834,60
09/15/2026,14:14:21,774.88,796.0,2.6532663316582923,2835,54
09/15/2026,14:14:21,774.88,796.0,2.6532663316582923,2836,53
09/15/2026,14:14:21,774.88,796.0,2.6532663316582923,2837,57
09/15/2026,14:14:21,774.88,796.0,2.6532663316582923,2838,62
09/15/2026,14:14:21,774.88,796.0,2.6532663316582923,2839,72
09/15/2026,14:14:21,774.88,796.0,2.6532663316582923,2840,84
09/15/2026,14:14:21,774.88,796.0,2.6532663316582923,2841,72
09/15/2026,14:14:21,774.88,796.0,2.6532663316582923,2842,81
09/15/2026,14:14:21,774.88,796.0,2.6532663316582923,2843,61
09/15/2026,14:14:21,774.88,796.0,2.6532663316582923,2844,60
09/15/2026,14:14:21,774.88,796.0,2.6532663316582923,2845,84
09/15/2026,14:14:21,774.88,796.0,2.6532663316582923,2846,74
09/15/2026,14:14:21,774.88,796.0,2.6532663316582923,2847,56
09/15/2026,14:14:21,774.88,796.0,2.6532663316582923,2848,69
09/15/2026,14:14:21,774.88,796.0,2.6532663316582923,2849,65
09/15/2026,14:14:21,774.88,796.0,2.6532663316582923,2850,64
09/15/2026,14:14:21,774.88,796.0,2.6532663316582923,2851,80
09/15/2026,14:14:21,774.88,796.0,2.6532663316582923,2852,75
09/15/2026,14:14:21,774.88,796.0,2.6532663316582923,2853,85
09/15/2026,14:14:21,774.88,796.0,2.6532663316582923,2854,71
09/15/2026,14:14:21,774.88,796.0,2.6532663316582923,2855,72
09/15/2026,14:14:21,774.88,796.0,2.6532663316582923,2856,76
09/15/2026,14:14:21,774.88,796.0,2.6532663316582923,2857,77
09/15/2026,14:14:21,774.88,796.0,2.6532663316582923,2858,77
09/15/2026,14:14:21,774.88,796.0,2.6532663316582923,2859,67
09/15/2026,14:14:21,774.88,796.0,2.6532663316582923,2860,73
09/15/2026,14:14:21,774.88,796.0,2.6532663316582923,2861,72
09/15/2026,14:14:21,774.88,796.0,2.6532663316582923,2862,68
09/15/2026,14:14:21,774.88,796.0,2.6532663316582923,2863,70
09/15/2026,14:14:21,774.88,796.0,2.6532663316582923,2864,73
09/15/2026,14:14:21,774.88,796.0,2.6532663316582923,2865,87
09/15/2026,14:14:21,774.88,796.0,2.6532663316582923,2866,66
09/15/2026,14:14:21,774.88,796.0,2.6532663316582923,2867,73
09/15/2026,14:14:21,774.88,796.0,2.6532663316582923,2868,69
09/15/2026,14:14:21,774.88,796.0,2.6532663316582923,2869,78
09/15/2026,14:14:21,774.88,796.0,2.6532663316582923,2870,73
09/15/2026,14:14:21,774.88,796.0,2.6532663316582923,2871,74
09/15/2026,14:14:21,774.88,796.0,2.6532663316582923,2872,89
09/15/2026,14:14:21,774.88,796.0,2.6532663316582923,2873,92
09/15/2026,14:14:21,774.88,796.0,2.6532663316582923,2874,80
09/15/2026,14:14:21,774.88,796.0,2.6532663316582923,2875,89
09/15/2026,14:14:21,774.88,796.0,2.6532663316582923,2876,85
09/15/2026,14:14:21,774.88,796.0,2.6532663316582923,2877,86
09/15/2026,14:14:21,774.88,796.0,2.6532663316582923,2878,80
09/15/2026,14:14:21,774.88,796.0,2.6532663316582923,2879,90
09/15/2026,14:14:21,774.88,796.0,2.6532663316582923,2880,89
09/15/2026,14:14:21,774.88,796.0,2.6532663316582923,2881,85
09/15/2026,14:14:21,774.88,796.0,2.6532663316582923,2882,88
09/15/2026,14:14:21,774.88,796.0,2.6532663316582923,2883,72
09/15/2026,14:14:21,774.88,796.0,2.6532663316582923,2884,93
09/15/2026,14:14:21,774.88,796.0,2.6532663316582923,2885,82
09/15/2026,14:14:21,774.88,796.0,2.6532663316582923,2886,96
09/15/2026,14:14:21,774.88,796.0,2.6532663316582923,2887,91
09/15/2026,14:14:21,774.88,796.0,2.6532663316582923,2888,94
09/15/2026,14:14:21,774.88,796.0,2.6532663316582923,2889,94
09/15/2026,14:14:21,774.88,796.0,2.6532663316582923,2890,95
09/15/2026,14:14:21,774.88,796.0,2.6532663316582923,2891,97
09/15/2026,14:14:21,774.88,796.0,2.6532663316582923,2892,95
09/15/2026,14:14:21,774.88,796.0,2.6532663316582923,2893,96
09/15/2026,14:14:21,774.88,796.0,2.6532663316582923,2894,88
09/15/2026,14:14:21,774.88,796.0,2.6532663316582923,2895,95
09/15/2026,14:14:21,774.88,796.0,2.6532663316582923,2896,95
09/15/2026,14:14:21,774.88,796.0,2.6532663316582923,2897,84
09/15/2026,14:14:21,774.88,796.0,2.6532663316582923,2898,111
09/15/2026,14:14:21,774.88,796.0,2.6532663316582923,2899,102
09/15/2026,14:14:21,774.88,796.0,2.6532663316582923,2900,111
09/15/2026,14:14:21,774.88,796.0,2.6532663316582923,2901,94
09/15/2026,14:14:21,774.88,796.0,2.6532663316582923,2902,91
09/15/2026,14:14:21,774.88,796.0,2.6532663316582923,2903,91
09/15/2026,14:14:21,774.88,796.0,2.6532663316582923,2904,111
09/15/2026,14:14:21,774.88,796.0,2.6532663316582923,2905,104
09/15/2026,14:14:21,774.88,796.0,2.6532663316582923,2906,107
09/15/2026,14:14:21,774.88,796.0,2.6532663316582923,2907,103
09/15/2026,14:14:21,774.88,796.0,2.6532663316582923,2908,109
09/15/2026,14:14:21,774.88,796.0,2.6532663316582923,2909,102
09/15/2026,14:14:21,774.88,796.0,2.6532663316582923,2910,130
09/15/2026,14:14:21,774.88,796.0,2.6532663316582923,2911,113
09/15/2026,14:14:21,774.88,796.0,2.6532663316582923,2912,119
09/15/2026,14:14:21,774.88,796.0,2.6532663316582923,2913,119
09/15/2026,14:14:21,774.88,796.0,2.6532663316582923,2914,108
09/15/2026,14:14:21,774.88,796.0,2.6532663316582923,2915,110
09/15/2026,14:14:21,774.88,796.0,2.6532663316582923,2916,106
09/15/2026,14:14:21,774.88,796.0,2.6532663316582923,2917,107
09/15/2026,14:14:21,774.88,796.0,2.6532663316582923,2918,115
09/15/2026,14:14:21,774.88,796.0,2.6532663316582923,2919,123
09/15/2026,14:14:21,774.88,796.0,2.6532663316582923,2920,105
09/15/2026,14:14:21,774.88,796.0,2.6532663316582923,2921,125
09/15/2026,14:14:21,774.88,796.0,2.6532663316582923,2922,125
09/15/2026,14:14:21,774.88,796.0,2.6532663316582923,2923,108
09/15/2026,14:14:21,774.88,796.0,2.6532663316582923,2924,131
09/15/2026,14:14:21,774.88,796.0,2.6532663316582923,2925,113
09/15/2026,14:14:21,774.88,796.0,2.6532663316582923,2926,105
09/15/2026,14:14:21,774.88,796.0,2.6532663316582923,2927,122
09/15/2026,14:14:21,774.88,796.0,2.6532663316582923,2928,119
09/15/2026,14:14:21,774.88,796.0,2.6532663316582923,2929,110
09/15/2026,14:14:21,774.88,796.0,2.6532663316582923,2930,128
09/15/2026,14:14:21,774.88,796.0,2.6532663316582923,2931,117
09/15/2026,14:14:21,774.88,796.0,2.6532663316582923,2932,112
09/15/2026,14:14:21,774.88,796.0,2.6532663316582923,2933,123
09/15/2026,14:14:21,774.88,796.0,2.6532663316582923,2934,126
09/15/2026,14:14:21,774.88,796.0,2.6532663316582923,2935,117
09/15/2026,14:14:21,774.88,796.0,2.6532663316582923,2936,142
09/15/2026,14:14:21,774.88,796.0,2.6532663316582923,2937,135
09/15/2026,14:14:21,774.88,796.0,2.6532663316582923,2938,116
09/15/2026,14:14:21,774.88,796.0,2.6532663316582923,2939,128
09/15/2026,14:14:21,774.88,796.0,2.6532663316582923,2940,139
09/15/2026,14:14:21,774.88,796.0,2.6532663316582923,2941,127
09/15/2026,14:14:21,774.88,796.0,2.6532663316582923,2942,161
09/15/2026,14:14:21,774.88,796.0,2.6532663316582923,2943,134
09/15/2026,14:14:21,774.88,796.0,2.6532663316582923,2944,139
09/15/2026,14:14:21,774.88,796.0,2.6532663316582923,2945,159
09/15/2026,14:14:21,774.88,796.0,2.6532663316582923,2946,161
09/15/2026,14:14:21,774.88,796.0,2.6532663316582923,2947,146
09/15/2026,14:14:21,774.88,796.0,2.6532663316582923,2948,138
09/15/2026,14:14:21,774.88,796.0,2.6532663316582923,2949,156
09/15/2026,14:14:21,774.88,796.0,2.6532663316582923,2950,149
09/15/2026,14:14:21,774.88,796.0,2.6532663316582923,2951,164
09/15/2026,14:14:21,774.88,796.0,2.6532663316582923,2952,160
09/15/2026,14:14:21,774.88,796.0,2.6532663316582923,2953,159
09/15/2026,14:14:21,774.88,796.0,2.6532663316582923,2954,128
09/15/2026,14:14:21,774.88,796.0,2.6532663316582923,2955,189
09/15/2026,14:14:21,774.88,796.0,2.6532663316582923,2956,161
09/15/2026,14:14:21,774.88,796.0,2.6532663316582923,2957,160
09/15/2026,14:14:21,774.88,796.0,2.6532663316582923,2958,191
09/15/2026,14:14:21,774.88,796.0,2.6532663316582923,2959,178
09/15/2026,14:14:21,774.88,796.0,2.6532663316582923,2960,171
09/15/2026,14:14:21,774.88,796.0,2.6532663316582923,2961,175
09/15/2026,14:14:21,774.88,796.0,2.6532663316582923,2962,169
09/15/2026,14:14:21,774.88,796.0,2.6532663316582923,2963,160
09/15/2026,14:14:21,774.88,796.0,2.6532663316582923,2964,168
09/15/2026,14:14:21,774.88,796.0,2.6532663316582923,2965,183
09/15/2026,14:14:21,774.88,796.0,2.6532663316582923,2966,182
09/15/2026,14:14:21,774.88,796.0,2.6532663316582923,2967,165
09/15/2026,14:14:21,774.88,796.0,2.6532663316582923,2968,176
09/15/2026,14:14:21,774.88,796.0,2.6532663316582923,2969,191
09/15/2026,14:14:21,774.88,796.0,2.6532663316582923,2970,175
09/15/2026,14:14:21,774.88,796.0,2.6532663316582923,2971,161
09/15/2026,14:14:21,774.88,796.0,2.6532663316582923,2972,195
09/15/2026,14:14:21,774.88,796.0,2.6532663316582923,2973,200
09/15/2026,14:14:21,774.88,796.0,2.6532663316582923,2974,176
09/15/2026,14:14:21,774.88,796.0,2.6532663316582923,2975,211
09/15/2026,14:14:21,774.88,796.0,2.6532663316582923,2976,210
09/15/2026,14:14:21,774.88,796.0,2.6532663316582923,2977,210
09/15/2026,14:14:21,774.88,796.0,2.6532663316582923,2978,219
09/15/2026,14:14:21,774.88,796.0,2.6532663316582923,2979,216
09/15/2026,14:14:21,774.88,796.0,2.6532663316582923,2980,203
09/15/2026,14:14:21,774.88,796.0,2.6532663316582923,2981,193
09/15/2026,14:14:21,774.88,796.0,2.6532663316582923,2982,190
09/15/2026,14:14:21,774.88,796.0,2.6532663316582923,2983,211
09/15/2026,14:14:21,774.88,796.0,2.6532663316582923,2984,208
09/15/2026,14:14:21,774.88,796.0,2.6532663316582923,2985,216
09/15/2026,14:14:21,774.88,796.0,2.6532663316582923,2986,228
09/15/2026,14:14:21,774.88,796.0,2.6532663316582923,2987,233
09/15/2026,14:14:21,774.88,796.0,2.6532663316582923,2988,223
09/15/2026,14:14:21,774.88,796.0,2.6532663316582923,2989,244
09/15/2026,14:14:21,774.88,796.0,2.6532663316582923,2990,247
09/15/2026,14:14:21,774.88,796.0,2.6532663316582923,2991,226
09/15/2026,14:14:21,774.88,796.0,2.6532663316582923,2992,244
09/15/2026,14:14:21,774.88,796.0,2.6532663316582923,2993,234
09/15/2026,14:14:21,774.88,796.0,2.6532663316582923,2994,221
09/15/2026,14:14:21,774.88,796.0,2.6532663316582923,2995,236
09/15/2026,14:14:21,774.88,796.0,2.6532663316582923,2996,234
09/15/2026,14:14:21,774.88,796.0,2.6532663316582923,2997,240
09/15/2026,14:14:21,774.88,796.0,2.6532663316582923,2998,204
09/15/2026,14:14:21,774.88,796.0,2.6532663316582923,2999,235
09/15/2026,14:14:21,774.88,796.0,2.6532663316582923,3000,272
09/15/2026,14:14:21,774.88,796.0,2.6532663316582923,3001,252
09/15/2026,14:14:21,774.88,796.0,2.6532663316582923,3002,241
09/15/2026,14:14:21,774.88,796.0,2.6532663316582923,3003,227
09/15/2026,14:14:21,774.88,796.0,2.6532663316582923,3004,259
09/15/2026,14:14:21,774.88,796.0,2.6532663316582923,3005,238
09/15/2026,14:14:21,774.88,796.0,2.6532663316582923,3006,241
09/15/2026,14:14:21,774.88,796.0,2.6532663316582923,3007,281
09/15/2026,14:14:21,774.88,796.0,2.6532663316582923,3008,282
09/15/2026,14:14:21,774.88,796.0,2.6532663316582923,3009,259
09/15/2026,14:14:21,774.88,796.0,2.6532663316582923,3010,249
09/15/2026,14:14:21,774.88,796.0,2.6532663316582923,3011,236
09/15/2026,14:14:21,774.88,796.0,2.6532663316582923,3012,275
09/15/2026,14:14:21,774.88,796.0,2.6532663316582923,3013,287
09/15/2026,14:14:21,774.88,796.0,2.6532663316582923,3014,297
09/15/2026,14:14:21,774.88,796.0,2.6532663316582923,3015,298
09/15/2026,14:14:21,774.88,796.0,2.6532663316582923,3016,284
09/15/2026,14:14:21,774.88,796.0,2.6532663316582923,3017,274
09/15/2026,14:14:21,774.88,796.0,2.6532663316582923,3018,286
09/15/2026,14:14:21,774.88,796.0,2.6532663316582923,3019,297
09/15/2026,14:14:21,774.88,796.0,2.6532663316582923,3020,260
09/15/2026,14:14:21,774.88,796.0,2.6532663316582923,3021,311
09/15/2026,14:14:21,774.88,796.0,2.6532663316582923,3022,293
09/15/2026,14:14:21,774.88,796.0,2.6532663316582923,3023,314
09/15/2026,14:14:21,774.88,796.0,2.6532663316582923,3024,317
09/15/2026,14:14:21,774.88,796.0,2.6532663316582923,3025,319
09/15/2026,14:14:21,774.88,796.0,2.6532663316582923,3026,332
09/15/2026,14:14:21,774.88,796.0,2.6532663316582923,3027,305
09/15/2026,14:14:21,774.88,796.0,2.6532663316582923,3028,303
09/15/2026,14:14:21,774.88,796.0,2.6532663316582923,3029,358
09/15/2026,14:14:21,774.88,796.0,2.6532663316582923,3030,306
09/15/2026,14:14:21,774.88,796.0,2.6532663316582923,3031,336
09/15/2026,14:14:21,774.88,796.0,2.6532663316582923,3032,294
09/15/2026,14:14:21,774.88,796.0,2.6532663316582923,3033,318
09/15/2026,14:14:21,774.88,796.0,2.6532663316582923,3034,304
09/15/2026,14:14:21,774.88,796.0,2.6532663316582923,3035,348
09/15/2026,14:14:21,774.88,796.0,2.6532663316582923,3036,340
09/15/2026,14:14:21,774.88,796.0,2.6532663316582923,3037,332
09/15/2026,14:14:21,774.88,796.0,2.6532663316582923,3038,335
09/15/2026,14:14:21,774.88,796.0,2.6532663316582923,3039,366
09/15/2026,14:14:21,774.88,796.0,2.6532663316582923,3040,356
09/15/2026,14:14:21,774.88,796.0,2.6532663316582923,3041,349
09/15/2026,14:14:21,774.88,796.0,2.6532663316582923,3042,348
09/15/2026,14:14:21,774.88,796.0,2.6532663316582923,3043,319
09/15/2026,14:14:21,774.88,796.0,2.6532663316582923,3044,316
09/15/2026,14:14:21,774.88,796.0,2.6532663316582923,3045,357
09/15/2026,14:14:21,774.88,796.0,2.6532663316582923,3046,366
09/15/2026,14:14:21,774.88,796.0,2.6532663316582923,3047,356
09/15/2026,14:14:21,774.88,796.0,2.6532663316582923,3048,389
09/15/2026,14:14:21,774.88,796.0,2.6532663316582923,3049,374
09/15/2026,14:14:21,774.88,796.0,2.6532663316582923,3050,353
09/15/2026,14:14:21,774.88,796.0,2.6532663316582923,3051,396
09/15/2026,14:14:21,774.88,796.0,2.6532663316582923,3052,390
09/15/2026,14:14:21,774.88,796.0,2.6532663316582923,3053,382
09/15/2026,14:14:21,774.88,796.0,2.6532663316582923,3054,349
09/15/2026,14:14:21,774.88,796.0,2.6532663316582923,3055,374
09/15/2026,14:14:21,774.88,796.0,2.6532663316582923,3056,352
09/15/2026,14:14:21,774.88,796.0,2.6532663316582923,3057,392
09/15/2026,14:14:21,774.88,796.0,2.6532663316582923,3058,399
09/15/2026,14:14:21,774.88,796.0,2.6532663316582923,3059,392
09/15/2026,14:14:21,774.88,796.0,2.6532663316582923,3060,415
09/15/2026,14:14:21,774.88,796.0,2.6532663316582923,3061,376
09/15/2026,14:14:21,774.88,796.0,2.6532663316582923,3062,415
09/15/2026,14:14:21,774.88,796.0,2.6532663316582923,3063,406
09/15/2026,14:14:21,774.88,796.0,2.6532663316582923,3064,405
09/15/2026,14:14:21,774.88,796.0,2.6532663316582923,3065,409
09/15/2026,14:14:21,774.88,796.0,2.6532663316582923,3066,456
09/15/2026,14:14:21,774.88,796.0,2.6532663316582923,3067,420
09/15/2026,14:14:21,774.88,796.0,2.6532663316582923,3068,382
09/15/2026,14:14:21,774.88,796.0,2.6532663316582923,3069,433
09/15/2026,14:14:21,774.88,796.0,2.6532663316582923,3070,423
09/15/2026,14:14:21,774.88,796.0,2.6532663316582923,3071,435
09/15/2026,14:14:21,774.88,796.0,2.6532663316582923,3072,435
09/15/2026,14:14:21,774.88,796.0,2.6532663316582923,3073,456
09/15/2026,14:14:21,774.88,796.0,2.6532663316582923,3074,470
09/15/2026,14:14:21,774.88,796.0,2.6532663316582923,3075,452
09/15/2026,14:14:21,774.88,796.0,2.6532663316582923,3076,468
09/15/2026,14:14:21,774.88,796.0,2.6532663316582923,3077,459
09/15/2026,14:14:21,774.88,796.0,2.6532663316582923,3078,464
09/15/2026,14:14:21,774.88,796.0,2.6532663316582923,3079,452
09/15/2026,14:14:21,774.88,796.0,2.6532663316582923,3080,457
09/15/2026,14:14:21,774.88,796.0,2.6532663316582923,3081,480
09/15/2026,14:14:21,774.88,796.0,2.6532663316582923,3082,428
09/15/2026,14:14:21,774.88,796.0,2.6532663316582923,3083,444
09/15/2026,14:14:21,774.88,796.0,2.6532663316582923,3084,465
09/15/2026,14:14:21,774.88,796.0,2.6532663316582923,3085,473
09/15/2026,14:14:21,774.88,796.0,2.6532663316582923,3086,465
09/15/2026,14:14:21,774.88,796.0,2.6532663316582923,3087,510
09/15/2026,14:14:21,774.88,796.0,2.6532663316582923,3088,478
09/15/2026,14:14:21,774.88,796.0,2.6532663316582923,3089,503
09/15/2026,14:14:21,774.88,796.0,2.6532663316582923,3090,495
09/15/2026,14:14:21,774.88,796.0,2.6532663316582923,3091,480
09/15/2026,14:14:21,774.88,796.0,2.6532663316582923,3092,491
09/15/2026,14:14:21,774.88,796.0,2.6532663316582923,3093,508
09/15/2026,14:14:21,774.88,796.0,2.6532663316582923,3094,472
09/15/2026,14:14:21,774.88,796.0,2.6532663316582923,3095,519
09/15/2026,14:14:21,774.88,796.0,2.6532663316582923,3096,505
09/15/2026,14:14:21,774.88,796.0,2.6532663316582923,3097,478
09/15/2026,14:14:21,774.88,796.0,2.6532663316582923,3098,537
09/15/2026,14:14:21,774.88,796.0,2.6532663316582923,3099,490
09/15/2026,14:14:21,774.88,796.0,2.6532663316582923,3100,520
09/15/2026,14:14:21,774.88,796.0,2.6532663316582923,3101,507
09/15/2026,14:14:21,774.88,796.0,2.6532663316582923,3102,529
09/15/2026,14:14:21,774.88,796.0,2.6532663316582923,3103,476
09/15/2026,14:14:21,774.88,796.0,2.6532663316582923,3104,495
09/15/2026,14:14:21,774.88,796.0,2.6532663316582923,3105,511
09/15/2026,14:14:21,774.88,796.0,2.6532663316582923,3106,578
09/15/2026,14:14:21,774.88,796.0,2.6532663316582923,3107,550
09/15/2026,14:14:21,774.88,796.0,2.6532663316582923,3108,538
09/15/2026,14:14:21,774.88,796.0,2.6532663316582923,3109,511
09/15/2026,14:14:21,774.88,796.0,2.6532663316582923,3110,527
09/15/2026,14:14:21,774.88,796.0,2.6532663316582923,3111,545
09/15/2026,14:14:21,774.88,796.0,2.6532663316582923,3112,568
09/15/2026,14:14:21,774.88,796.0,2.6532663316582923,3113,544
09/15/2026,14:14:21,774.88,796.0,2.6532663316582923,3114,519
09/15/2026,14:14:21,774.88,796.0,2.6532663316582923,3115,564
09/15/2026,14:14:21,774.88,796.0,2.6532663316582923,3116,537
09/15/2026,14:14:21,774.88,796.0,2.6532663316582923,3117,555
09/15/2026,14:14:21,774.88,796.0,2.6532663316582923,3118,608
09/15/2026,14:14:21,774.88,796.0,2.6532663316582923,3119,533
09/15/2026,14:14:21,774.88,796.0,2.6532663316582923,3120,601
09/15/2026,14:14:21,774.88,796.0,2.6532663316582923,3121,625
09/15/2026,14:14:21,774.88,796.0,2.6532663316582923,3122,558
09/15/2026,14:14:21,774.88,796.0,2.6532663316582923,3123,573
09/15/2026,14:14:21,774.88,796.0,2.6532663316582923,3124,591
09/15/2026,14:14:21,774.88,796.0,2.6532663316582923,3125,554
09/15/2026,14:14:21,774.88,796.0,2.6532663316582923,3126,568
09/15/2026,14:14:21,774.88,796.0,2.6532663316582923,3127,600
09/15/2026,14:14:21,774.88,796.0,2.6532663316582923,3128,574
09/15/2026,14:14:21,774.88,796.0,2.6532663316582923,3129,581
09/15/2026,14:14:21,774.88,796.0,2.6532663316582923,3130,543
09/15/2026,14:14:21,774.88,796.0,2.6532663316582923,3131,585
09/15/2026,14:14:21,774.88,796.0,2.6532663316582923,3132,566
09/15/2026,14:14:21,774.88,796.0,2.6532663316582923,3133,555
09/15/2026,14:14:21,774.88,796.0,2.6532663316582923,3134,636
09/15/2026,14:14:21,774.88,796.0,2.6532663316582923,3135,621
09/15/2026,14:14:21,774.88,796.0,2.6532663316582923,3136,596
09/15/2026,14:14:21,774.88,796.0,2.6532663316582923,3137,621
09/15/2026,14:14:21,774.88,796.0,2.6532663316582923,3138,524
09/15/2026,14:14:21,774.88,796.0,2.6532663316582923,3139,569
09/15/2026,14:14:21,774.88,796.0,2.6532663316582923,3140,573
09/15/2026,14:14:21,774.88,796.0,2.6532663316582923,3141,567
09/15/2026,14:14:21,774.88,796.0,2.6532663316582923,3142,593
09/15/2026,14:14:21,774.88,796.0,2.6532663316582923,3143,627
09/15/2026,14:14:21,774.88,796.0,2.6532663316582923,3144,656
09/15/2026,14:14:21,774.88,796.0,2.6532663316582923,3145,636
09/15/2026,14:14:21,774.88,796.0,2.6532663316582923,3146,570
09/15/2026,14:14:21,774.88,796.0,2.6532663316582923,3147,634
09/15/2026,14:14:21,774.88,796.0,2.6532663316582923,3148,613
09/15/2026,14:14:21,774.88,796.0,2.6532663316582923,3149,633
09/15/2026,14:14:21,774.88,796.0,2.6532663316582923,3150,658
09/15/2026,14:14:21,774.88,796.0,2.6532663316582923,3151,601
09/15/2026,14:14:21,774.88,796.0,2.6532663316582923,3152,625
09/15/2026,14:14:21,774.88,796.0,2.6532663316582923,3153,581
09/15/2026,14:14:21,774.88,796.0,2.6532663316582923,3154,604
09/15/2026,14:14:21,774.88,796.0,2.6532663316582923,3155,652
09/15/2026,14:14:21,774.88,796.0,2.6532663316582923,3156,608
09/15/2026,14:14:21,774.88,796.0,2.6532663316582923,3157,674
09/15/2026,14:14:21,774.88,796.0,2.6532663316582923,3158,646
09/15/2026,14:14:21,774.88,796.0,2.6532663316582923,3159,619
09/15/2026,14:14:21,774.88,796.0,2.6532663316582923,3160,603
09/15/2026,14:14:21,774.88,796.0,2.6532663316582923,3161,605
09/15/2026,14:14:21,774.88,796.0,2.6532663316582923,3162,616
09/15/2026,14:14:21,774.88,796.0,2.6532663316582923,3163,637
09/15/2026,14:14:21,774.88,796.0,2.6532663316582923,3164,642
09/15/2026,14:14:21,774.88,796.0,2.6532663316582923,3165,626
09/15/2026,14:14:21,774.88,796.0,2.6532663316582923,3166,615
09/15/2026,14:14:21,774.88,796.0,2.6532663316582923,3167,678
09/15/2026,14:14:21,774.88,796.0,2.6532663316582923,3168,619
09/15/2026,14:14:21,774.88,796.0,2.6532663316582923,3169,614
09/15/2026,14:14:21,774.88,796.0,2.6532663316582923,3170,590
09/15/2026,14:14:21,774.88,796.0,2.6532663316582923,3171,652
09/15/2026,14:14:21,774.88,796.0,2.6532663316582923,3172,660
09/15/2026,14:14:21,774.88,796.0,2.6532663316582923,3173,605
09/15/2026,14:14:21,774.88,796.0,2.6532663316582923,3174,637
09/15/2026,14:14:21,774.88,796.0,2.6532663316582923,3175,606
09/15/2026,14:14:21,774.88,796.0,2.6532663316582923,3176,652
09/15/2026,14:14:21,774.88,796.0,2.6532663316582923,3177,641
09/15/2026,14:14:21,774.88,796.0,2.6532663316582923,3178,625
09/15/2026,14:14:21,774.88,796.0,2.6532663316582923,3179,677
09/15/2026,14:14:21,774.88,796.0,2.6532663316582923,3180,678
09/15/2026,14:14:21,774.88,796.0,2.6532663316582923,3181,715
09/15/2026,14:14:21,774.88,796.0,2.6532663316582923,3182,639
09/15/2026,14:14:21,774.88,796.0,2.6532663316582923,3183,639
09/15/2026,14:14:21,774.88,796.0,2.6532663316582923,3184,651
09/15/2026,14:14:21,774.88,796.0,2.6532663316582923,3185,671
09/15/2026,14:14:21,774.88,796.0,2.6532663316582923,3186,659
09/15/2026,14:14:21,774.88,796.0,2.6532663316582923,3187,620
09/15/2026,14:14:21,774.88,796.0,2.6532663316582923,3188,635
09/15/2026,14:14:21,774.88,796.0,2.6532663316582923,3189,646
09/15/2026,14:14:21,774.88,796.0,2.6532663316582923,3190,594
09/15/2026,14:14:21,774.88,796.0,2.6532663316582923,3191,671
09/15/2026,14:14:21,774.88,796.0,2.6532663316582923,3192,691
09/15/2026,14:14:21,774.88,796.0,2.6532663316582923,3193,653
09/15/2026,14:14:21,774.88,796.0,2.6532663316582923,3194,664
09/15/2026,14:14:21,774.88,796.0,2.6532663316582923,3195,650
09/15/2026,14:14:21,774.88,796.0,2.6532663316582923,3196,651
09/15/2026,14:14:21,774.88,796.0,2.6532663316582923,3197,665
09/15/2026,14:14:21,774.88,796.0,2.6532663316582923,3198,633
09/15/2026,14:14:21,774.88,796.0,2.6532663316582923,3199,671
09/15/2026,14:14:21,774.88,796.0,2.6532663316582923,3200,587
09/15/2026,14:14:21,774.88,796.0,2.6532663316582923,3201,675
09/15/2026,14:14:21,774.88,796.0,2.6532663316582923,3202,629
09/15/2026,14:14:21,774.88,796.0,2.6532663316582923,3203,651
09/15/2026,14:14:21,774.88,796.0,2.6532663316582923,3204,634
09/15/2026,14:14:21,774.88,796.0,2.6532663316582923,3205,692
09/15/2026,14:14:21,774.88,796.0,2.6532663316582923,3206,596
09/15/2026,14:14:21,774.88,796.0,2.6532663316582923,3207,707
09/15/2026,14:14:21,774.88,796.0,2.6532663316582923,3208,668
09/15/2026,14:14:21,774.88,796.0,2.6532663316582923,3209,697
09/15/2026,14:14:21,774.88,796.0,2.6532663316582923,3210,608
09/15/2026,14:14:21,774.88,796.0,2.6532663316582923,3211,606
09/15/2026,14:14:21,774.88,796.0,2.6532663316582923,3212,657
09/15/2026,14:14:21,774.88,796.0,2.6532663316582923,3213,597
09/15/2026,14:14:21,774.88,796.0,2.6532663316582923,3214,642
09/15/2026,14:14:21,774.88,796.0,2.6532663316582923,3215,627
09/15/2026,14:14:21,774.88,796.0,2.6532663316582923,3216,646
09/15/2026,14:14:21,774.88,796.0,2.6532663316582923,3217,698
09/15/2026,14:14:21,774.88,796.0,2.6532663316582923,3218,650
09/15/2026,14:14:21,774.88,796.0,2.6532663316582923,3219,639
09/15/2026,14:14:21,774.88,796.0,2.6532663316582923,3220,652
09/15/2026,14:14:21,774.88,796.0,2.6532663316582923,3221,643
09/15/2026,14:14:21,774.88,796.0,2.6532663316582923,3222,623
09/15/2026,14:14:21,774.88,796.0,2.6532663316582923,3223,603
09/15/2026,14:14:21,774.88,796.0,2.6532663316582923,3224,633
09/15/2026,14:14:21,774.88,796.0,2.6532663316582923,3225,623
09/15/2026,14:14:21,774.88,796.0,2.6532663316582923,3226,618
09/15/2026,14:14:21,774.88,796.0,2.6532663316582923,3227,652
09/15/2026,14:14:21,774.88,796.0,2.6532663316582923,3228,621
09/15/2026,14:14:21,774.88,796.0,2.6532663316582923,3229,574
09/15/2026,14:14:21,774.88,796.0,2.6532663316582923,3230,590
09/15/2026,14:14:21,774.88,796.0,2.6532663316582923,3231,652
09/15/2026,14:14:21,774.88,796.0,2.6532663316582923,3232,647
09/15/2026,14:14:21,774.88,796.0,2.6532663316582923,3233,684
09/15/2026,14:14:21,774.88,796.0,2.6532663316582923,3234,595
09/15/2026,14:14:21,774.88,796.0,2.6532663316582923,3235,600
09/15/2026,14:14:21,774.88,796.0,2.6532663316582923,3236,643
09/15/2026,14:14:21,774.88,796.0,2.6532663316582923,3237,605
09/15/2026,14:14:21,774.88,796.0,2.6532663316582923,3238,615
09/15/2026,14:14:21,774.88,796.0,2.6532663316582923,3239,637
09/15/2026,14:14:21,774.88,796.0,2.6532663316582923,3240,645
09/15/2026,14:14:21,774.88,796.0,2.6532663316582923,3241,593
09/15/2026,14:14:21,774.88,796.0,2.6532663316582923,3242,607
09/15/2026,14:14:21,774.88,796.0,2.6532663316582923,3243,602
09/15/2026,14:14:21,774.88,796.0,2.6532663316582923,3244,602
09/15/2026,14:14:21,774.88,796.0,2.6532663316582923,3245,610
09/15/2026,14:14:21,774.88,796.0,2.6532663316582923,3246,576
09/15/2026,14:14:21,774.88,796.0,2.6532663316582923,3247,624
09/15/2026,14:14:21,774.88,796.0,2.6532663316582923,3248,597
09/15/2026,14:14:21,774.88,796.0,2.6532663316582923,3249,568
09/15/2026,14:14:21,774.88,796.0,2.6532663316582923,3250,629
09/15/2026,14:14:21,774.88,796.0,2.6532663316582923,3251,583
09/15/2026,14:14:21,774.88,796.0,2.6532663316582923,3252,645
09/15/2026,14:14:21,774.88,796.0,2.6532663316582923,3253,589
09/15/2026,14:14:21,774.88,796.0,2.6532663316582923,3254,550
09/15/2026,14:14:21,774.88,796.0,2.6532663316582923,3255,588
09/15/2026,14:14:21,774.88,796.0,2.6532663316582923,3256,625
09/15/2026,14:14:21,774.88,796.0,2.6532663316582923,3257,551
09/15/2026,14:14:21,774.88,796.0,2.6532663316582923,3258,581
09/15/2026,14:14:21,774.88,796.0,2.6532663316582923,3259,576
09/15/2026,14:14:21,774.88,796.0,2.6532663316582923,3260,559
09/15/2026,14:14:21,774.88,796.0,2.6532663316582923,3261,600
09/15/2026,14:14:21,774.88,796.0,2.6532663316582923,3262,586
09/15/2026,14:14:21,774.88,796.0,2.6532663316582923,3263,550
09/15/2026,14:14:21,774.88,796.0,2.6532663316582923,3264,593
09/15/2026,14:14:21,774.88,796.0,2.6532663316582923,3265,566
09/15/2026,14:14:21,774.88,796.0,2.6532663316582923,3266,565
09/15/2026,14:14:21,774.88,796.0,2.6532663316582923,3267,530
09/15/2026,14:14:21,774.88,796.0,2.6532663316582923,3268,545
09/15/2026,14:14:21,774.88,796.0,2.6532663316582923,3269,591
09/15/2026,14:14:21,774.88,796.0,2.6532663316582923,3270,515
09/15/2026,14:14:21,774.88,796.0,2.6532663316582923,3271,529
09/15/2026,14:14:21,774.88,796.0,2.6532663316582923,3272,511
09/15/2026,14:14:21,774.88,796.0,2.6532663316582923,3273,533
09/15/2026,14:14:21,774.88,796.0,2.6532663316582923,3274,526
09/15/2026,14:14:21,774.88,796.0,2.6532663316582923,3275,514
09/15/2026,14:14:21,774.88,796.0,2.6532663316582923,3276,565
09/15/2026,14:14:21,774.88,796.0,2.6532663316582923,3277,511
09/15/2026,14:14:21,774.88,796.0,2.6532663316582923,3278,535
09/15/2026,14:14:21,774.88,796.0,2.6532663316582923,3279,526
09/15/2026,14:14:21,774.88,796.0,2.6532663316582923,3280,562
09/15/2026,14:14:21,774.88,796.0,2.6532663316582923,3281,508
09/15/2026,14:14:21,774.88,796.0,2.6532663316582923,3282,538
09/15/2026,14:14:21,774.88,796.0,2.6532663316582923,3283,562
09/15/2026,14:14:21,774.88,796.0,2.6532663316582923,3284,507
09/15/2026,14:14:21,774.88,796.0,2.6532663316582923,3285,524
09/15/2026,14:14:21,774.88,796.0,2.6532663316582923,3286,521
09/15/2026,14:14:21,774.88,796.0,2.6532663316582923,3287,560
09/15/2026,14:14:21,774.88,796.0,2.6532663316582923,3288,531
09/15/2026,14:14:21,774.88,796.0,2.6532663316582923,3289,470
09/15/2026,14:14:21,774.88,796.0,2.6532663316582923,3290,551
09/15/2026,14:14:21,774.88,796.0,2.6532663316582923,3291,488
09/15/2026,14:14:21,774.88,796.0,2.6532663316582923,3292,505
09/15/2026,14:14:21,774.88,796.0,2.6532663316582923,3293,439
09/15/2026,14:14:21,774.88,796.0,2.6532663316582923,3294,549
09/15/2026,14:14:21,774.88,796.0,2.6532663316582923,3295,476
09/15/2026,14:14:21,774.88,796.0,2.6532663316582923,3296,506
09/15/2026,14:14:21,774.88,796.0,2.6532663316582923,3297,491
09/15/2026,14:14:21,774.88,796.0,2.6532663316582923,3298,443
09/15/2026,14:14:21,774.88,796.0,2.6532663316582923,3299,519
09/15/2026,14:14:21,774.88,796.0,2.6532663316582923,3300,460
09/15/2026,14:14:21,774.88,796.0,2.6532663316582923,3301,478
09/15/2026,14:14:21,774.88,796.0,2.6532663316582923,3302,494
09/15/2026,14:14:21,774.88,796.0,2.6532663316582923,3303,478
09/15/2026,14:14:21,774.88,796.0,2.6532663316582923,3304,455
09/15/2026,14:14:21,774.88,796.0,2.6532663316582923,3305,426
09/15/2026,14:14:21,774.88,796.0,2.6532663316582923,3306,444
09/15/2026,14:14:21,774.88,796.0,2.6532663316582923,3307,455
09/15/2026,14:14:21,774.88,796.0,2.6532663316582923,3308,439
09/15/2026,14:14:21,774.88,796.0,2.6532663316582923,3309,483
09/15/2026,14:14:21,774.88,796.0,2.6532663316582923,3310,467
09/15/2026,14:14:21,774.88,796.0,2.6532663316582923,3311,460
09/15/2026,14:14:21,774.88,796.0,2.6532663316582923,3312,429
09/15/2026,14:14:21,774.88,796.0,2.6532663316582923,3313,428
09/15/2026,14:14:21,774.88,796.0,2.6532663316582923,3314,423
09/15/2026,14:14:21,774.88,796.0,2.6532663316582923,3315,443
09/15/2026,14:14:21,774.88,796.0,2.6532663316582923,3316,426
09/15/2026,14:14:21,774.88,796.0,2.6532663316582923,3317,450
09/15/2026,14:14:21,774.88,796.0,2.6532663316582923,3318,402
09/15/2026,14:14:21,774.88,796.0,2.6532663316582923,3319,444
09/15/2026,14:14:21,774.88,796.0,2.6532663316582923,3320,401
09/15/2026,14:14:21,774.88,796.0,2.6532663316582923,3321,406
09/15/2026,14:14:21,774.88,796.0,2.6532663316582923,3322,415
09/15/2026,14:14:21,774.88,796.0,2.6532663316582923,3323,430
09/15/2026,14:14:21,774.88,796.0,2.6532663316582923,3324,423
09/15/2026,14:14:21,774.88,796.0,2.6532663316582923,3325,391
09/15/2026,14:14:21,774.88,796.0,2.6532663316582923,3326,412
09/15/2026,14:14:21,774.88,796.0,2.6532663316582923,3327,374
09/15/2026,14:14:21,774.88,796.0,2.6532663316582923,3328,410
09/15/2026,14:14:21,774.88,796.0,2.6532663316582923,3329,376
09/15/2026,14:14:21,774.88,796.0,2.6532663316582923,3330,381
09/15/2026,14:14:21,774.88,796.0,2.6532663316582923,3331,389
09/15/2026,14:14:21,774.88,796.0,2.6532663316582923,3332,379
09/15/2026,14:14:21,774.88,796.0,2.6532663316582923,3333,393
09/15/2026,14:14:21,774.88,796.0,2.6532663316582923,3334,389
09/15/2026,14:14:21,774.88,796.0,2.6532663316582923,3335,382
09/15/2026,14:14:21,774.88,796.0,2.6532663316582923,3336,358
09/15/2026,14:14:21,774.88,796.0,2.6532663316582923,3337,368
09/15/2026,14:14:21,774.88,796.0,2.6532663316582923,3338,376
09/15/2026,14:14:21,774.88,796.0,2.6532663316582923,3339,376
09/15/2026,14:14:21,774.88,796.0,2.6532663316582923,3340,358
09/15/2026,14:14:21,774.88,796.0,2.6532663316582923,3341,370
09/15/2026,14:14:21,774.88,796.0,2.6532663316582923,3342,366
09/15/2026,14:14:21,774.88,796.0,2.6532663316582923,3343,362
09/15/2026,14:14:21,774.88,796.0,2.6532663316582923,3344,338
09/15/2026,14:14:21,774.88,796.0,2.6532663316582923,3345,365
09/15/2026,14:14:21,774.88,796.0,2.6532663316582923,3346,359
09/15/2026,14:14:21,774.88,796.0,2.6532663316582923,3347,361
09/15/2026,14:14:21,774.88,796.0,2.6532663316582923,3348,366
09/15/2026,14:14:21,774.88,796.0,2.6532663316582923,3349,349
09/15/2026,14:14:21,774.88,796.0,2.6532663316582923,3350,331
09/15/2026,14:14:21,774.88,796.0,2.6532663316582923,3351,330
09/15/2026,14:14:21,774.88,796.0,2.6532663316582923,3352,330
09/15/2026,14:14:21,774.88,796.0,2.6532663316582923,3353,341
09/15/2026,14:14:21,774.88,796.0,2.6532663316582923,3354,326
09/15/2026,14:14:21,774.88,796.0,2.6532663316582923,3355,329
09/15/2026,14:14:21,774.88,796.0,2.6532663316582923,3356,312
09/15/2026,14:14:21,774.88,796.0,2.6532663316582923,3357,319
09/15/2026,14:14:21,774.88,796.0,2.6532663316582923,3358,336
09/15/2026,14:14:21,774.88,796.0,2.6532663316582923,3359,309
09/15/2026,14:14:21,774.88,796.0,2.6532663316582923,3360,257
09/15/2026,14:14:21,774.88,796.0,2.6532663316582923,3361,325
09/15/2026,14:14:21,774.88,796.0,2.6532663316582923,3362,316
09/15/2026,14:14:21,774.88,796.0,2.6532663316582923,3363,288
09/15/2026,14:14:21,774.88,796.0,2.6532663316582923,3364,290
09/15/2026,14:14:21,774.88,796.0,2.6532663316582923,3365,303
09/15/2026,14:14:21,774.88,796.0,2.6532663316582923,3366,300
09/15/2026,14:14:21,774.88,796.0,2.6532663316582923,3367,299
09/15/2026,14:14:21,774.88,796.0,2.6532663316582923,3368,310
09/15/2026,14:14:21,774.88,796.0,2.6532663316582923,3369,295
09/15/2026,14:14:21,774.88,796.0,2.6532663316582923,3370,304
09/15/2026,14:14:21,774.88,796.0,2.6532663316582923,3371,277
09/15/2026,14:14:21,774.88,796.0,2.6532663316582923,3372,276
09/15/2026,14:14:21,774.88,796.0,2.6532663316582923,3373,259
09/15/2026,14:14:21,774.88,796.0,2.6532663316582923,3374,278
09/15/2026,14:14:21,774.88,796.0,2.6532663316582923,3375,277
09/15/2026,14:14:21,774.88,796.0,2.6532663316582923,3376,245
09/15/2026,14:14:21,774.88,796.0,2.6532663316582923,3377,273
09/15/2026,14:14:21,774.88,796.0,2.6532663316582923,3378,253
09/15/2026,14:14:21,774.88,796.0,2.6532663316582923,3379,227
09/15/2026,14:14:21,774.88,796.0,2.6532663316582923,3380,248
09/15/2026,14:14:21,774.88,796.0,2.6532663316582923,3381,241
09/15/2026,14:14:21,774.88,796.0,2.6532663316582923,3382,237
09/15/2026,14:14:21,774.88,796.0,2.6532663316582923,3383,215
09/15/2026,14:14:21,774.88,796.0,2.6532663316582923,3384,251
09/15/2026,14:14:21,774.88,796.0,2.6532663316582923,3385,237
09/15/2026,14:14:21,774.88,796.0,2.6532663316582923,3386,236
09/15/2026,14:14:21,774.88,796.0,2.6532663316582923,3387,248
09/15/2026,14:14:21,774.88,796.0,2.6532663316582923,3388,248
09/15/2026,14:14:21,774.88,796.0,2.6532663316582923,3389,244
09/15/2026,14:14:21,774.88,796.0,2.6532663316582923,3390,240
09/15/2026,14:14:21,774.88,796.0,2.6532663316582923,3391,250
09/15/2026,14:14:21,774.88,796.0,2.6532663316582923,3392,248
09/15/2026,14:14:21,774.88,796.0,2.6532663316582923,3393,203
09/15/2026,14:14:21,774.88,796.0,2.6532663316582923,3394,222
09/15/2026,14:14:21,774.88,796.0,2.6532663316582923,3395,230
09/15/2026,14:14:21,774.88,796.0,2.6532663316582923,3396,223
09/15/2026,14:14:21,774.88,796.0,2.6532663316582923,3397,230
09/15/2026,14:14:21,774.88,796.0,2.6532663316582923,3398,206
09/15/2026,14:14:21,774.88,796.0,2.6532663316582923,3399,233
09/15/2026,14:14:21,774.88,796.0,2.6532663316582923,3400,225
09/15/2026,14:14:21,774.88,796.0,2.6532663316582923,3401,213
09/15/2026,14:14:21,774.88,796.0,2.6532663316582923,3402,201
09/15/2026,14:14:21,774.88,796.0,2.6532663316582923,3403,219
09/15/2026,14:14:21,774.88,796.0,2.6532663316582923,3404,202
09/15/2026,14:14:21,774.88,796.0,2.6532663316582923,3405,189
09/15/2026,14:14:21,774.88,796.0,2.6532663316582923,3406,198
09/15/2026,14:14:21,774.88,796.0,2.6532663316582923,3407,206
09/15/2026,14:14:21,774.88,796.0,2.6532663316582923,3408,218
09/15/2026,14:14:21,774.88,796.0,2.6532663316582923,3409,185
09/15/2026,14:14:21,774.88,796.0,2.6532663316582923,3410,191
09/15/2026,14:14:21,774.88,796.0,2.6532663316582923,3411,176
09/15/2026,14:14:21,774.88,796.0,2.6532663316582923,3412,179
09/15/2026,14:14:21,774.88,796.0,2.6532663316582923,3413,181
09/15/2026,14:14:21,774.88,796.0,2.6532663316582923,3414,225
09/15/2026,14:14:21,774.88,796.0,2.6532663316582923,3415,155
09/15/2026,14:14:21,774.88,796.0,2.6532663316582923,3416,168
09/15/2026,14:14:21,774.88,796.0,2.6532663316582923,3417,194
09/15/2026,14:14:21,774.88,796.0,2.6532663316582923,3418,193
09/15/2026,14:14:21,774.88,796.0,2.6532663316582923,3419,175
09/15/2026,14:14:21,774.88,796.0,2.6532663316582923,3420,169
09/15/2026,14:14:21,774.88,796.0,2.6532663316582923,3421,191
09/15/2026,14:14:21,774.88,796.0,2.6532663316582923,3422,167
09/15/2026,14:14:21,774.88,796.0,2.6532663316582923,3423,157
09/15/2026,14:14:21,774.88,796.0,2.6532663316582923,3424,148
09/15/2026,14:14:21,774.88,796.0,2.6532663316582923,3425,187
09/15/2026,14:14:21,774.88,796.0,2.6532663316582923,3426,182
09/15/2026,14:14:21,774.88,796.0,2.6532663316582923,3427,161
09/15/2026,14:14:21,774.88,796.0,2.6532663316582923,3428,144
09/15/2026,14:14:21,774.88,796.0,2.6532663316582923,3429,174
09/15/2026,14:14:21,774.88,796.0,2.6532663316582923,3430,168
09/15/2026,14:14:21,774.88,796.0,2.6532663316582923,3431,158
09/15/2026,14:14:21,774.88,796.0,2.6532663316582923,3432,162
09/15/2026,14:14:21,774.88,796.0,2.6532663316582923,3433,168
09/15/2026,14:14:21,774.88,796.0,2.6532663316582923,3434,143
09/15/2026,14:14:21,774.88,796.0,2.6532663316582923,3435,153
09/15/2026,14:14:21,774.88,796.0,2.6532663316582923,3436,148
09/15/2026,14:14:21,774.88,796.0,2.6532663316582923,3437,137
09/15/2026,14:14:21,774.88,796.0,2.6532663316582923,3438,139
09/15/2026,14:14:21,774.88,796.0,2.6532663316582923,3439,163
09/15/2026,14:14:21,774.88,796.0,2.6532663316582923,3440,116
09/15/2026,14:14:21,774.88,796.0,2.6532663316582923,3441,155
09/15/2026,14:14:21,774.88,796.0,2.6532663316582923,3442,135
09/15/2026,14:14:21,774.88,796.0,2.6532663316582923,3443,128
09/15/2026,14:14:21,774.88,796.0,2.6532663316582923,3444,132
09/15/2026,14:14:21,774.88,796.0,2.6532663316582923,3445,102
09/15/2026,14:14:21,774.88,796.0,2.6532663316582923,3446,117
09/15/2026,14:14:21,774.88,796.0,2.6532663316582923,3447,142
09/15/2026,14:14:21,774.88,796.0,2.6532663316582923,3448,131
09/15/2026,14:14:21,774.88,796.0,2.6532663316582923,3449,127
09/15/2026,14:14:21,774.88,796.0,2.6532663316582923,3450,131
09/15/2026,14:14:21,774.88,796.0,2.6532663316582923,3451,136
09/15/2026,14:14:21,774.88,796.0,2.6532663316582923,3452,129
09/15/2026,14:14:21,774.88,796.0,2.6532663316582923,3453,114
09/15/2026,14:14:21,774.88,796.0,2.6532663316582923,3454,125
09/15/2026,14:14:21,774.88,796.0,2.6532663316582923,3455,122
09/15/2026,14:14:21,774.88,796.0,2.6532663316582923,3456,113
09/15/2026,14:14:21,774.88,796.0,2.6532663316582923,3457,132
09/15/2026,14:14:21,774.88,796.0,2.6532663316582923,3458,114
09/15/2026,14:14:21,774.88,796.0,2.6532663316582923,3459,113
09/15/2026,14:14:21,774.88,796.0,2.6532663316582923,3460,114
09/15/2026,14:14:21,774.88,796.0,2.6532663316582923,3461,104
09/15/2026,14:14:21,774.88,796.0,2.6532663316582923,3462,101
09/15/2026,14:14:21,774.88,796.0,2.6532663316582923,3463,108
09/15/2026,14:14:21,774.88,796.0,2.6532663316582923,3464,94
09/15/2026,14:14:21,774.88,796.0,2.6532663316582923,3465,112
09/15/2026,14:14:21,774.88,796.0,2.6532663316582923,3466,123
09/15/2026,14:14:21,774.88,796.0,2.6532663316582923,3467,110
09/15/2026,14:14:21,774.88,796.0,2.6532663316582923,3468,101
09/15/2026,14:14:21,774.88,796.0,2.6532663316582923,3469,100
09/15/2026,14:14:21,774.88,796.0,2.6532663316582923,3470,111
09/15/2026,14:14:21,774.88,796.0,2.6532663316582923,3471,95
09/15/2026,14:14:21,774.88,796.0,2.6532663316582923,3472,89
09/15/2026,14:14:21,774.88,796.0,2.6532663316582923,3473,82
09/15/2026,14:14:21,774.88,796.0,2.6532663316582923,3474,100
09/15/2026,14:14:21,774.88,796.0,2.6532663316582923,3475,93
09/15/2026,14:14:21,774.88,796.0,2.6532663316582923,3476,86
09/15/2026,14:14:21,774.88,796.0,2.6532663316582923,3477,107
09/15/2026,14:14:21,774.88,796.0,2.6532663316582923,3478,88
09/15/2026,14:14:21,774.88,796.0,2.6532663316582923,3479,113
09/15/2026,14:14:21,774.88,796.0,2.6532663316582923,3480,70
09/15/2026,14:14:21,774.88,796.0,2.6532663316582923,3481,88
09/15/2026,14:14:21,774.88,796.0,2.6532663316582923,3482,99
09/15/2026,14:14:21,774.88,796.0,2.6532663316582923,3483,88
09/15/2026,14:14:21,774.88,796.0,2.6532663316582923,3484,84
09/15/2026,14:14:21,774.88,796.0,2.6532663316582923,3485,83
09/15/2026,14:14:21,774.88,796.0,2.6532663316582923,3486,68
09/15/2026,14:14:21,774.88,796.0,2.6532663316582923,3487,74
09/15/2026,14:14:21,774.88,796.0,2.6532663316582923,3488,86
09/15/2026,14:14:21,774.88,796.0,2.6532663316582923,3489,85
09/15/2026,14:14:21,774.88,796.0,2.6532663316582923,3490,95
09/15/2026,14:14:21,774.88,796.0,2.6532663316582923,3491,82
09/15/2026,14:14:21,774.88,796.0,2.6532663316582923,3492,71
09/15/2026,14:14:21,774.88,796.0,2.6532663316582923,3493,99
09/15/2026,14:14:21,774.88,796.0,2.6532663316582923,3494,98
09/15/2026,14:14:21,774.88,796.0,2.6532663316582923,3495,81
09/15/2026,14:14:21,774.88,796.0,2.6532663316582923,3496,85
09/15/2026,14:14:21,774.88,796.0,2.6532663316582923,3497,84
09/15/2026,14:14:21,774.88,796.0,2.6532663316582923,3498,61
09/15/2026,14:14:21,774.88,796.0,2.6532663316582923,3499,91
09/15/2026,14:14:21,774.88,796.0,2.6532663316582923,3500,64
09/15/2026,14:14:21,774.88,796.0,2.6532663316582923,3501,70
09/15/2026,14:14:21,774.88,796.0,2.6532663316582923,3502,66
09/15/2026,14:14:21,774.88,796.0,2.6532663316582923,3503,78
09/15/2026,14:14:21,774.88,796.0,2.6532663316582923,3504,75
09/15/2026,14:14:21,774.88,796.0,2.6532663316582923,3505,87
09/15/2026,14:14:21,774.88,796.0,2.6532663316582923,3506,72
09/15/2026,14:14:21,774.88,796.0,2.6532663316582923,3507,90
09/15/2026,14:14:21,774.88,796.0,2.6532663316582923,3508,61
09/15/2026,14:14:21,774.88,796.0,2.6532663316582923,3509,97
09/15/2026,14:14:21,774.88,796.0,2.6532663316582923,3510,61
09/15/2026,14:14:21,774.88,796.0,2.6532663316582923,3511,65
09/15/2026,14:14:21,774.88,796.0,2.6532663316582923,3512,74
09/15/2026,14:14:21,774.88,796.0,2.6532663316582923,3513,62
09/15/2026,14:14:21,774.88,796.0,2.6532663316582923,3514,78
09/15/2026,14:14:21,774.88,796.0,2.6532663316582923,3515,63
09/15/2026,14:14:21,774.88,796.0,2.6532663316582923,3516,74
09/15/2026,14:14:21,774.88,796.0,2.6532663316582923,3517,70
09/15/2026,14:14:21,774.88,796.0,2.6532663316582923,3518,64
09/15/2026,14:14:21,774.88,796.0,2.6532663316582923,3519,63
09/15/2026,14:14:21,774.88,796.0,2.6532663316582923,3520,57
09/15/2026,14:14:21,774.88,796.0,2.6532663316582923,3521,66
09/15/2026,14:14:21,774.88,796.0,2.6532663316582923,3522,60
09/15/2026,14:14:21,774.88,796.0,2.6532663316582923,3523,59
09/15/2026,14:14:21,774.88,796.0,2.6532663316582923,3524,68
09/15/2026,14:14:21,774.88,796.0,2.6532663316582923,3525,69
09/15/2026,14:14:21,774.88,796.0,2.6532663316582923,3526,70
09/15/2026,14:14:21,774.88,796.0,2.6532663316582923,3527,58
09/15/2026,14:14:21,774.88,796.0,2.6532663316582923,3528,78
09/15/2026,14:14:21,774.88,796.0,2.6532663316582923,3529,75
09/15/2026,14:14:21,774.88,796.0,2.6532663316582923,3530,62
09/15/2026,14:14:21,774.88,796.0,2.6532663316582923,3531,65
09/15/2026,14:14:21,774.88,796.0,2.6532663316582923,3532,60
09/15/2026,14:14:21,774.88,796.0,2.6532663316582923,3533,53
09/15/2026,14:14:21,774.88,796.0,2.6532663316582923,3534,63
09/15/2026,14:14:21,774.88,796.0,2.6532663316582923,3535,57
09/15/2026,14:14:21,774.88,796.0,2.6532663316582923,3536,58
09/15/2026,14:14:21,774.88,796.0,2.6532663316582923,3537,53
09/15/2026,14:14:21,774.88,796.0,2.6532663316582923,3538,62
09/15/2026,14:14:21,774.88,796.0,2.6532663316582923,3539,63
09/15/2026,14:14:21,774.88,796.0,2.6532663316582923,3540,60
09/15/2026,14:14:21,774.88,796.0,2.6532663316582923,3541,59
09/15/2026,14:14:21,774.88,796.0,2.6532663316582923,3542,56
09/15/2026,14:14:21,774.88,796.0,2.6532663316582923,3543,61
09/15/2026,14:14:21,774.88,796.0,2.6532663316582923,3544,58
09/15/2026,14:14:21,774.88,796.0,2.6532663316582923,3545,48
09/15/2026,14:14:21,774.88,796.0,2.6532663316582923,3546,70
09/15/2026,14:14:21,774.88,796.0,2.6532663316582923,3547,58
09/15/2026,14:14:21,774.88,796.0,2.6532663316582923,3548,50
09/15/2026,14:14:21,774.88,796.0,2.6532663316582923,3549,56
09/15/2026,14:14:21,774.88,796.0,2.6532663316582923,3550,48
09/15/2026,14:14:21,774.88,796.0,2.6532663316582923,3551,41
09/15/2026,14:14:21,774.88,796.0,2.6532663316582923,3552,52
09/15/2026,14:14:21,774.88,796.0,2.6532663316582923,3553,51
09/15/2026,14:14:21,774.88,796.0,2.6532663316582923,3554,51
09/15/2026,14:14:21,774.88,796.0,2.6532663316582923,3555,50
09/15/2026,14:14:21,774.88,796.0,2.6532663316582923,3556,43
09/15/2026,14:14:21,774.88,796.0,2.6532663316582923,3557,57
09/15/2026,14:14:21,774.88,796.0,2.6532663316582923,3558,46
09/15/2026,14:14:21,774.88,796.0,2.6532663316582923,3559,58
09/15/2026,14:14:21,774.88,796.0,2.6532663316582923,3560,51
09/15/2026,14:14:21,774.88,796.0,2.6532663316582923,3561,53
09/15/2026,14:14:21,774.88,796.0,2.6532663316582923,3562,42
09/15/2026,14:14:21,774.88,796.0,2.6532663316582923,3563,51
09/15/2026,14:14:21,774.88,796.0,2.6532663316582923,3564,51
09/15/2026,14:14:21,774.88,796.0,2.6532663316582923,3565,47
09/15/2026,14:14:21,774.88,796.0,2.6532663316582923,3566,48
09/15/2026,14:14:21,774.88,796.0,2.6532663316582923,3567,48
09/15/2026,14:14:21,774.88,796.0,2.6532663316582923,3568,51
09/15/2026,14:14:21,774.88,796.0,2.6532663316582923,3569,43
09/15/2026,14:14:21,774.88,796.0,2.6532663316582923,3570,50
09/15/2026,14:14:21,774.88,796.0,2.6532663316582923,3571,40
09/15/2026,14:14:21,774.88,796.0,2.6532663316582923,3572,48
09/15/2026,14:14:21,774.88,796.0,2.6532663316582923,3573,53
09/15/2026,14:14:21,774.88,796.0,2.6532663316582923,3574,39
09/15/2026,14:14:21,774.88,796.0,2.6532663316582923,3575,42
09/15/2026,14:14:21,774.88,796.0,2.6532663316582923,3576,45
09/15/2026,14:14:21,774.88,796.0,2.6532663316582923,3577,48
09/15/2026,14:14:21,774.88,796.0,2.6532663316582923,3578,52
09/15/2026,14:14:21,774.88,796.0,2.6532663316582923,3579,51
09/15/2026,14:14:21,774.88,796.0,2.6532663316582923,3580,47
09/15/2026,14:14:21,774.88,796.0,2.6532663316582923,3581,48
09/15/2026,14:14:21,774.88,796.0,2.6532663316582923,3582,48
09/15/2026,14:14:21,774.88,796.0,2.6532663316582923,3583,38
09/15/2026,14:14:21,774.88,796.0,2.6532663316582923,3584,39
09/15/2026,14:14:21,774.88,796.0,2.6532663316582923,3585,47
09/15/2026,14:14:21,774.88,796.0,2.6532663316582923,3586,51
09/15/2026,14:14:21,774.88,796.0,2.6532663316582923,3587,56
09/15/2026,14:14:21,774.88,796.0,2.6532663316582923,3588,45
09/15/2026,14:14:21,774.88,796.0,2.6532663316582923,3589,50
09/15/2026,14:14:21,774.88,796.0,2.6532663316582923,3590,43
09/15/2026,14:14:21,774.88,796.0,2.6532663316582923,3591,38
09/15/2026,14:14:21,774.88,796.0,2.6532663316582923,3592,50
09/15/2026,14:14:21,774.88,796.0,2.6532663316582923,3593,34
09/15/2026,14:14:21,774.88,796.0,2.6532663316582923,3594,50
09/15/2026,14:14:21,774.88,796.0,2.6532663316582923,3595,49
09/15/2026,14:14:21,774.88,796.0,2.6532663316582923,3596,43
09/15/2026,14:14:21,774.88,796.0,2.6532663316582923,3597,50
09/15/2026,14:14:21,774.88,796.0,2.6532663316582923,3598,37
09/15/2026,14:14:21,774.88,796.0,2.6532663316582923,3599,33
09/15/2026,14:14:21,774.88,796.0,2.6532663316582923,3600,32
09/15/2026,14:14:21,774.88,796.0,2.6532663316582923,3601,41
09/15/2026,14:14:21,774.88,796.0,2.6532663316582923,3602,36
09/15/2026,14:14:21,774.88,796.0,2.6532663316582923,3603,32
09/15/2026,14:14:21,774.88,796.0,2.6532663316582923,3604,57
09/15/2026,14:14:21,774.88,796.0,2.6532663316582923,3605,41
09/15/2026,14:14:21,774.88,796.0,2.6532663316582923,3606,42
09/15/2026,14:14:21,774.88,796.0,2.6532663316582923,3607,43
09/15/2026,14:14:21,774.88,796.0,2.6532663316582923,3608,32
09/15/2026,14:14:21,774.88,796.0,2.6532663316582923,3609,47
09/15/2026,14:14:21,774.88,796.0,2.6532663316582923,3610,50
09/15/2026,14:14:21,774.88,796.0,2.6532663316582923,3611,41
09/15/2026,14:14:21,774.88,796.0,2.6532663316582923,3612,46
09/15/2026,14:14:21,774.88,796.0,2.6532663316582923,3613,46
09/15/2026,14:14:21,774.88,796.0,2.6532663316582923,3614,52
09/15/2026,14:14:21,774.88,796.0,2.6532663316582923,3615,43
09/15/2026,14:14:21,774.88,796.0,2.6532663316582923,3616,35
09/15/2026,14:14:21,774.88,796.0,2.6532663316582923,3617,38
09/15/2026,14:14:21,774.88,796.0,2.6532663316582923,3618,46
09/15/2026,14:14:21,774.88,796.0,2.6532663316582923,3619,38
09/15/2026,14:14:21,774.88,796.0,2.6532663316582923,3620,47
09/15/2026,14:14:21,774.88,796.0,2.6532663316582923,3621,45
09/15/2026,14:14:21,774.88,796.0,2.6532663316582923,3622,30
09/15/2026,14:14:21,774.88,796.0,2.6532663316582923,3623,49
09/15/2026,14:14:21,774.88,796.0,2.6532663316582923,3624,30
09/15/2026,14:14:21,774.88,796.0,2.6532663316582923,3625,42
09/15/2026,14:14:21,774.88,796.0,2.6532663316582923,3626,43
09/15/2026,14:14:21,774.88,796.0,2.6532663316582923,3627,34
09/15/2026,14:14:21,774.88,796.0,2.6532663316582923,3628,43
09/15/2026,14:14:21,774.88,796.0,2.6532663316582923,3629,41
09/15/2026,14:14:21,774.88,796.0,2.6532663316582923,3630,38
09/15/2026,14:14:21,774.88,796.0,2.6532663316582923,3631,35
09/15/2026,14:14:21,774.88,796.0,2.6532663316582923,3632,37
09/15/2026,14:14:21,774.88,796.0,2.6532663316582923,3633,35
09/15/2026,14:14:21,774.88,796.0,2.6532663316582923,3634,43
09/15/2026,14:14:21,774.88,796.0,2.6532663316582923,3635,49
09/15/2026,14:14:21,774.88,796.0,2.6532663316582923,3636,43
09/15/2026,14:14:21,774.88,796.0,2.6532663316582923,3637,39
09/15/2026,14:14:21,774.88,796.0,2.6532663316582923,3638,47
09/15/2026,14:14:21,774.88,796.0,2.6532663316582923,3639,29
09/15/2026,14:14:21,774.88,796.0,2.6532663316582923,3640,41
09/15/2026,14:14:21,774.88,796.0,2.6532663316582923,3641,59
09/15/2026,14:14:21,774.88,796.0,2.6532663316582923,3642,38
09/15/2026,14:14:21,774.88,796.0,2.6532663316582923,3643,59
09/15/2026,14:14:21,774.88,796.0,2.6532663316582923,3644,47
09/15/2026,14:14:21,774.88,796.0,2.6532663316582923,3645,45
09/15/2026,14:14:21,774.88,796.0,2.6532663316582923,3646,53
09/15/2026,14:14:21,774.88,796.0,2.6532663316582923,3647,29
09/15/2026,14:14:21,774.88,796.0,2.6532663316582923,3648,37
09/15/2026,14:14:21,774.88,796.0,2.6532663316582923,3649,41
09/15/2026,14:14:21,774.88,796.0,2.6532663316582923,3650,43
09/15/2026,14:14:21,774.88,796.0,2.6532663316582923,3651,48
09/15/2026,14:14:21,774.88,796.0,2.6532663316582923,3652,35
09/15/2026,14:14:21,774.88,796.0,2.6532663316582923,3653,39
09/15/2026,14:14:21,774.88,796.0,2.6532663316582923,3654,44
09/15/2026,14:14:21,774.88,796.0,2.6532663316582923,3655,36
09/15/2026,14:14:21,774.88,796.0,2.6532663316582923,3656,38
09/15/2026,14:14:21,774.88,796.0,2.6532663316582923,3657,46
09/15/2026,14:14:21,774.88,796.0,2.6532663316582923,3658,43
09/15/2026,14:14:21,774.88,796.0,2.6532663316582923,3659,43
09/15/2026,14:14:21,774.88,796.0,2.6532663316582923,3660,46
09/15/2026,14:14:21,774.88,796.0,2.6532663316582923,3661,34
09/15/2026,14:14:21,774.88,796.0,2.6532663316582923,3662,38
09/15/2026,14:14:21,774.88,796.0,2.6532663316582923,3663,34
09/15/2026,14:14:21,774.88,796.0,2.6532663316582923,3664,35
09/15/2026,14:14:21,774.88,796.0,2.6532663316582923,3665,28
09/15/2026,14:14:21,774.88,796.0,2.6532663316582923,3666,43
09/15/2026,14:14:21,774.88,796.0,2.6532663316582923,3667,45
09/15/2026,14:14:21,774.88,796.0,2.6532663316582923,3668,47
09/15/2026,14:14:21,774.88,796.0,2.6532663316582923,3669,39
09/15/2026,14:14:21,774.88,796.0,2.6532663316582923,3670,39
09/15/2026,14:14:21,774.88,796.0,2.6532663316582923,3671,39
09/15/2026,14:14:21,774.88,796.0,2.6532663316582923,3672,40
09/15/2026,14:14:21,774.88,796.0,2.6532663316582923,3673,35
09/15/2026,14:14:21,774.88,796.0,2.6532663316582923,3674,36
09/15/2026,14:14:21,774.88,796.0,2.6532663316582923,3675,37
09/15/2026,14:14:21,774.88,796.0,2.6532663316582923,3676,41
09/15/2026,14:14:21,774.88,796.0,2.6532663316582923,3677,40
09/15/2026,14:14:21,774.88,796.0,2.6532663316582923,3678,33
09/15/2026,14:14:21,774.88,796.0,2.6532663316582923,3679,42
09/15/2026,14:14:21,774.88,796.0,2.6532663316582923,3680,33
09/15/2026,14:14:21,774.88,796.0,2.6532663316582923,3681,43
09/15/2026,14:14:21,774.88,796.0,2.6532663316582923,3682,28
09/15/2026,14:14:21,774.88,796.0,2.6532663316582923,3683,41
09/15/2026,14:14:21,774.88,796.0,2.6532663316582923,3684,33
09/15/2026,14:14:21,774.88,796.0,2.6532663316582923,3685,29
09/15/2026,14:14:21,774.88,796.0,2.6532663316582923,3686,44
09/15/2026,14:14:21,774.88,796.0,2.6532663316582923,3687,43
09/15/2026,14:14:21,774.88,796.0,2.6532663316582923,3688,35
09/15/2026,14:14:21,774.88,796.0,2.6532663316582923,3689,37
09/15/2026,14:14:21,774.88,796.0,2.6532663316582923,3690,33
09/15/2026,14:14:21,774.88,796.0,2.6532663316582923,3691,29
09/15/2026,14:14:21,774.88,796.0,2.6532663316582923,3692,32
09/15/2026,14:14:21,774.88,796.0,2.6532663316582923,3693,33
09/15/2026,14:14:21,774.88,796.0,2.6532663316582923,3694,37
09/15/2026,14:14:21,774.88,796.0,2.6532663316582923,3695,28
09/15/2026,14:14:21,774.88,796.0,2.6532663316582923,3696,41
09/15/2026,14:14:21,774.88,796.0,2.6532663316582923,3697,39
09/15/2026,14:14:21,774.88,796.0,2.6532663316582923,3698,36
09/15/2026,14:14:21,774.88,796.0,2.6532663316582923,3699,39
09/15/2026,14:14:21,774.88,796.0,2.6532663316582923,3700,37
09/15/2026,14:14:21,774.88,796.0,2.6532663316582923,3701,35
09/15/2026,14:14:21,774.88,796.0,2.6532663316582923,3702,20
09/15/2026,14:14:21,774.88,796.0,2.6532663316582923,3703,33
09/15/2026,14:14:21,774.88,796.0,2.6532663316582923,3704,42
09/15/2026,14:14:21,774.88,796.0,2.6532663316582923,3705,31
09/15/2026,14:14:21,774.88,796.0,2.6532663316582923,3706,22
09/15/2026,14:14:21,774.88,796.0,2.6532663316582923,3707,32
09/15/2026,14:14:21,774.88,796.0,2.6532663316582923,3708,32
09/15/2026,14:14:21,774.88,796.0,2.6532663316582923,3709,46
09/15/2026,14:14:21,774.88,796.0,2.6532663316582923,3710,38
09/15/2026,14:14:21,774.88,796.0,2.6532663316582923,3711,28
09/15/2026,14:14:21,774.88,796.0,2.6532663316582923,3712,36
09/15/2026,14:14:21,774.88,796.0,2.6532663316582923,3713,27
09/15/2026,14:14:21,774.88,796.0,2.6532663316582923,3714,28
09/15/2026,14:14:21,774.88,796.0,2.6532663316582923,3715,32
09/15/2026,14:14:21,774.88,796.0,2.6532663316582923,3716,38
09/15/2026,14:14:21,774.88,796.0,2.6532663316582923,3717,38
09/15/2026,14:14:21,774.88,796.0,2.6532663316582923,3718,34
09/15/2026,14:14:21,774.88,796.0,2.6532663316582923,3719,38
09/15/2026,14:14:21,774.88,796.0,2.6532663316582923,3720,44
09/15/2026,14:14:21,774.88,796.0,2.6532663316582923,3721,28
09/15/2026,14:14:21,774.88,796.0,2.6532663316582923,3722,35
09/15/2026,14:14:21,774.88,796.0,2.6532663316582923,3723,36
09/15/2026,14:14:21,774.88,796.0,2.6532663316582923,3724,36
09/15/2026,14:14:21,774.88,796.0,2.6532663316582923,3725,38
09/15/2026,14:14:21,774.88,796.0,2.6532663316582923,3726,39
09/15/2026,14:14:21,774.88,796.0,2.6532663316582923,3727,34
09/15/2026,14:14:21,774.88,796.0,2.6532663316582923,3728,44
09/15/2026,14:14:21,774.88,796.0,2.6532663316582923,3729,32
09/15/2026,14:14:21,774.88,796.0,2.6532663316582923,3730,34
09/15/2026,14:14:21,774.88,796.0,2.6532663316582923,3731,37
09/15/2026,14:14:21,774.88,796.0,2.6532663316582923,3732,38
09/15/2026,14:14:21,774.88,796.0,2.6532663316582923,3733,36
09/15/2026,14:14:21,774.88,796.0,2.6532663316582923,3734,31
09/15/2026,14:14:21,774.88,796.0,2.6532663316582923,3735,40
09/15/2026,14:14:21,774.88,796.0,2.6532663316582923,3736,31
09/15/2026,14:14:21,774.88,796.0,2.6532663316582923,3737,43
09/15/2026,14:14:21,774.88,796.0,2.6532663316582923,3738,26
09/15/2026,14:14:21,774.88,796.0,2.6532663316582923,3739,40
09/15/2026,14:14:21,774.88,796.0,2.6532663316582923,3740,27
09/15/2026,14:14:21,774.88,796.0,2.6532663316582923,3741,41
09/15/2026,14:14:21,774.88,796.0,2.6532663316582923,3742,39
09/15/2026,14:14:21,774.88,796.0,2.6532663316582923,3743,35
09/15/2026,14:14:21,774.88,796.0,2.6532663316582923,3744,42
09/15/2026,14:14:21,774.88,796.0,2.6532663316582923,3745,34
09/15/2026,14:14:21,774.88,796.0,2.6532663316582923,3746,41
09/15/2026,14:14:21,774.88,796.0,2.6532663316582923,3747,33
09/15/2026,14:14:21,774.88,796.0,2.6532663316582923,3748,31
09/15/2026,14:14:21,774.88,796.0,2.6532663316582923,3749,30
09/15/2026,14:14:21,774.88,796.0,2.6532663316582923,3750,28
09/15/2026,14:14:21,774.88,796.0,2.6532663316582923,3751,42
09/15/2026,14:14:21,774.88,796.0,2.6532663316582923,3752,46
09/15/2026,14:14:21,774.88,796.0,2.6532663316582923,3753,46
09/15/2026,14:14:21,774.88,796.0,2.6532663316582923,3754,30
09/15/2026,14:14:21,774.88,796.0,2.6532663316582923,3755,35
09/15/2026,14:14:21,774.88,796.0,2.6532663316582923,3756,28
09/15/2026,14:14:21,774.88,796.0,2.6532663316582923,3757,46
09/15/2026,14:14:21,774.88,796.0,2.6532663316582923,3758,39
09/15/2026,14:14:21,774.88,796.0,2.6532663316582923,3759,32
09/15/2026,14:14:21,774.88,796.0,2.6532663316582923,3760,34
09/15/2026,14:14:21,774.88,796.0,2.6532663316582923,3761,36
09/15/2026,14:14:21,774.88,796.0,2.6532663316582923,3762,36
09/15/2026,14:14:21,774.88,796.0,2.6532663316582923,3763,31
09/15/2026,14:14:21,774.88,796.0,2.6532663316582923,3764,31
09/15/2026,14:14:21,774.88,796.0,2.6532663316582923,3765,28
09/15/2026,14:14:21,774.88,796.0,2.6532663316582923,3766,35
09/15/2026,14:14:21,774.88,796.0,2.6532663316582923,3767,31
09/15/2026,14:14:21,774.88,796.0,2.6532663316582923,3768,35
09/15/2026,14:14:21,774.88,796.0,2.6532663316582923,3769,44
09/15/2026,14:14:21,774.88,796.0,2.6532663316582923,3770,38
09/15/2026,14:14:21,774.88,796.0,2.6532663316582923,3771,36
09/15/2026,14:14:21,774.88,796.0,2.6532663316582923,3772,35
09/15/2026,14:14:21,774.88,796.0,2.6532663316582923,3773,32
09/15/2026,14:14:21,774.88,796.0,2.6532663316582923,3774,34
09/15/2026,14:14:21,774.88,796.0,2.6532663316582923,3775,35
09/15/2026,14:14:21,774.88,796.0,2.6532663316582923,3776,28
09/15/2026,14:14:21,774.88,796.0,2.6532663316582923,3777,29
09/15/2026,14:14:21,774.88,796.0,2.6532663316582923,3778,41
09/15/2026,14:14:21,774.88,796.0,2.6532663316582923,3779,32
09/15/2026,14:14:21,774.88,796.0,2.6532663316582923,3780,35
09/15/2026,14:14:21,774.88,796.0,2.6532663316582923,3781,40
09/15/2026,14:14:21,774.88,796.0,2.6532663316582923,3782,32
09/15/2026,14:14:21,774.88,796.0,2.6532663316582923,3783,39
09/15/2026,14:14:21,774.88,796.0,2.6532663316582923,3784,42
09/15/2026,14:14:21,774.88,796.0,2.6532663316582923,3785,33
09/15/2026,14:14:21,774.88,796.0,2.6532663316582923,3786,31
09/15/2026,14:14:21,774.88,796.0,2.6532663316582923,3787,39
09/15/2026,14:14:21,774.88,796.0,2.6532663316582923,3788,28
09/15/2026,14:14:21,774.88,796.0,2.6532663316582923,3789,29
09/15/2026,14:14:21,774.88,796.0,2.6532663316582923,3790,42
09/15/2026,14:14:21,774.88,796.0,2.6532663316582923,3791,35
09/15/2026,14:14:21,774.88,796.0,2.6532663316582923,3792,33
09/15/2026,14:14:21,774.88,796.0,2.6532663316582923,3793,28
09/15/2026,14:14:21,774.88,796.0,2.6532663316582923,3794,33
09/15/2026,14:14:21,774.88,796.0,2.6532663316582923,3795,32
09/15/2026,14:14:21,774.88,796.0,2.6532663316582923,3796,35
09/15/2026,14:14:21,774.88,796.0,2.6532663316582923,3797,30
09/15/2026,14:14:21,774.88,796.0,2.6532663316582923,3798,34
09/15/2026,14:14:21,774.88,796.0,2.6532663316582923,3799,28
09/15/2026,14:14:21,774.88,796.0,2.6532663316582923,3800,37
09/15/2026,14:14:21,774.88,796.0,2.6532663316582923,3801,37
09/15/2026,14:14:21,774.88,796.0,2.6532663316582923,3802,27
09/15/2026,14:14:21,774.88,796.0,2.6532663316582923,3803,41
09/15/2026,14:14:21,774.88,796.0,2.6532663316582923,3804,26
09/15/2026,14:14:21,774.88,796.0,2.6532663316582923,3805,34
09/15/2026,14:14:21,774.88,796.0,2.6532663316582923,3806,39
09/15/2026,14:14:21,774.88,796.0,2.6532663316582923,3807,27
09/15/2026,14:14:21,774.88,796.0,2.6532663316582923,3808,35
09/15/2026,14:14:21,774.88,796.0,2.6532663316582923,3809,36
09/15/2026,14:14:21,774.88,796.0,2.6532663316582923,3810,34
09/15/2026,14:14:21,774.88,796.0,2.6532663316582923,3811,37
09/15/2026,14:14:21,774.88,796.0,2.6532663316582923,3812,33
09/15/2026,14:14:21,774.88,796.0,2.6532663316582923,3813,29
09/15/2026,14:14:21,774.88,796.0,2.6532663316582923,3814,25
09/15/2026,14:14:21,774.88,796.0,2.6532663316582923,3815,36
09/15/2026,14:14:21,774.88,796.0,2.6532663316582923,3816,26
09/15/2026,14:14:21,774.88,796.0,2.6532663316582923,3817,39
09/15/2026,14:14:21,774.88,796.0,2.6532663316582923,3818,30
09/15/2026,14:14:21,774.88,796.0,2.6532663316582923,3819,27
09/15/2026,14:14:21,774.88,796.0,2.6532663316582923,3820,32
09/15/2026,14:14:21,774.88,796.0,2.6532663316582923,3821,35
09/15/2026,14:14:21,774.88,796.0,2.6532663316582923,3822,23
09/15/2026,14:14:21,774.88,796.0,2.6532663316582923,3823,24
09/15/2026,14:14:21,774.88,796.0,2.6532663316582923,3824,27
09/15/2026,14:14:21,774.88,796.0,2.6532663316582923,3825,33
09/15/2026,14:14:21,774.88,796.0,2.6532663316582923,3826,28
09/15/2026,14:14:21,774.88,796.0,2.6532663316582923,3827,26
09/15/2026,14:14:21,774.88,796.0,2.6532663316582923,3828,24
09/15/2026,14:14:21,774.88,796.0,2.6532663316582923,3829,30
09/15/2026,14:14:21,774.88,796.0,2.6532663316582923,3830,41
09/15/2026,14:14:21,774.88,796.0,2.6532663316582923,3831,24
09/15/2026,14:14:21,774.88,796.0,2.6532663316582923,3832,25
09/15/2026,14:14:21,774.88,796.0,2.6532663316582923,3833,35
09/15/2026,14:14:21,774.88,796.0,2.6532663316582923,3834,31
09/15/2026,14:14:21,774.88,796.0,2.6532663316582923,3835,34
09/15/2026,14:14:21,774.88,796.0,2.6532663316582923,3836,31
09/15/2026,14:14:21,774.88,796.0,2.6532663316582923,3837,41
09/15/2026,14:14:21,774.88,796.0,2.6532663316582923,3838,38
09/15/2026,14:14:21,774.88,796.0,2.6532663316582923,3839,36
09/15/2026,14:14:21,774.88,796.0,2.6532663316582923,3840,35
09/15/2026,14:14:21,774.88,796.0,2.6532663316582923,3841,30
09/15/2026,14:14:21,774.88,796.0,2.6532663316582923,3842,31
09/15/2026,14:14:21,774.88,796.0,2.6532663316582923,3843,35
09/15/2026,14:14:21,774.88,796.0,2.6532663316582923,3844,27
09/15/2026,14:14:21,774.88,796.0,2.6532663316582923,3845,36
09/15/2026,14:14:21,774.88,796.0,2.6532663316582923,3846,35
09/15/2026,14:14:21,774.88,796.0,2.6532663316582923,3847,30
09/15/2026,14:14:21,774.88,796.0,2.6532663316582923,3848,37
09/15/2026,14:14:21,774.88,796.0,2.6532663316582923,3849,27
09/15/2026,14:14:21,774.88,796.0,2.6532663316582923,3850,27
09/15/2026,14:14:21,774.88,796.0,2.6532663316582923,3851,32
09/15/2026,14:14:21,774.88,796.0,2.6532663316582923,3852,40
09/15/2026,14:14:21,774.88,796.0,2.6532663316582923,3853,39
09/15/2026,14:14:21,774.88,796.0,2.6532663316582923,3854,32
09/15/2026,14:14:21,774.88,796.0,2.6532663316582923,3855,29
09/15/2026,14:14:21,774.88,796.0,2.6532663316582923,3856,32
09/15/2026,14:14:21,774.88,796.0,2.6532663316582923,3857,31
09/15/2026,14:14:21,774.88,796.0,2.6532663316582923,3858,23
09/15/2026,14:14:21,774.88,796.0,2.6532663316582923,3859,29
09/15/2026,14:14:21,774.88,796.0,2.6532663316582923,3860,32
09/15/2026,14:14:21,774.88,796.0,2.6532663316582923,3861,37
09/15/2026,14:14:21,774.88,796.0,2.6532663316582923,3862,39
09/15/2026,14:14:21,774.88,796.0,2.6532663316582923,3863,26
09/15/2026,14:14:21,774.88,796.0,2.6532663316582923,3864,37
09/15/2026,14:14:21,774.88,796.0,2.6532663316582923,3865,36
09/15/2026,14:14:21,774.88,796.0,2.6532663316582923,3866,35
09/15/2026,14:14:21,774.88,796.0,2.6532663316582923,3867,34
09/15/2026,14:14:21,774.88,796.0,2.6532663316582923,3868,35
09/15/2026,14:14:21,774.88,796.0,2.6532663316582923,3869,29
09/15/2026,14:14:21,774.88,796.0,2.6532663316582923,3870,38
09/15/2026,14:14:21,774.88,796.0,2.6532663316582923,3871,30
09/15/2026,14:14:21,774.88,796.0,2.6532663316582923,3872,26
09/15/2026,14:14:21,774.88,796.0,2.6532663316582923,3873,26
09/15/2026,14:14:21,774.88,796.0,2.6532663316582923,3874,39
09/15/2026,14:14:21,774.88,796.0,2.6532663316582923,3875,30
09/15/2026,14:14:21,774.88,796.0,2.6532663316582923,3876,35
09/15/2026,14:14:21,774.88,796.0,2.6532663316582923,3877,36
09/15/2026,14:14:21,774.88,796.0,2.6532663316582923,3878,26
09/15/2026,14:14:21,774.88,796.0,2.6532663316582923,3879,33
09/15/2026,14:14:21,774.88,796.0,2.6532663316582923,3880,36
09/15/2026,14:14:21,774.88,796.0,2.6532663316582923,3881,28
09/15/2026,14:14:21,774.88,796.0,2.6532663316582923,3882,30
09/15/2026,14:14:21,774.88,796.0,2.6532663316582923,3883,31
09/15/2026,14:14:21,774.88,796.0,2.6532663316582923,3884,37
09/15/2026,14:14:21,774.88,796.0,2.6532663316582923,3885,31
09/15/2026,14:14:21,774.88,796.0,2.6532663316582923,3886,42
09/15/2026,14:14:21,774.88,796.0,2.6532663316582923,3887,36
09/15/2026,14:14:21,774.88,796.0,2.6532663316582923,3888,31
09/15/2026,14:14:21,774.88,796.0,2.6532663316582923,3889,29
09/15/2026,14:14:21,774.88,796.0,2.6532663316582923,3890,26
09/15/2026,14:14:21,774.88,796.0,2.6532663316582923,3891,30
09/15/2026,14:14:21,774.88,796.0,2.6532663316582923,3892,35
09/15/2026,14:14:21,774.88,796.0,2.6532663316582923,3893,35
09/15/2026,14:14:21,774.88,796.0,2.6532663316582923,3894,35
09/15/2026,14:14:21,774.88,796.0,2.6532663316582923,3895,43
09/15/2026,14:14:21,774.88,796.0,2.6532663316582923,3896,31
09/15/2026,14:14:21,774.88,796.0,2.6532663316582923,3897,33
09/15/2026,14:14:21,774.88,796.0,2.6532663316582923,3898,36
09/15/2026,14:14:21,774.88,796.0,2.6532663316582923,3899,33
09/15/2026,14:14:21,774.88,796.0,2.6532663316582923,3900,34
09/15/2026,14:14:21,774.88,796.0,2.6532663316582923,3901,31
09/15/2026,14:14:21,774.88,796.0,2.6532663316582923,3902,29
09/15/2026,14:14:21,774.88,796.0,2.6532663316582923,3903,38
09/15/2026,14:14:21,774.88,796.0,2.6532663316582923,3904,31
09/15/2026,14:14:21,774.88,796.0,2.6532663316582923,3905,40
09/15/2026,14:14:21,774.88,796.0,2.6532663316582923,3906,32
09/15/2026,14:14:21,774.88,796.0,2.6532663316582923,3907,21
09/15/2026,14:14:21,774.88,796.0,2.6532663316582923,3908,36
09/15/2026,14:14:21,774.88,796.0,2.6532663316582923,3909,33
09/15/2026,14:14:21,774.88,796.0,2.6532663316582923,3910,30
09/15/2026,14:14:21,774.88,796.0,2.6532663316582923,3911,35
09/15/2026,14:14:21,774.88,796.0,2.6532663316582923,3912,30
09/15/2026,14:14:21,774.88,796.0,2.6532663316582923,3913,33
09/15/2026,14:14:21,774.88,796.0,2.6532663316582923,3914,36
09/15/2026,14:14:21,774.88,796.0,2.6532663316582923,3915,31
09/15/2026,14:14:21,774.88,796.0,2.6532663316582923,3916,32
09/15/2026,14:14:21,774.88,796.0,2.6532663316582923,3917,32
09/15/2026,14:14:21,774.88,796.0,2.6532663316582923,3918,25
09/15/2026,14:14:21,774.88,796.0,2.6532663316582923,3919,27
09/15/2026,14:14:21,774.88,796.0,2.6532663316582923,3920,31
09/15/2026,14:14:21,774.88,796.0,2.6532663316582923,3921,32
09/15/2026,14:14:21,774.88,796.0,2.6532663316582923,3922,32
09/15/2026,14:14:21,774.88,796.0,2.6532663316582923,3923,35
09/15/2026,14:14:21,774.88,796.0,2.6532663316582923,3924,36
09/15/2026,14:14:21,774.88,796.0,2.6532663316582923,3925,30
09/15/2026,14:14:21,774.88,796.0,2.6532663316582923,3926,30
09/15/2026,14:14:21,774.88,796.0,2.6532663316582923,3927,23
09/15/2026,14:14:21,774.88,796.0,2.6532663316582923,3928,24
09/15/2026,14:14:21,774.88,796.0,2.6532663316582923,3929,42
09/15/2026,14:14:21,774.88,796.0,2.6532663316582923,3930,22
09/15/2026,14:14:21,774.88,796.0,2.6532663316582923,3931,20
09/15/2026,14:14:21,774.88,796.0,2.6532663316582923,3932,29
09/15/2026,14:14:21,774.88,796.0,2.6532663316582923,3933,22
09/15/2026,14:14:21,774.88,796.0,2.6532663316582923,3934,38
09/15/2026,14:14:21,774.88,796.0,2.6532663316582923,3935,23
09/15/2026,14:14:21,774.88,796.0,2.6532663316582923,3936,31
09/15/2026,14:14:21,774.88,796.0,2.6532663316582923,3937,31
09/15/2026,14:14:21,774.88,796.0,2.6532663316582923,3938,30
09/15/2026,14:14:21,774.88,796.0,2.6532663316582923,3939,35
09/15/2026,14:14:21,774.88,796.0,2.6532663316582923,3940,34
09/15/2026,14:14:21,774.88,796.0,2.6532663316582923,3941,37
09/15/2026,14:14:21,774.88,796.0,2.6532663316582923,3942,29
09/15/2026,14:14:21,774.88,796.0,2.6532663316582923,3943,28
09/15/2026,14:14:21,774.88,796.0,2.6532663316582923,3944,41
09/15/2026,14:14:21,774.88,796.0,2.6532663316582923,3945,34
09/15/2026,14:14:21,774.88,796.0,2.6532663316582923,3946,28
09/15/2026,14:14:21,774.88,796.0,2.6532663316582923,3947,30
09/15/2026,14:14:21,774.88,796.0,2.6532663316582923,3948,20
09/15/2026,14:14:21,774.88,796.0,2.6532663316582923,3949,33
09/15/2026,14:14:21,774.88,796.0,2.6532663316582923,3950,32
09/15/2026,14:14:21,774.88,796.0,2.6532663316582923,3951,33
09/15/2026,14:14:21,774.88,796.0,2.6532663316582923,3952,37
09/15/2026,14:14:21,774.88,796.0,2.6532663316582923,3953,24
09/15/2026,14:14:21,774.88,796.0,2.6532663316582923,3954,25
09/15/2026,14:14:21,774.88,796.0,2.6532663316582923,3955,31
09/15/2026,14:14:21,774.88,796.0,2.6532663316582923,3956,30
09/15/2026,14:14:21,774.88,796.0,2.6532663316582923,3957,35
09/15/2026,14:14:21,774.88,796.0,2.6532663316582923,3958,27
09/15/2026,14:14:21,774.88,796.0,2.6532663316582923,3959,23
09/15/2026,14:14:21,774.88,796.0,2.6532663316582923,3960,36
09/15/2026,14:14:21,774.88,796.0,2.6532663316582923,3961,29
09/15/2026,14:14:21,774.88,796.0,2.6532663316582923,3962,23
09/15/2026,14:14:21,774.88,796.0,2.6532663316582923,3963,30
09/15/2026,14:14:21,774.88,796.0,2.6532663316582923,3964,34
09/15/2026,14:14:21,774.88,796.0,2.6532663316582923,3965,35
09/15/2026,14:14:21,774.88,796.0,2.6532663316582923,3966,27
09/15/2026,14:14:21,774.88,796.0,2.6532663316582923,3967,28
09/15/2026,14:14:21,774.88,796.0,2.6532663316582923,3968,29
09/15/2026,14:14:21,774.88,796.0,2.6532663316582923,3969,22
09/15/2026,14:14:21,774.88,796.0,2.6532663316582923,3970,30
09/15/2026,14:14:21,774.88,796.0,2.6532663316582923,3971,23
09/15/2026,14:14:21,774.88,796.0,2.6532663316582923,3972,28
09/15/2026,14:14:21,774.88,796.0,2.6532663316582923,3973,24
09/15/2026,14:14:21,774.88,796.0,2.6532663316582923,3974,32
09/15/2026,14:14:21,774.88,796.0,2.6532663316582923,3975,23
09/15/2026,14:14:21,774.88,796.0,2.6532663316582923,3976,32
09/15/2026,14:14:21,774.88,796.0,2.6532663316582923,3977,36
09/15/2026,14:14:21,774.88,796.0,2.6532663316582923,3978,20
09/15/2026,14:14:21,774.88,796.0,2.6532663316582923,3979,19
09/15/2026,14:14:21,774.88,796.0,2.6532663316582923,3980,24
09/15/2026,14:14:21,774.88,796.0,2.6532663316582923,3981,27
09/15/2026,14:14:21,774.88,796.0,2.6532663316582923,3982,29
09/15/2026,14:14:21,774.88,796.0,2.6532663316582923,3983,23
09/15/2026,14:14:21,774.88,796.0,2.6532663316582923,3984,26
09/15/2026,14:14:21,774.88,796.0,2.6532663316582923,3985,26
09/15/2026,14:14:21,774.88,796.0,2.6532663316582923,3986,27
09/15/2026,14:14:21,774.88,796.0,2.6532663316582923,3987,25
09/15/2026,14:14:21,774.88,796.0,2.6532663316582923,3988,28
09/15/2026,14:14:21,774.88,796.0,2.6532663316582923,3989,29
09/15/2026,14:14:21,774.88,796.0,2.6532663316582923,3990,37
09/15/2026,14:14:21,774.88,796.0,2.6532663316582923,3991,25
09/15/2026,14:14:21,774.88,796.0,2.6532663316582923,3992,34
09/15/2026,14:14:21,774.88,796.0,2.6532663316582923,3993,25
09/15/2026,14:14:21,774.88,796.0,2.6532663316582923,3994,42
09/15/2026,14:14:21,774.88,796.0,2.6532663316582923,3995,25
09/15/2026,14:14:21,774.88,796.0,2.6532663316582923,3996,33
09/15/2026,14:14:21,774.88,796.0,2.6532663316582923,3997,29
09/15/2026,14:14:21,774.88,796.0,2.6532663316582923,3998,24
09/15/2026,14:14:21,774.88,796.0,2.6532663316582923,3999,38
09/15/2026,14:14:21,774.88,796.0,2.6532663316582923,4000,33
09/15/2026,14:14:21,774.88,796.0,2.6532663316582923,4001,36
09/15/2026,14:14:21,774.88,796.0,2.6532663316582923,4002,24
09/15/2026,14:14:21,774.88,796.0,2.6532663316582923,4003,26
09/15/2026,14:14:21,774.88,796.0,2.6532663316582923,4004,35
09/15/2026,14:14:21,774.88,796.0,2.6532663316582923,4005,29
09/15/2026,14:14:21,774.88,796.0,2.6532663316582923,4006,24
09/15/2026,14:14:21,774.88,796.0,2.6532663316582923,4007,26
09/15/2026,14:14:21,774.88,796.0,2.6532663316582923,4008,24
09/15/2026,14:14:21,774.88,796.0,2.6532663316582923,4009,33
09/15/2026,14:14:21,774.88,796.0,2.6532663316582923,4010,30
09/15/2026,14:14:21,774.88,796.0,2.6532663316582923,4011,25
09/15/2026,14:14:21,774.88,796.0,2.6532663316582923,4012,25
09/15/2026,14:14:21,774.88,796.0,2.6532663316582923,4013,28
09/15/2026,14:14:21,774.88,796.0,2.6532663316582923,4014,30
09/15/2026,14:14:21,774.88,796.0,2.6532663316582923,4015,28
09/15/2026,14:14:21,774.88,796.0,2.6532663316582923,4016,39
09/15/2026,14:14:21,774.88,796.0,2.6532663316582923,4017,37
09/15/2026,14:14:21,774.88,796.0,2.6532663316582923,4018,31
09/15/2026,14:14:21,774.88,796.0,2.6532663316582923,4019,27
09/15/2026,14:14:21,774.88,796.0,2.6532663316582923,4020,28
09/15/2026,14:14:21,774.88,796.0,2.6532663316582923,4021,26
09/15/2026,14:14:21,774.88,796.0,2.6532663316582923,4022,32
09/15/2026,14:14:21,774.88,796.0,2.6532663316582923,4023,29
09/15/2026,14:14:21,774.88,796.0,2.6532663316582923,4024,28
09/15/2026,14:14:21,774.88,796.0,2.6532663316582923,4025,23
09/15/2026,14:14:21,774.88,796.0,2.6532663316582923,4026,23
09/15/2026,14:14:21,774.88,796.0,2.6532663316582923,4027,30
09/15/2026,14:14:21,774.88,796.0,2.6532663316582923,4028,20
09/15/2026,14:14:21,774.88,796.0,2.6532663316582923,4029,19
09/15/2026,14:14:21,774.88,796.0,2.6532663316582923,4030,30
09/15/2026,14:14:21,774.88,796.0,2.6532663316582923,4031,33
09/15/2026,14:14:21,774.88,796.0,2.6532663316582923,4032,34
09/15/2026,14:14:21,774.88,796.0,2.6532663316582923,4033,29
09/15/2026,14:14:21,774.88,796.0,2.6532663316582923,4034,36
09/15/2026,14:14:21,774.88,796.0,2.6532663316582923,4035,31
09/15/2026,14:14:21,774.88,796.0,2.6532663316582923,4036,24
09/15/2026,14:14:21,774.88,796.0,2.6532663316582923,4037,33
09/15/2026,14:14:21,774.88,796.0,2.6532663316582923,4038,26
09/15/2026,14:14:21,774.88,796.0,2.6532663316582923,4039,23
09/15/2026,14:14:21,774.88,796.0,2.6532663316582923,4040,24
09/15/2026,14:14:21,774.88,796.0,2.6532663316582923,4041,29
09/15/2026,14:14:21,774.88,796.0,2.6532663316582923,4042,24
09/15/2026,14:14:21,774.88,796.0,2.6532663316582923,4043,27
09/15/2026,14:14:21,774.88,796.0,2.6532663316582923,4044,29
09/15/2026,14:14:21,774.88,796.0,2.6532663316582923,4045,35
09/15/2026,14:14:21,774.88,796.0,2.6532663316582923,4046,24
09/15/2026,14:14:21,774.88,796.0,2.6532663316582923,4047,39
09/15/2026,14:14:21,774.88,796.0,2.6532663316582923,4048,31
09/15/2026,14:14:21,774.88,796.0,2.6532663316582923,4049,34
09/15/2026,14:14:21,774.88,796.0,2.6532663316582923,4050,19
09/15/2026,14:14:21,774.88,796.0,2.6532663316582923,4051,19
09/15/2026,14:14:21,774.88,796.0,2.6532663316582923,4052,22
09/15/2026,14:14:21,774.88,796.0,2.6532663316582923,4053,32
09/15/2026,14:14:21,774.88,796.0,2.6532663316582923,4054,24
09/15/2026,14:14:21,774.88,796.0,2.6532663316582923,4055,32
09/15/2026,14:14:21,774.88,796.0,2.6532663316582923,4056,28
09/15/2026,14:14:21,774.88,796.0,2.6532663316582923,4057,27
09/15/2026,14:14:21,774.88,796.0,2.6532663316582923,4058,29
09/15/2026,14:14:21,774.88,796.0,2.6532663316582923,4059,40
09/15/2026,14:14:21,774.88,796.0,2.6532663316582923,4060,32
09/15/2026,14:14:21,774.88,796.0,2.6532663316582923,4061,19
09/15/2026,14:14:21,774.88,796.0,2.6532663316582923,4062,21
09/15/2026,14:14:21,774.88,796.0,2.6532663316582923,4063,23
09/15/2026,14:14:21,774.88,796.0,2.6532663316582923,4064,25
09/15/2026,14:14:21,774.88,796.0,2.6532663316582923,4065,27
09/15/2026,14:14:21,774.88,796.0,2.6532663316582923,4066,32
09/15/2026,14:14:21,774.88,796.0,2.6532663316582923,4067,22
09/15/2026,14:14:21,774.88,796.0,2.6532663316582923,4068,24
09/15/2026,14:14:21,774.88,796.0,2.6532663316582923,4069,29
09/15/2026,14:14:21,774.88,796.0,2.6532663316582923,4070,27
09/15/2026,14:14:21,774.88,796.0,2.6532663316582923,4071,22
09/15/2026,14:14:21,774.88,796.0,2.6532663316582923,4072,33
09/15/2026,14:14:21,774.88,796.0,2.6532663316582923,4073,15
09/15/2026,14:14:21,774.88,796.0,2.6532663316582923,4074,25
09/15/2026,14:14:21,774.88,796.0,2.6532663316582923,4075,25
09/15/2026,14:14:21,774.88,796.0,2.6532663316582923,4076,18
09/15/2026,14:14:21,774.88,796.0,2.6532663316582923,4077,21
09/15/2026,14:14:21,774.88,796.0,2.6532663316582923,4078,27
09/15/2026,14:14:21,774.88,796.0,2.6532663316582923,4079,30
09/15/2026,14:14:21,774.88,796.0,2.6532663316582923,4080,26
09/15/2026,14:14:21,774.88,796.0,2.6532663316582923,4081,30
09/15/2026,14:14:21,774.88,796.0,2.6532663316582923,4082,32
09/15/2026,14:14:21,774.88,796.0,2.6532663316582923,4083,27
09/15/2026,14:14:21,774.88,796.0,2.6532663316582923,4084,21
09/15/2026,14:14:21,774.88,796.0,2.6532663316582923,4085,43
09/15/2026,14:14:21,774.88,796.0,2.6532663316582923,4086,25
09/15/2026,14:14:21,774.88,796.0,2.6532663316582923,4087,34
09/15/2026,14:14:21,774.88,796.0,2.6532663316582923,4088,32
09/15/2026,14:14:21,774.88,796.0,2.6532663316582923,4089,31
09/15/2026,14:14:21,774.88,796.0,2.6532663316582923,4090,25
09/15/2026,14:14:21,774.88,796.0,2.6532663316582923,4091,21
09/15/2026,14:14:21,774.88,796.0,2.6532663316582923,4092,28
09/15/2026,14:14:21,774.88,796.0,2.6532663316582923,4093,21
09/15/2026,14:14:21,774.88,796.0,2.6532663316582923,4094,26
09/15/2026,14:14:21,774.88,796.0,2.6532663316582923,4095,24
09/15/2026,14:14:21,774.88,796.0,2.6532663316582923,4096,26
09/15/2026,14:14:21,774.88,796.0,2.6532663316582923,4097,30
09/15/2026,14:14:21,774.88,796.0,2.6532663316582923,4098,22
09/15/2026,14:14:21,774.88,796.0,2.6532663316582923,4099,24
09/15/2026,14:14:21,774.88,796.0,2.6532663316582923,4100,32
09/15/2026,14:14:21,774.88,796.0,2.6532663316582923,4101,29
09/15/2026,14:14:21,774.88,796.0,2.6532663316582923,4102,25
09/15/2026,14:14:21,774.88,796.0,2.6532663316582923,4103,26
09/15/2026,14:14:21,774.88,796.0,2.6532663316582923,4104,25
09/15/2026,14:14:21,774.88,796.0,2.6532663316582923,4105,29
09/15/2026,14:14:21,774.88,796.0,2.6532663316582923,4106,25
09/15/2026,14:14:21,774.88,796.0,2.6532663316582923,4107,24
09/15/2026,14:14:21,774.88,796.0,2.6532663316582923,4108,27
09/15/2026,14:14:21,774.88,796.0,2.6532663316582923,4109,32
09/15/2026,14:14:21,774.88,796.0,2.6532663316582923,4110,28
09/15/2026,14:14:21,774.88,796.0,2.6532663316582923,4111,23
09/15/2026,14:14:21,774.88,796.0,2.6532663316582923,4112,30
09/15/2026,14:14:21,774.88,796.0,2.6532663316582923,4113,19
09/15/2026,14:14:21,774.88,796.0,2.6532663316582923,4114,27
09/15/2026,14:14:21,774.88,796.0,2.6532663316582923,4115,37
09/15/2026,14:14:21,774.88,796.0,2.6532663316582923,4116,34
09/15/2026,14:14:21,774.88,796.0,2.6532663316582923,4117,24
09/15/2026,14:14:21,774.88,796.0,2.6532663316582923,4118,29
09/15/2026,14:14:21,774.88,796.0,2.6532663316582923,4119,30
09/15/2026,14:14:21,774.88,796.0,2.6532663316582923,4120,25
09/15/2026,14:14:21,774.88,796.0,2.6532663316582923,4121,35
09/15/2026,14:14:21,774.88,796.0,2.6532663316582923,4122,22
09/15/2026,14:14:21,774.88,796.0,2.6532663316582923,4123,22
09/15/2026,14:14:21,774.88,796.0,2.6532663316582923,4124,29
09/15/2026,14:14:21,774.88,796.0,2.6532663316582923,4125,27
09/15/2026,14:14:21,774.88,796.0,2.6532663316582923,4126,28
09/15/2026,14:14:21,774.88,796.0,2.6532663316582923,4127,31
09/15/2026,14:14:21,774.88,796.0,2.6532663316582923,4128,23
09/15/2026,14:14:21,774.88,796.0,2.6532663316582923,4129,25
09/15/2026,14:14:21,774.88,796.0,2.6532663316582923,4130,26
09/15/2026,14:14:21,774.88,796.0,2.6532663316582923,4131,32
09/15/2026,14:14:21,774.88,796.0,2.6532663316582923,4132,23
09/15/2026,14:14:21,774.88,796.0,2.6532663316582923,4133,42
09/15/2026,14:14:21,774.88,796.0,2.6532663316582923,4134,24
09/15/2026,14:14:21,774.88,796.0,2.6532663316582923,4135,25
09/15/2026,14:14:21,774.88,796.0,2.6532663316582923,4136,22
09/15/2026,14:14:21,774.88,796.0,2.6532663316582923,4137,25
09/15/2026,14:14:21,774.88,796.0,2.6532663316582923,4138,26
09/15/2026,14:14:21,774.88,796.0,2.6532663316582923,4139,35
09/15/2026,14:14:21,774.88,796.0,2.6532663316582923,4140,30
09/15/2026,14:14:21,774.88,796.0,2.6532663316582923,4141,23
09/15/2026,14:14:21,774.88,796.0,2.6532663316582923,4142,16
09/15/2026,14:14:21,774.88,796.0,2.6532663316582923,4143,27
09/15/2026,14:14:21,774.88,796.0,2.6532663316582923,4144,28
09/15/2026,14:14:21,774.88,796.0,2.6532663316582923,4145,33
09/15/2026,14:14:21,774.88,796.0,2.6532663316582923,4146,21
09/15/2026,14:14:21,774.88,796.0,2.6532663316582923,4147,23
09/15/2026,14:14:21,774.88,796.0,2.6532663316582923,4148,30
09/15/2026,14:14:21,774.88,796.0,2.6532663316582923,4149,23
09/15/2026,14:14:21,774.88,796.0,2.6532663316582923,4150,22
09/15/2026,14:14:21,774.88,796.0,2.6532663316582923,4151,24
09/15/2026,14:14:21,774.88,796.0,2.6532663316582923,4152,32
09/15/2026,14:14:21,774.88,796.0,2.6532663316582923,4153,23
09/15/2026,14:14:21,774.88,796.0,2.6532663316582923,4154,30
09/15/2026,14:14:21,774.88,796.0,2.6532663316582923,4155,23
09/15/2026,14:14:21,774.88,796.0,2.6532663316582923,4156,24
09/15/2026,14:14:21,774.88,796.0,2.6532663316582923,4157,24
09/15/2026,14:14:21,774.88,796.0,2.6532663316582923,4158,27
09/15/2026,14:14:21,774.88,796.0,2.6532663316582923,4159,36
09/15/2026,14:14:21,774.88,796.0,2.6532663316582923,4160,32
09/15/2026,14:14:21,774.88,796.0,2.6532663316582923,4161,36
09/15/2026,14:14:21,774.88,796.0,2.6532663316582923,4162,22
09/15/2026,14:14:21,774.88,796.0,2.6532663316582923,4163,29
09/15/2026,14:14:21,774.88,796.0,2.6532663316582923,4164,30
09/15/2026,14:14:21,774.88,796.0,2.6532663316582923,4165,29
09/15/2026,14:14:21,774.88,796.0,2.6532663316582923,4166,27
09/15/2026,14:14:21,774.88,796.0,2.6532663316582923,4167,34
09/15/2026,14:14:21,774.88,796.0,2.6532663316582923,4168,27
09/15/2026,14:14:21,774.88,796.0,2.6532663316582923,4169,29
09/15/2026,14:14:21,774.88,796.0,2.6532663316582923,4170,22
09/15/2026,14:14:21,774.88,796.0,2.6532663316582923,4171,23
09/15/2026,14:14:21,774.88,796.0,2.6532663316582923,4172,21
09/15/2026,14:14:21,774.88,796.0,2.6532663316582923,4173,22
09/15/2026,14:14:21,774.88,796.0,2.6532663316582923,4174,14
09/15/2026,14:14:21,774.88,796.0,2.6532663316582923,4175,32
09/15/2026,14:14:21,774.88,796.0,2.6532663316582923,4176,33
09/15/2026,14:14:21,774.88,796.0,2.6532663316582923,4177,15
09/15/2026,14:14:21,774.88,796.0,2.6532663316582923,4178,26
09/15/2026,14:14:21,774.88,796.0,2.6532663316582923,4179,30
09/15/2026,14:14:21,774.88,796.0,2.6532663316582923,4180,27
09/15/2026,14:14:21,774.88,796.0,2.6532663316582923,4181,25
09/15/2026,14:14:21,774.88,796.0,2.6532663316582923,4182,20
09/15/2026,14:14:21,774.88,796.0,2.6532663316582923,4183,30
09/15/2026,14:14:21,774.88,796.0,2.6532663316582923,4184,27
09/15/2026,14:14:21,774.88,796.0,2.6532663316582923,4185,28
09/15/2026,14:14:21,774.88,796.0,2.6532663316582923,4186,22
09/15/2026,14:14:21,774.88,796.0,2.6532663316582923,4187,32
09/15/2026,14:14:21,774.88,796.0,2.6532663316582923,4188,19
09/15/2026,14:14:21,774.88,796.0,2.6532663316582923,4189,32
09/15/2026,14:14:21,774.88,796.0,2.6532663316582923,4190,28
09/15/2026,14:14:21,774.88,796.0,2.6532663316582923,4191,21
09/15/2026,14:14:21,774.88,796.0,2.6532663316582923,4192,25
09/15/2026,14:14:21,774.88,796.0,2.6532663316582923,4193,29
09/15/2026,14:14:21,774.88,796.0,2.6532663316582923,4194,22
09/15/2026,14:14:21,774.88,796.0,2.6532663316582923,4195,30
09/15/2026,14:14:21,774.88,796.0,2.6532663316582923,4196,22
09/15/2026,14:14:21,774.88,796.0,2.6532663316582923,4197,32
09/15/2026,14:14:21,774.88,796.0,2.6532663316582923,4198,28
09/15/2026,14:14:21,774.88,796.0,2.6532663316582923,4199,19
09/15/2026,14:14:21,774.88,796.0,2.6532663316582923,4200,33
09/15/2026,14:14:21,774.88,796.0,2.6532663316582923,4201,17
09/15/2026,14:14:21,774.88,796.0,2.6532663316582923,4202,17
09/15/2026,14:14:21,774.88,796.0,2.6532663316582923,4203,30
09/15/2026,14:14:21,774.88,796.0,2.6532663316582923,4204,20
09/15/2026,14:14:21,774.88,796.0,2.6532663316582923,4205,28
09/15/2026,14:14:21,774.88,796.0,2.6532663316582923,4206,24
09/15/2026,14:14:21,774.88,796.0,2.6532663316582923,4207,28
09/15/2026,14:14:21,774.88,796.0,2.6532663316582923,4208,13
09/15/2026,14:14:21,774.88,796.0,2.6532663316582923,4209,32
09/15/2026,14:14:21,774.88,796.0,2.6532663316582923,4210,27
09/15/2026,14:14:21,774.88,796.0,2.6532663316582923,4211,28
09/15/2026,14:14:21,774.88,796.0,2.6532663316582923,4212,28
09/15/2026,14:14:21,774.88,796.0,2.6532663316582923,4213,21
09/15/2026,14:14:21,774.88,796.0,2.6532663316582923,4214,21
09/15/2026,14:14:21,774.88,796.0,2.6532663316582923,4215,32
09/15/2026,14:14:21,774.88,796.0,2.6532663316582923,4216,27
09/15/2026,14:14:21,774.88,796.0,2.6532663316582923,4217,32
09/15/2026,14:14:21,774.88,796.0,2.6532663316582923,4218,31
09/15/2026,14:14:21,774.88,796.0,2.6532663316582923,4219,32
09/15/2026,14:14:21,774.88,796.0,2.6532663316582923,4220,23
09/15/2026,14:14:21,774.88,796.0,2.6532663316582923,4221,37
09/15/2026,14:14:21,774.88,796.0,2.6532663316582923,4222,29
09/15/2026,14:14:21,774.88,796.0,2.6532663316582923,4223,24
09/15/2026,14:14:21,774.88,796.0,2.6532663316582923,4224,17
09/15/2026,14:14:21,774.88,796.0,2.6532663316582923,4225,29
09/15/2026,14:14:21,774.88,796.0,2.6532663316582923,4226,27
09/15/2026,14:14:21,774.88,796.0,2.6532663316582923,4227,32
09/15/2026,14:14:21,774.88,796.0,2.6532663316582923,4228,16
09/15/2026,14:14:21,774.88,796.0,2.6532663316582923,4229,21
09/15/2026,14:14:21,774.88,796.0,2.6532663316582923,4230,24
09/15/2026,14:14:21,774.88,796.0,2.6532663316582923,4231,27
09/15/2026,14:14:21,774.88,796.0,2.6532663316582923,4232,27
09/15/2026,14:14:21,774.88,796.0,2.6532663316582923,4233,27
09/15/2026,14:14:21,774.88,796.0,2.6532663316582923,4234,19
09/15/2026,14:14:21,774.88,796.0,2.6532663316582923,4235,27
09/15/2026,14:14:21,774.88,796.0,2.6532663316582923,4236,28
09/15/2026,14:14:21,774.88,796.0,2.6532663316582923,4237,23
09/15/2026,14:14:21,774.88,796.0,2.6532663316582923,4238,33
09/15/2026,14:14:21,774.88,796.0,2.6532663316582923,4239,30
09/15/2026,14:14:21,774.88,796.0,2.6532663316582923,4240,24
09/15/2026,14:14:21,774.88,796.0,2.6532663316582923,4241,28
09/15/2026,14:14:21,774.88,796.0,2.6532663316582923,4242,21
09/15/2026,14:14:21,774.88,796.0,2.6532663316582923,4243,20
09/15/2026,14:14:21,774.88,796.0,2.6532663316582923,4244,28
09/15/2026,14:14:21,774.88,796.0,2.6532663316582923,4245,25
09/15/2026,14:14:21,774.88,796.0,2.6532663316582923,4246,20
09/15/2026,14:14:21,774.88,796.0,2.6532663316582923,4247,22
09/15/2026,14:14:21,774.88,796.0,2.6532663316582923,4248,27
09/15/2026,14:14:21,774.88,796.0,2.6532663316582923,4249,20
09/15/2026,14:14:21,774.88,796.0,2.6532663316582923,4250,24
09/15/2026,14:14:21,774.88,796.0,2.6532663316582923,4251,29
09/15/2026,14:14:21,774.88,796.0,2.6532663316582923,4252,33
09/15/2026,14:14:21,774.88,796.0,2.6532663316582923,4253,23
09/15/2026,14:14:21,774.88,796.0,2.6532663316582923,4254,23
09/15/2026,14:14:21,774.88,796.0,2.6532663316582923,4255,25
09/15/2026,14:14:21,774.88,796.0,2.6532663316582923,4256,42
09/15/2026,14:14:21,774.88,796.0,2.6532663316582923,4257,26
09/15/2026,14:14:21,774.88,796.0,2.6532663316582923,4258,24
09/15/2026,14:14:21,774.88,796.0,2.6532663316582923,4259,27
09/15/2026,14:14:21,774.88,796.0,2.6532663316582923,4260,29
09/15/2026,14:14:21,774.88,796.0,2.6532663316582923,4261,20
09/15/2026,14:14:21,774.88,796.0,2.6532663316582923,4262,29
09/15/2026,14:14:21,774.88,796.0,2.6532663316582923,4263,28
09/15/2026,14:14:21,774.88,796.0,2.6532663316582923,4264,24
09/15/2026,14:14:21,774.88,796.0,2.6532663316582923,4265,28
09/15/2026,14:14:21,774.88,796.0,2.6532663316582923,4266,27
09/15/2026,14:14:21,774.88,796.0,2.6532663316582923,4267,25
09/15/2026,14:14:21,774.88,796.0,2.6532663316582923,4268,27
09/15/2026,14:14:21,774.88,796.0,2.6532663316582923,4269,32
09/15/2026,14:14:21,774.88,796.0,2.6532663316582923,4270,31
09/15/2026,14:14:21,774.88,796.0,2.6532663316582923,4271,21
09/15/2026,14:14:21,774.88,796.0,2.6532663316582923,4272,28
09/15/2026,14:14:21,774.88,796.0,2.6532663316582923,4273,25
09/15/2026,14:14:21,774.88,796.0,2.6532663316582923,4274,27
09/15/2026,14:14:21,774.88,796.0,2.6532663316582923,4275,28
09/15/2026,14:14:21,774.88,796.0,2.6532663316582923,4276,28
09/15/2026,14:14:21,774.88,796.0,2.6532663316582923,4277,19
09/15/2026,14:14:21,774.88,796.0,2.6532663316582923,4278,21
09/15/2026,14:14:21,774.88,796.0,2.6532663316582923,4279,31
09/15/2026,14:14:21,774.88,796.0,2.6532663316582923,4280,30
09/15/2026,14:14:21,774.88,796.0,2.6532663316582923,4281,37
09/15/2026,14:14:21,774.88,796.0,2.6532663316582923,4282,16
09/15/2026,14:14:21,774.88,796.0,2.6532663316582923,4283,28
09/15/2026,14:14:21,774.88,796.0,2.6532663316582923,4284,21
09/15/2026,14:14:21,774.88,796.0,2.6532663316582923,4285,32
09/15/2026,14:14:21,774.88,796.0,2.6532663316582923,4286,29
09/15/2026,14:14:21,774.88,796.0,2.6532663316582923,4287,25
09/15/2026,14:14:21,774.88,796.0,2.6532663316582923,4288,30
09/15/2026,14:14:21,774.88,796.0,2.6532663316582923,4289,22
09/15/2026,14:14:21,774.88,796.0,2.6532663316582923,4290,26
09/15/2026,14:14:21,774.88,796.0,2.6532663316582923,4291,23
09/15/2026,14:14:21,774.88,796.0,2.6532663316582923,4292,22
09/15/2026,14:14:21,774.88,796.0,2.6532663316582923,4293,32
09/15/2026,14:14:21,774.88,796.0,2.6532663316582923,4294,25
09/15/2026,14:14:21,774.88,796.0,2.6532663316582923,4295,25
09/15/2026,14:14:21,774.88,796.0,2.6532663316582923,4296,20
09/15/2026,14:14:21,774.88,796.0,2.6532663316582923,4297,24
09/15/2026,14:14:21,774.88,796.0,2.6532663316582923,4298,36
09/15/2026,14:14:21,774.88,796.0,2.6532663316582923,4299,25
09/15/2026,14:14:21,774.88,796.0,2.6532663316582923,4300,32
09/15/2026,14:14:21,774.88,796.0,2.6532663316582923,4301,30
09/15/2026,14:14:21,774.88,796.0,2.6532663316582923,4302,32
09/15/2026,14:14:21,774.88,796.0,2.6532663316582923,4303,28
09/15/2026,14:14:21,774.88,796.0,2.6532663316582923,4304,25
09/15/2026,14:14:21,774.88,796.0,2.6532663316582923,4305,25
09/15/2026,14:14:21,774.88,796.0,2.6532663316582923,4306,31
09/15/2026,14:14:21,774.88,796.0,2.6532663316582923,4307,22
09/15/2026,14:14:21,774.88,796.0,2.6532663316582923,4308,25
09/15/2026,14:14:21,774.88,796.0,2.6532663316582923,4309,28
09/15/2026,14:14:21,774.88,796.0,2.6532663316582923,4310,17
09/15/2026,14:14:21,774.88,796.0,2.6532663316582923,4311,23
09/15/2026,14:14:21,774.88,796.0,2.6532663316582923,4312,24
09/15/2026,14:14:21,774.88,796.0,2.6532663316582923,4313,38
09/15/2026,14:14:21,774.88,796.0,2.6532663316582923,4314,30
09/15/2026,14:14:21,774.88,796.0,2.6532663316582923,4315,40
09/15/2026,14:14:21,774.88,796.0,2.6532663316582923,4316,16
09/15/2026,14:14:21,774.88,796.0,2.6532663316582923,4317,27
09/15/2026,14:14:21,774.88,796.0,2.6532663316582923,4318,23
09/15/2026,14:14:21,774.88,796.0,2.6532663316582923,4319,23
09/15/2026,14:14:21,774.88,796.0,2.6532663316582923,4320,17
09/15/2026,14:14:21,774.88,796.0,2.6532663316582923,4321,29
09/15/2026,14:14:21,774.88,796.0,2.6532663316582923,4322,24
09/15/2026,14:14:21,774.88,796.0,2.6532663316582923,4323,32
09/15/2026,14:14:21,774.88,796.0,2.6532663316582923,4324,26
09/15/2026,14:14:21,774.88,796.0,2.6532663316582923,4325,25
09/15/2026,14:14:21,774.88,796.0,2.6532663316582923,4326,28
09/15/2026,14:14:21,774.88,796.0,2.6532663316582923,4327,22
09/15/2026,14:14:21,774.88,796.0,2.6532663316582923,4328,25
09/15/2026,14:14:21,774.88,796.0,2.6532663316582923,4329,21
09/15/2026,14:14:21,774.88,796.0,2.6532663316582923,4330,27
09/15/2026,14:14:21,774.88,796.0,2.6532663316582923,4331,20
09/15/2026,14:14:21,774.88,796.0,2.6532663316582923,4332,28
09/15/2026,14:14:21,774.88,796.0,2.6532663316582923,4333,29
09/15/2026,14:14:21,774.88,796.0,2.6532663316582923,4334,34
09/15/2026,14:14:21,774.88,796.0,2.6532663316582923,4335,30
09/15/2026,14:14:21,774.88,796.0,2.6532663316582923,4336,29
09/15/2026,14:14:21,774.88,796.0,2.6532663316582923,4337,29
09/15/2026,14:14:21,774.88,796.0,2.6532663316582923,4338,30
09/15/2026,14:14:21,774.88,796.0,2.6532663316582923,4339,26
09/15/2026,14:14:21,774.88,796.0,2.6532663316582923,4340,30
09/15/2026,14:14:21,774.88,796.0,2.6532663316582923,4341,32
09/15/2026,14:14:21,774.88,796.0,2.6532663316582923,4342,28
09/15/2026,14:14:21,774.88,796.0,2.6532663316582923,4343,25
09/15/2026,14:14:21,774.88,796.0,2.6532663316582923,4344,24
09/15/2026,14:14:21,774.88,796.0,2.6532663316582923,4345,31
09/15/2026,14:14:21,774.88,796.0,2.6532663316582923,4346,32
09/15/2026,14:14:21,774.88,796.0,2.6532663316582923,4347,34
09/15/2026,14:14:21,774.88,796.0,2.6532663316582923,4348,20
09/15/2026,14:14:21,774.88,796.0,2.6532663316582923,4349,25
09/15/2026,14:14:21,774.88,796.0,2.6532663316582923,4350,29
09/15/2026,14:14:21,774.88,796.0,2.6532663316582923,4351,31
09/15/2026,14:14:21,774.88,796.0,2.6532663316582923,4352,19
09/15/2026,14:14:21,774.88,796.0,2.6532663316582923,4353,31
09/15/2026,14:14:21,774.88,796.0,2.6532663316582923,4354,29
09/15/2026,14:14:21,774.88,796.0,2.6532663316582923,4355,20
09/15/2026,14:14:21,774.88,796.0,2.6532663316582923,4356,29
09/15/2026,14:14:21,774.88,796.0,2.6532663316582923,4357,21
09/15/2026,14:14:21,774.88,796.0,2.6532663316582923,4358,29
09/15/2026,14:14:21,774.88,796.0,2.6532663316582923,4359,23
09/15/2026,14:14:21,774.88,796.0,2.6532663316582923,4360,26
09/15/2026,14:14:21,774.88,796.0,2.6532663316582923,4361,27
09/15/2026,14:14:21,774.88,796.0,2.6532663316582923,4362,23
09/15/2026,14:14:21,774.88,796.0,2.6532663316582923,4363,25
09/15/2026,14:14:21,774.88,796.0,2.6532663316582923,4364,27
09/15/2026,14:14:21,774.88,796.0,2.6532663316582923,4365,33
09/15/2026,14:14:21,774.88,796.0,2.6532663316582923,4366,29
09/15/2026,14:14:21,774.88,796.0,2.6532663316582923,4367,24
09/15/2026,14:14:21,774.88,796.0,2.6532663316582923,4368,24
09/15/2026,14:14:21,774.88,796.0,2.6532663316582923,4369,23
09/15/2026,14:14:21,774.88,796.0,2.6532663316582923,4370,22
09/15/2026,14:14:21,774.88,796.0,2.6532663316582923,4371,30
09/15/2026,14:14:21,774.88,796.0,2.6532663316582923,4372,29
09/15/2026,14:14:21,774.88,796.0,2.6532663316582923,4373,33
09/15/2026,14:14:21,774.88,796.0,2.6532663316582923,4374,24
09/15/2026,14:14:21,774.88,796.0,2.6532663316582923,4375,24
09/15/2026,14:14:21,774.88,796.0,2.6532663316582923,4376,25
09/15/2026,14:14:21,774.88,796.0,2.6532663316582923,4377,28
09/15/2026,14:14:21,774.88,796.0,2.6532663316582923,4378,25
09/15/2026,14:14:21,774.88,796.0,2.6532663316582923,4379,30
09/15/2026,14:14:21,774.88,796.0,2.6532663316582923,4380,23
09/15/2026,14:14:21,774.88,796.0,2.6532663316582923,4381,25
09/15/2026,14:14:21,774.88,796.0,2.6532663316582923,4382,37
09/15/2026,14:14:21,774.88,796.0,2.6532663316582923,4383,23
09/15/2026,14:14:21,774.88,796.0,2.6532663316582923,4384,23
09/15/2026,14:14:21,774.88,796.0,2.6532663316582923,4385,33
09/15/2026,14:14:21,774.88,796.0,2.6532663316582923,4386,26
09/15/2026,14:14:21,774.88,796.0,2.6532663316582923,4387,39
09/15/2026,14:14:21,774.88,796.0,2.6532663316582923,4388,26
09/15/2026,14:14:21,774.88,796.0,2.6532663316582923,4389,24
09/15/2026,14:14:21,774.88,796.0,2.6532663316582923,4390,14
09/15/2026,14:14:21,774.88,796.0,2.6532663316582923,4391,36
09/15/2026,14:14:21,774.88,796.0,2.6532663316582923,4392,24
09/15/2026,14:14:21,774.88,796.0,2.6532663316582923,4393,31
09/15/2026,14:14:21,774.88,796.0,2.6532663316582923,4394,22
09/15/2026,14:14:21,774.88,796.0,2.6532663316582923,4395,23
09/15/2026,14:14:21,774.88,796.0,2.6532663316582923,4396,20
09/15/2026,14:14:21,774.88,796.0,2.6532663316582923,4397,21
09/15/2026,14:14:21,774.88,796.0,2.6532663316582923,4398,32
09/15/2026,14:14:21,774.88,796.0,2.6532663316582923,4399,32
09/15/2026,14:14:21,774.88,796.0,2.6532663316582923,4400,30
09/15/2026,14:14:21,774.88,796.0,2.6532663316582923,4401,28
09/15/2026,14:14:21,774.88,796.0,2.6532663316582923,4402,33
09/15/2026,14:14:21,774.88,796.0,2.6532663316582923,4403,27
09/15/2026,14:14:21,774.88,796.0,2.6532663316582923,4404,18
09/15/2026,14:14:21,774.88,796.0,2.6532663316582923,4405,26
09/15/2026,14:14:21,774.88,796.0,2.6532663316582923,4406,31
09/15/2026,14:14:21,774.88,796.0,2.6532663316582923,4407,20
09/15/2026,14:14:21,774.88,796.0,2.6532663316582923,4408,25
09/15/2026,14:14:21,774.88,796.0,2.6532663316582923,4409,27
09/15/2026,14:14:21,774.88,796.0,2.6532663316582923,4410,30
09/15/2026,14:14:21,774.88,796.0,2.6532663316582923,4411,31
09/15/2026,14:14:21,774.88,796.0,2.6532663316582923,4412,21
09/15/2026,14:14:21,774.88,796.0,2.6532663316582923,4413,23
09/15/2026,14:14:21,774.88,796.0,2.6532663316582923,4414,26
09/15/2026,14:14:21,774.88,796.0,2.6532663316582923,4415,26
09/15/2026,14:14:21,774.88,796.0,2.6532663316582923,4416,24
09/15/2026,14:14:21,774.88,796.0,2.6532663316582923,4417,28
09/15/2026,14:14:21,774.88,796.0,2.6532663316582923,4418,25
09/15/2026,14:14:21,774.88,796.0,2.6532663316582923,4419,24
09/15/2026,14:14:21,774.88,796.0,2.6532663316582923,4420,27
09/15/2026,14:14:21,774.88,796.0,2.6532663316582923,4421,21
09/15/2026,14:14:21,774.88,796.0,2.6532663316582923,4422,27
09/15/2026,14:14:21,774.88,796.0,2.6532663316582923,4423,16
09/15/2026,14:14:21,774.88,796.0,2.6532663316582923,4424,20
09/15/2026,14:14:21,774.88,796.0,2.6532663316582923,4425,14
09/15/2026,14:14:21,774.88,796.0,2.6532663316582923,4426,22
09/15/2026,14:14:21,774.88,796.0,2.6532663316582923,4427,30
09/15/2026,14:14:21,774.88,796.0,2.6532663316582923,4428,19
09/15/2026,14:14:21,774.88,796.0,2.6532663316582923,4429,31
09/15/2026,14:14:21,774.88,796.0,2.6532663316582923,4430,20
09/15/2026,14:14:21,774.88,796.0,2.6532663316582923,4431,28
09/15/2026,14:14:21,774.88,796.0,2.6532663316582923,4432,21
09/15/2026,14:14:21,774.88,796.0,2.6532663316582923,4433,27
09/15/2026,14:14:21,774.88,796.0,2.6532663316582923,4434,14
09/15/2026,14:14:21,774.88,796.0,2.6532663316582923,4435,22
09/15/2026,14:14:21,774.88,796.0,2.6532663316582923,4436,23
09/15/2026,14:14:21,774.88,796.0,2.6532663316582923,4437,24
09/15/2026,14:14:21,774.88,796.0,2.6532663316582923,4438,34
09/15/2026,14:14:21,774.88,796.0,2.6532663316582923,4439,29
09/15/2026,14:14:21,774.88,796.0,2.6532663316582923,4440,24
09/15/2026,14:14:21,774.88,796.0,2.6532663316582923,4441,30
09/15/2026,14:14:21,774.88,796.0,2.6532663316582923,4442,28
09/15/2026,14:14:21,774.88,796.0,2.6532663316582923,4443,26
09/15/2026,14:14:21,774.88,796.0,2.6532663316582923,4444,18
09/15/2026,14:14:21,774.88,796.0,2.6532663316582923,4445,30
09/15/2026,14:14:21,774.88,796.0,2.6532663316582923,4446,29
09/15/2026,14:14:21,774.88,796.0,2.6532663316582923,4447,28
09/15/2026,14:14:21,774.88,796.0,2.6532663316582923,4448,23
09/15/2026,14:14:21,774.88,796.0,2.6532663316582923,4449,19
09/15/2026,14:14:21,774.88,796.0,2.6532663316582923,4450,32
09/15/2026,14:14:21,774.88,796.0,2.6532663316582923,4451,32
09/15/2026,14:14:21,774.88,796.0,2.6532663316582923,4452,33
09/15/2026,14:14:21,774.88,796.0,2.6532663316582923,4453,38
09/15/2026,14:14:21,774.88,796.0,2.6532663316582923,4454,30
09/15/2026,14:14:21,774.88,796.0,2.6532663316582923,4455,24
09/15/2026,14:14:21,774.88,796.0,2.6532663316582923,4456,24
09/15/2026,14:14:21,774.88,796.0,2.6532663316582923,4457,23
09/15/2026,14:14:21,774.88,796.0,2.6532663316582923,4458,28
09/15/2026,14:14:21,774.88,796.0,2.6532663316582923,4459,29
09/15/2026,14:14:21,774.88,796.0,2.6532663316582923,4460,22
09/15/2026,14:14:21,774.88,796.0,2.6532663316582923,4461,25
09/15/2026,14:14:21,774.88,796.0,2.6532663316582923,4462,28
09/15/2026,14:14:21,774.88,796.0,2.6532663316582923,4463,29
09/15/2026,14:14:21,774.88,796.0,2.6532663316582923,4464,19
09/15/2026,14:14:21,774.88,796.0,2.6532663316582923,4465,30
09/15/2026,14:14:21,774.88,796.0,2.6532663316582923,4466,22
09/15/2026,14:14:21,774.88,796.0,2.6532663316582923,4467,24
09/15/2026,14:14:21,774.88,796.0,2.6532663316582923,4468,29
09/15/2026,14:14:21,774.88,796.0,2.6532663316582923,4469,23
09/15/2026,14:14:21,774.88,796.0,2.6532663316582923,4470,28
09/15/2026,14:14:21,774.88,796.0,2.6532663316582923,4471,20
09/15/2026,14:14:21,774.88,796.0,2.6532663316582923,4472,30
09/15/2026,14:14:21,774.88,796.0,2.6532663316582923,4473,22
09/15/2026,14:14:21,774.88,796.0,2.6532663316582923,4474,25
09/15/2026,14:14:21,774.88,796.0,2.6532663316582923,4475,28
09/15/2026,14:14:21,774.88,796.0,2.6532663316582923,4476,38
09/15/2026,14:14:21,774.88,796.0,2.6532663316582923,4477,38
09/15/2026,14:14:21,774.88,796.0,2.6532663316582923,4478,25
09/15/2026,14:14:21,774.88,796.0,2.6532663316582923,4479,25
09/15/2026,14:14:21,774.88,796.0,2.6532663316582923,4480,26
09/15/2026,14:14:21,774.88,796.0,2.6532663316582923,4481,33
09/15/2026,14:14:21,774.88,796.0,2.6532663316582923,4482,32
09/15/2026,14:14:21,774.88,796.0,2.6532663316582923,4483,28
09/15/2026,14:14:21,774.88,796.0,2.6532663316582923,4484,27
09/15/2026,14:14:21,774.88,796.0,2.6532663316582923,4485,27
09/15/2026,14:14:21,774.88,796.0,2.6532663316582923,4486,21
09/15/2026,14:14:21,774.88,796.0,2.6532663316582923,4487,22
09/15/2026,14:14:21,774.88,796.0,2.6532663316582923,4488,17
09/15/2026,14:14:21,774.88,796.0,2.6532663316582923,4489,27
09/15/2026,14:14:21,774.88,796.0,2.6532663316582923,4490,28
09/15/2026,14:14:21,774.88,796.0,2.6532663316582923,4491,23
09/15/2026,14:14:21,774.88,796.0,2.6532663316582923,4492,20
09/15/2026,14:14:21,774.88,796.0,2.6532663316582923,4493,25
09/15/2026,14:14:21,774.88,796.0,2.6532663316582923,4494,19
09/15/2026,14:14:21,774.88,796.0,2.6532663316582923,4495,25
09/15/2026,14:14:21,774.88,796.0,2.6532663316582923,4496,31
09/15/2026,14:14:21,774.88,796.0,2.6532663316582923,4497,26
09/15/2026,14:14:21,774.88,796.0,2.6532663316582923,4498,25
09/15/2026,14:14:21,774.88,796.0,2.6532663316582923,4499,33
09/15/2026,14:14:21,774.88,796.0,2.6532663316582923,4500,18
09/15/2026,14:14:21,774.88,796.0,2.6532663316582923,4501,37
09/15/2026,14:14:21,774.88,796.0,2.6532663316582923,4502,28
09/15/2026,14:14:21,774.88,796.0,2.6532663316582923,4503,42
09/15/2026,14:14:21,774.88,796.0,2.6532663316582923,4504,30
09/15/2026,14:14:21,774.88,796.0,2.6532663316582923,4505,30
09/15/2026,14:14:21,774.88,796.0,2.6532663316582923,4506,33
09/15/2026,14:14:21,774.88,796.0,2.6532663316582923,4507,25
09/15/2026,14:14:21,774.88,796.0,2.6532663316582923,4508,28
09/15/2026,14:14:21,774.88,796.0,2.6532663316582923,4509,30
09/15/2026,14:14:21,774.88,796.0,2.6532663316582923,4510,23
09/15/2026,14:14:21,774.88,796.0,2.6532663316582923,4511,25
09/15/2026,14:14:21,774.88,796.0,2.6532663316582923,4512,22
09/15/2026,14:14:21,774.88,796.0,2.6532663316582923,4513,28
09/15/2026,14:14:21,774.88,796.0,2.6532663316582923,4514,23
09/15/2026,14:14:21,774.88,796.0,2.6532663316582923,4515,23
09/15/2026,14:14:21,774.88,796.0,2.6532663316582923,4516,29
09/15/2026,14:14:21,774.88,796.0,2.6532663316582923,4517,27
09/15/2026,14:14:21,774.88,796.0,2.6532663316582923,4518,21
09/15/2026,14:14:21,774.88,796.0,2.6532663316582923,4519,22
09/15/2026,14:14:21,774.88,796.0,2.6532663316582923,4520,15
09/15/2026,14:14:21,774.88,796.0,2.6532663316582923,4521,26
09/15/2026,14:14:21,774.88,796.0,2.6532663316582923,4522,25
09/15/2026,14:14:21,774.88,796.0,2.6532663316582923,4523,28
09/15/2026,14:14:21,774.88,796.0,2.6532663316582923,4524,27
09/15/2026,14:14:21,774.88,796.0,2.6532663316582923,4525,39
09/15/2026,14:14:21,774.88,796.0,2.6532663316582923,4526,32
09/15/2026,14:14:21,774.88,796.0,2.6532663316582923,4527,32
09/15/2026,14:14:21,774.88,796.0,2.6532663316582923,4528,24
09/15/2026,14:14:21,774.88,796.0,2.6532663316582923,4529,22
09/15/2026,14:14:21,774.88,796.0,2.6532663316582923,4530,20
09/15/2026,14:14:21,774.88,796.0,2.6532663316582923,4531,22
09/15/2026,14:14:21,774.88,796.0,2.6532663316582923,4532,30
09/15/2026,14:14:21,774.88,796.0,2.6532663316582923,4533,25
09/15/2026,14:14:21,774.88,796.0,2.6532663316582923,4534,26
09/15/2026,14:14:21,774.88,796.0,2.6532663316582923,4535,26
09/15/2026,14:14:21,774.88,796.0,2.6532663316582923,4536,26
09/15/2026,14:14:21,774.88,796.0,2.6532663316582923,4537,18
09/15/2026,14:14:21,774.88,796.0,2.6532663316582923,4538,28
09/15/2026,14:14:21,774.88,796.0,2.6532663316582923,4539,23
09/15/2026,14:14:21,774.88,796.0,2.6532663316582923,4540,27
09/15/2026,14:14:21,774.88,796.0,2.6532663316582923,4541,22
09/15/2026,14:14:21,774.88,796.0,2.6532663316582923,4542,28
09/15/2026,14:14:21,774.88,796.0,2.6532663316582923,4543,30
09/15/2026,14:14:21,774.88,796.0,2.6532663316582923,4544,31
09/15/2026,14:14:21,774.88,796.0,2.6532663316582923,4545,26
09/15/2026,14:14:21,774.88,796.0,2.6532663316582923,4546,26
09/15/2026,14:14:21,774.88,796.0,2.6532663316582923,4547,30
09/15/2026,14:14:21,774.88,796.0,2.6532663316582923,4548,20
09/15/2026,14:14:21,774.88,796.0,2.6532663316582923,4549,32
09/15/2026,14:14:21,774.88,796.0,2.6532663316582923,4550,31
09/15/2026,14:14:21,774.88,796.0,2.6532663316582923,4551,21
09/15/2026,14:14:21,774.88,796.0,2.6532663316582923,4552,33
09/15/2026,14:14:21,774.88,796.0,2.6532663316582923,4553,21
09/15/2026,14:14:21,774.88,796.0,2.6532663316582923,4554,20
09/15/2026,14:14:21,774.88,796.0,2.6532663316582923,4555,26
09/15/2026,14:14:21,774.88,796.0,2.6532663316582923,4556,24
09/15/2026,14:14:21,774.88,796.0,2.6532663316582923,4557,26
09/15/2026,14:14:21,774.88,796.0,2.6532663316582923,4558,19
09/15/2026,14:14:21,774.88,796.0,2.6532663316582923,4559,21
09/15/2026,14:14:21,774.88,796.0,2.6532663316582923,4560,30
09/15/2026,14:14:21,774.88,796.0,2.6532663316582923,4561,15
09/15/2026,14:14:21,774.88,796.0,2.6532663316582923,4562,30
09/15/2026,14:14:21,774.88,796.0,2.6532663316582923,4563,36
09/15/2026,14:14:21,774.88,796.0,2.6532663316582923,4564,23
09/15/2026,14:14:21,774.88,796.0,2.6532663316582923,4565,31
09/15/2026,14:14:21,774.88,796.0,2.6532663316582923,4566,21
09/15/2026,14:14:21,774.88,796.0,2.6532663316582923,4567,29
09/15/2026,14:14:21,774.88,796.0,2.6532663316582923,4568,20
09/15/2026,14:14:21,774.88,796.0,2.6532663316582923,4569,24
09/15/2026,14:14:21,774.88,796.0,2.6532663316582923,4570,19
09/15/2026,14:14:21,774.88,796.0,2.6532663316582923,4571,29
09/15/2026,14:14:21,774.88,796.0,2.6532663316582923,4572,25
09/15/2026,14:14:21,774.88,796.0,2.6532663316582923,4573,25
09/15/2026,14:14:21,774.88,796.0,2.6532663316582923,4574,21
09/15/2026,14:14:21,774.88,796.0,2.6532663316582923,4575,38
09/15/2026,14:14:21,774.88,796.0,2.6532663316582923,4576,18
09/15/2026,14:14:21,774.88,796.0,2.6532663316582923,4577,23
09/15/2026,14:14:21,774.88,796.0,2.6532663316582923,4578,25
09/15/2026,14:14:21,774.88,796.0,2.6532663316582923,4579,19
09/15/2026,14:14:21,774.88,796.0,2.6532663316582923,4580,26
09/15/2026,14:14:21,774.88,796.0,2.6532663316582923,4581,23
09/15/2026,14:14:21,774.88,796.0,2.6532663316582923,4582,27
09/15/2026,14:14:21,774.88,796.0,2.6532663316582923,4583,22
09/15/2026,14:14:21,774.88,796.0,2.6532663316582923,4584,28
09/15/2026,14:14:21,774.88,796.0,2.6532663316582923,4585,38
09/15/2026,14:14:21,774.88,796.0,2.6532663316582923,4586,31
09/15/2026,14:14:21,774.88,796.0,2.6532663316582923,4587,26
09/15/2026,14:14:21,774.88,796.0,2.6532663316582923,4588,17
09/15/2026,14:14:21,774.88,796.0,2.6532663316582923,4589,32
09/15/2026,14:14:21,774.88,796.0,2.6532663316582923,4590,25
09/15/2026,14:14:21,774.88,796.0,2.6532663316582923,4591,25
09/15/2026,14:14:21,774.88,796.0,2.6532663316582923,4592,30
09/15/2026,14:14:21,774.88,796.0,2.6532663316582923,4593,29
09/15/2026,14:14:21,774.88,796.0,2.6532663316582923,4594,28
09/15/2026,14:14:21,774.88,796.0,2.6532663316582923,4595,39
09/15/2026,14:14:21,774.88,796.0,2.6532663316582923,4596,33
09/15/2026,14:14:21,774.88,796.0,2.6532663316582923,4597,22
09/15/2026,14:14:21,774.88,796.0,2.6532663316582923,4598,31
09/15/2026,14:14:21,774.88,796.0,2.6532663316582923,4599,22
09/15/2026,14:14:21,774.88,796.0,2.6532663316582923,4600,24
09/15/2026,14:14:21,774.88,796.0,2.6532663316582923,4601,25
09/15/2026,14:14:21,774.88,796.0,2.6532663316582923,4602,24
09/15/2026,14:14:21,774.88,796.0,2.6532663316582923,4603,34
09/15/2026,14:14:21,774.88,796.0,2.6532663316582923,4604,23
09/15/2026,14:14:21,774.88,796.0,2.6532663316582923,4605,27
09/15/2026,14:14:21,774.88,796.0,2.6532663316582923,4606,21
09/15/2026,14:14:21,774.88,796.0,2.6532663316582923,4607,32
09/15/2026,14:14:21,774.88,796.0,2.6532663316582923,4608,31
09/15/2026,14:14:21,774.88,796.0,2.6532663316582923,4609,30
09/15/2026,14:14:21,774.88,796.0,2.6532663316582923,4610,34
09/15/2026,14:14:21,774.88,796.0,2.6532663316582923,4611,22
09/15/2026,14:14:21,774.88,796.0,2.6532663316582923,4612,30
09/15/2026,14:14:21,774.88,796.0,2.6532663316582923,4613,32
09/15/2026,14:14:21,774.88,796.0,2.6532663316582923,4614,32
09/15/2026,14:14:21,774.88,796.0,2.6532663316582923,4615,32
09/15/2026,14:14:21,774.88,796.0,2.6532663316582923,4616,29
09/15/2026,14:14:21,774.88,796.0,2.6532663316582923,4617,29
09/15/2026,14:14:21,774.88,796.0,2.6532663316582923,4618,28
09/15/2026,14:14:21,774.88,796.0,2.6532663316582923,4619,23
09/15/2026,14:14:21,774.88,796.0,2.6532663316582923,4620,20
09/15/2026,14:14:21,774.88,796.0,2.6532663316582923,4621,28
09/15/2026,14:14:21,774.88,796.0,2.6532663316582923,4622,24
09/15/2026,14:14:21,774.88,796.0,2.6532663316582923,4623,29
09/15/2026,14:14:21,774.88,796.0,2.6532663316582923,4624,39
09/15/2026,14:14:21,774.88,796.0,2.6532663316582923,4625,26
09/15/2026,14:14:21,774.88,796.0,2.6532663316582923,4626,24
09/15/2026,14:14:21,774.88,796.0,2.6532663316582923,4627,19
09/15/2026,14:14:21,774.88,796.0,2.6532663316582923,4628,28
09/15/2026,14:14:21,774.88,796.0,2.6532663316582923,4629,22
09/15/2026,14:14:21,774.88,796.0,2.6532663316582923,4630,27
09/15/2026,14:14:21,774.88,796.0,2.6532663316582923,4631,28
09/15/2026,14:14:21,774.88,796.0,2.6532663316582923,4632,34
09/15/2026,14:14:21,774.88,796.0,2.6532663316582923,4633,31
09/15/2026,14:14:21,774.88,796.0,2.6532663316582923,4634,25
09/15/2026,14:14:21,774.88,796.0,2.6532663316582923,4635,30
09/15/2026,14:14:21,774.88,796.0,2.6532663316582923,4636,21
09/15/2026,14:14:21,774.88,796.0,2.6532663316582923,4637,28
09/15/2026,14:14:21,774.88,796.0,2.6532663316582923,4638,31
09/15/2026,14:14:21,774.88,796.0,2.6532663316582923,4639,30
09/15/2026,14:14:21,774.88,796.0,2.6532663316582923,4640,25
09/15/2026,14:14:21,774.88,796.0,2.6532663316582923,4641,24
09/15/2026,14:14:21,774.88,796.0,2.6532663316582923,4642,32
09/15/2026,14:14:21,774.88,796.0,2.6532663316582923,4643,24
09/15/2026,14:14:21,774.88,796.0,2.6532663316582923,4644,32
09/15/2026,14:14:21,774.88,796.0,2.6532663316582923,4645,29
09/15/2026,14:14:21,774.88,796.0,2.6532663316582923,4646,30
09/15/2026,14:14:21,774.88,796.0,2.6532663316582923,4647,41
09/15/2026,14:14:21,774.88,796.0,2.6532663316582923,4648,26
09/15/2026,14:14:21,774.88,796.0,2.6532663316582923,4649,24
09/15/2026,14:14:21,774.88,796.0,2.6532663316582923,4650,24
09/15/2026,14:14:21,774.88,796.0,2.6532663316582923,4651,33
09/15/2026,14:14:21,774.88,796.0,2.6532663316582923,4652,35
09/15/2026,14:14:21,774.88,796.0,2.6532663316582923,4653,29
09/15/2026,14:14:21,774.88,796.0,2.6532663316582923,4654,23
09/15/2026,14:14:21,774.88,796.0,2.6532663316582923,4655,24
09/15/2026,14:14:21,774.88,796.0,2.6532663316582923,4656,27
09/15/2026,14:14:21,774.88,796.0,2.6532663316582923,4657,33
09/15/2026,14:14:21,774.88,796.0,2.6532663316582923,4658,20
09/15/2026,14:14:21,774.88,796.0,2.6532663316582923,4659,25
09/15/2026,14:14:21,774.88,796.0,2.6532663316582923,4660,35
09/15/2026,14:14:21,774.88,796.0,2.6532663316582923,4661,28
09/15/2026,14:14:21,774.88,796.0,2.6532663316582923,4662,19
09/15/2026,14:14:21,774.88,796.0,2.6532663316582923,4663,22
09/15/2026,14:14:21,774.88,796.0,2.6532663316582923,4664,19
09/15/2026,14:14:21,774.88,796.0,2.6532663316582923,4665,13
09/15/2026,14:14:21,774.88,796.0,2.6532663316582923,4666,20
09/15/2026,14:14:21,774.88,796.0,2.6532663316582923,4667,25
09/15/2026,14:14:21,774.88,796.0,2.6532663316582923,4668,20
09/15/2026,14:14:21,774.88,796.0,2.6532663316582923,4669,21
09/15/2026,14:14:21,774.88,796.0,2.6532663316582923,4670,19
09/15/2026,14:14:21,774.88,796.0,2.6532663316582923,4671,28
09/15/2026,14:14:21,774.88,796.0,2.6532663316582923,4672,28
09/15/2026,14:14:21,774.88,796.0,2.6532663316582923,4673,24
09/15/2026,14:14:21,774.88,796.0,2.6532663316582923,4674,26
09/15/2026,14:14:21,774.88,796.0,2.6532663316582923,4675,22
09/15/2026,14:14:21,774.88,796.0,2.6532663316582923,4676,22
09/15/2026,14:14:21,774.88,796.0,2.6532663316582923,4677,27
09/15/2026,14:14:21,774.88,796.0,2.6532663316582923,4678,32
09/15/2026,14:14:21,774.88,796.0,2.6532663316582923,4679,28
09/15/2026,14:14:21,774.88,796.0,2.6532663316582923,4680,22
09/15/2026,14:14:21,774.88,796.0,2.6532663316582923,4681,23
09/15/2026,14:14:21,774.88,796.0,2.6532663316582923,4682,16
09/15/2026,14:14:21,774.88,796.0,2.6532663316582923,4683,24
09/15/2026,14:14:21,774.88,796.0,2.6532663316582923,4684,26
09/15/2026,14:14:21,774.88,796.0,2.6532663316582923,4685,32
09/15/2026,14:14:21,774.88,796.0,2.6532663316582923,4686,25
09/15/2026,14:14:21,774.88,796.0,2.6532663316582923,4687,28
09/15/2026,14:14:21,774.88,796.0,2.6532663316582923,4688,20
09/15/2026,14:14:21,774.88,796.0,2.6532663316582923,4689,26
09/15/2026,14:14:21,774.88,796.0,2.6532663316582923,4690,23
09/15/2026,14:14:21,774.88,796.0,2.6532663316582923,4691,30
09/15/2026,14:14:21,774.88,796.0,2.6532663316582923,4692,39
09/15/2026,14:14:21,774.88,796.0,2.6532663316582923,4693,40
09/15/2026,14:14:21,774.88,796.0,2.6532663316582923,4694,24
09/15/2026,14:14:21,774.88,796.0,2.6532663316582923,4695,25
09/15/2026,14:14:21,774.88,796.0,2.6532663316582923,4696,26
09/15/2026,14:14:21,774.88,796.0,2.6532663316582923,4697,25
09/15/2026,14:14:21,774.88,796.0,2.6532663316582923,4698,17
09/15/2026,14:14:21,774.88,796.0,2.6532663316582923,4699,27
09/15/2026,14:14:21,774.88,796.0,2.6532663316582923,4700,32
09/15/2026,14:14:21,774.88,796.0,2.6532663316582923,4701,28
09/15/2026,14:14:21,774.88,796.0,2.6532663316582923,4702,27
09/15/2026,14:14:21,774.88,796.0,2.6532663316582923,4703,28
09/15/2026,14:14:21,774.88,796.0,2.6532663316582923,4704,19
09/15/2026,14:14:21,774.88,796.0,2.6532663316582923,4705,28
09/15/2026,14:14:21,774.88,796.0,2.6532663316582923,4706,27
09/15/2026,14:14:21,774.88,796.0,2.6532663316582923,4707,19
09/15/2026,14:14:21,774.88,796.0,2.6532663316582923,4708,33
09/15/2026,14:14:21,774.88,796.0,2.6532663316582923,4709,23
09/15/2026,14:14:21,774.88,796.0,2.6532663316582923,4710,29
09/15/2026,14:14:21,774.88,796.0,2.6532663316582923,4711,26
09/15/2026,14:14:21,774.88,796.0,2.6532663316582923,4712,30
09/15/2026,14:14:21,774.88,796.0,2.6532663316582923,4713,18
09/15/2026,14:14:21,774.88,796.0,2.6532663316582923,4714,25
09/15/2026,14:14:21,774.88,796.0,2.6532663316582923,4715,22
09/15/2026,14:14:21,774.88,796.0,2.6532663316582923,4716,31
09/15/2026,14:14:21,774.88,796.0,2.6532663316582923,4717,21
09/15/2026,14:14:21,774.88,796.0,2.6532663316582923,4718,28
09/15/2026,14:14:21,774.88,796.0,2.6532663316582923,4719,26
09/15/2026,14:14:21,774.88,796.0,2.6532663316582923,4720,27
09/15/2026,14:14:21,774.88,796.0,2.6532663316582923,4721,30
09/15/2026,14:14:21,774.88,796.0,2.6532663316582923,4722,23
09/15/2026,14:14:21,774.88,796.0,2.6532663316582923,4723,30
09/15/2026,14:14:21,774.88,796.0,2.6532663316582923,4724,29
09/15/2026,14:14:21,774.88,796.0,2.6532663316582923,4725,22
09/15/2026,14:14:21,774.88,796.0,2.6532663316582923,4726,25
09/15/2026,14:14:21,774.88,796.0,2.6532663316582923,4727,27
09/15/2026,14:14:21,774.88,796.0,2.6532663316582923,4728,30
09/15/2026,14:14:21,774.88,796.0,2.6532663316582923,4729,29
09/15/2026,14:14:21,774.88,796.0,2.6532663316582923,4730,27
09/15/2026,14:14:21,774.88,796.0,2.6532663316582923,4731,25
09/15/2026,14:14:21,774.88,796.0,2.6532663316582923,4732,18
09/15/2026,14:14:21,774.88,796.0,2.6532663316582923,4733,30
09/15/2026,14:14:21,774.88,796.0,2.6532663316582923,4734,31
09/15/2026,14:14:21,774.88,796.0,2.6532663316582923,4735,25
09/15/2026,14:14:21,774.88,796.0,2.6532663316582923,4736,32
09/15/2026,14:14:21,774.88,796.0,2.6532663316582923,4737,27
09/15/2026,14:14:21,774.88,796.0,2.6532663316582923,4738,21
09/15/2026,14:14:21,774.88,796.0,2.6532663316582923,4739,36
09/15/2026,14:14:21,774.88,796.0,2.6532663316582923,4740,27
09/15/2026,14:14:21,774.88,796.0,2.6532663316582923,4741,29
09/15/2026,14:14:21,774.88,796.0,2.6532663316582923,4742,27
09/15/2026,14:14:21,774.88,796.0,2.6532663316582923,4743,31
09/15/2026,14:14:21,774.88,796.0,2.6532663316582923,4744,22
09/15/2026,14:14:21,774.88,796.0,2.6532663316582923,4745,28
09/15/2026,14:14:21,774.88,796.0,2.6532663316582923,4746,17
09/15/2026,14:14:21,774.88,796.0,2.6532663316582923,4747,31
09/15/2026,14:14:21,774.88,796.0,2.6532663316582923,4748,25
09/15/2026,14:14:21,774.88,796.0,2.6532663316582923,4749,22
09/15/2026,14:14:21,774.88,796.0,2.6532663316582923,4750,40
09/15/2026,14:14:21,774.88,796.0,2.6532663316582923,4751,22
09/15/2026,14:14:21,774.88,796.0,2.6532663316582923,4752,24
09/15/2026,14:14:21,774.88,796.0,2.6532663316582923,4753,25
09/15/2026,14:14:21,774.88,796.0,2.6532663316582923,4754,20
09/15/2026,14:14:21,774.88,796.0,2.6532663316582923,4755,31
09/15/2026,14:14:21,774.88,796.0,2.6532663316582923,4756,29
09/15/2026,14:14:21,774.88,796.0,2.6532663316582923,4757,27
09/15/2026,14:14:21,774.88,796.0,2.6532663316582923,4758,21
09/15/2026,14:14:21,774.88,796.0,2.6532663316582923,4759,27
09/15/2026,14:14:21,774.88,796.0,2.6532663316582923,4760,27
09/15/2026,14:14:21,774.88,796.0,2.6532663316582923,4761,24
09/15/2026,14:14:21,774.88,796.0,2.6532663316582923,4762,27
09/15/2026,14:14:21,774.88,796.0,2.6532663316582923,4763,24
09/15/2026,14:14:21,774.88,796.0,2.6532663316582923,4764,21
09/15/2026,14:14:21,774.88,796.0,2.6532663316582923,4765,23
09/15/2026,14:14:21,774.88,796.0,2.6532663316582923,4766,36
09/15/2026,14:14:21,774.88,796.0,2.6532663316582923,4767,29
09/15/2026,14:14:21,774.88,796.0,2.6532663316582923,4768,28
09/15/2026,14:14:21,774.88,796.0,2.6532663316582923,4769,26
09/15/2026,14:14:21,774.88,796.0,2.6532663316582923,4770,29
09/15/2026,14:14:21,774.88,796.0,2.6532663316582923,4771,29
09/15/2026,14:14:21,774.88,796.0,2.6532663316582923,4772,22
09/15/2026,14:14:21,774.88,796.0,2.6532663316582923,4773,29
09/15/2026,14:14:21,774.88,796.0,2.6532663316582923,4774,29
09/15/2026,14:14:21,774.88,796.0,2.6532663316582923,4775,23
09/15/2026,14:14:21,774.88,796.0,2.6532663316582923,4776,27
09/15/2026,14:14:21,774.88,796.0,2.6532663316582923,4777,34
09/15/2026,14:14:21,774.88,796.0,2.6532663316582923,4778,36
09/15/2026,14:14:21,774.88,796.0,2.6532663316582923,4779,32
09/15/2026,14:14:21,774.88,796.0,2.6532663316582923,4780,27
09/15/2026,14:14:21,774.88,796.0,2.6532663316582923,4781,15
09/15/2026,14:14:21,774.88,796.0,2.6532663316582923,4782,33
09/15/2026,14:14:21,774.88,796.0,2.6532663316582923,4783,25
09/15/2026,14:14:21,774.88,796.0,2.6532663316582923,4784,22
09/15/2026,14:14:21,774.88,796.0,2.6532663316582923,4785,25
09/15/2026,14:14:21,774.88,796.0,2.6532663316582923,4786,24
09/15/2026,14:14:21,774.88,796.0,2.6532663316582923,4787,18
09/15/2026,14:14:21,774.88,796.0,2.6532663316582923,4788,24
09/15/2026,14:14:21,774.88,796.0,2.6532663316582923,4789,24
09/15/2026,14:14:21,774.88,796.0,2.6532663316582923,4790,23
09/15/2026,14:14:21,774.88,796.0,2.6532663316582923,4791,32
09/15/2026,14:14:21,774.88,796.0,2.6532663316582923,4792,29
09/15/2026,14:14:21,774.88,796.0,2.6532663316582923,4793,25
09/15/2026,14:14:21,774.88,796.0,2.6532663316582923,4794,23
09/15/2026,14:14:21,774.88,796.0,2.6532663316582923,4795,20
09/15/2026,14:14:21,774.88,796.0,2.6532663316582923,4796,29
09/15/2026,14:14:21,774.88,796.0,2.6532663316582923,4797,27
09/15/2026,14:14:21,774.88,796.0,2.6532663316582923,4798,33
09/15/2026,14:14:21,774.88,796.0,2.6532663316582923,4799,30
09/15/2026,14:14:21,774.88,796.0,2.6532663316582923,4800,29
09/15/2026,14:14:21,774.88,796.0,2.6532663316582923,4801,27
09/15/2026,14:14:21,774.88,796.0,2.6532663316582923,4802,20
09/15/2026,14:14:21,774.88,796.0,2.6532663316582923,4803,25
09/15/2026,14:14:21,774.88,796.0,2.6532663316582923,4804,31
09/15/2026,14:14:21,774.88,796.0,2.6532663316582923,4805,23
09/15/2026,14:14:21,774.88,796.0,2.6532663316582923,4806,25
09/15/2026,14:14:21,774.88,796.0,2.6532663316582923,4807,22
09/15/2026,14:14:21,774.88,796.0,2.6532663316582923,4808,25
09/15/2026,14:14:21,774.88,796.0,2.6532663316582923,4809,30
09/15/2026,14:14:21,774.88,796.0,2.6532663316582923,4810,24
09/15/2026,14:14:21,774.88,796.0,2.6532663316582923,4811,26
09/15/2026,14:14:21,774.88,796.0,2.6532663316582923,4812,23
09/15/2026,14:14:21,774.88,796.0,2.6532663316582923,4813,24
09/15/2026,14:14:21,774.88,796.0,2.6532663316582923,4814,27
09/15/2026,14:14:21,774.88,796.0,2.6532663316582923,4815,25
09/15/2026,14:14:21,774.88,796.0,2.6532663316582923,4816,28
09/15/2026,14:14:21,774.88,796.0,2.6532663316582923,4817,27
09/15/2026,14:14:21,774.88,796.0,2.6532663316582923,4818,25
09/15/2026,14:14:21,774.88,796.0,2.6532663316582923,4819,32
09/15/2026,14:14:21,774.88,796.0,2.6532663316582923,4820,32
09/15/2026,14:14:21,774.88,796.0,2.6532663316582923,4821,25
09/15/2026,14:14:21,774.88,796.0,2.6532663316582923,4822,28
09/15/2026,14:14:21,774.88,796.0,2.6532663316582923,4823,18
09/15/2026,14:14:21,774.88,796.0,2.6532663316582923,4824,27
09/15/2026,14:14:21,774.88,796.0,2.6532663316582923,4825,35
09/15/2026,14:14:21,774.88,796.0,2.6532663316582923,4826,32
09/15/2026,14:14:21,774.88,796.0,2.6532663316582923,4827,24
09/15/2026,14:14:21,774.88,796.0,2.6532663316582923,4828,33
09/15/2026,14:14:21,774.88,796.0,2.6532663316582923,4829,25
09/15/2026,14:14:21,774.88,796.0,2.6532663316582923,4830,35
09/15/2026,14:14:21,774.88,796.0,2.6532663316582923,4831,36
09/15/2026,14:14:21,774.88,796.0,2.6532663316582923,4832,28
09/15/2026,14:14:21,774.88,796.0,2.6532663316582923,4833,24
09/15/2026,14:14:21,774.88,796.0,2.6532663316582923,4834,29
09/15/2026,14:14:21,774.88,796.0,2.6532663316582923,4835,22
09/15/2026,14:14:21,774.88,796.0,2.6532663316582923,4836,25
09/15/2026,14:14:21,774.88,796.0,2.6532663316582923,4837,25
09/15/2026,14:14:21,774.88,796.0,2.6532663316582923,4838,38
09/15/2026,14:14:21,774.88,796.0,2.6532663316582923,4839,20
09/15/2026,14:14:21,774.88,796.0,2.6532663316582923,4840,19
09/15/2026,14:14:21,774.88,796.0,2.6532663316582923,4841,22
09/15/2026,14:14:21,774.88,796.0,2.6532663316582923,4842,31
09/15/2026,14:14:21,774.88,796.0,2.6532663316582923,4843,26
09/15/2026,14:14:21,774.88,796.0,2.6532663316582923,4844,23
09/15/2026,14:14:21,774.88,796.0,2.6532663316582923,4845,25
09/15/2026,14:14:21,774.88,796.0,2.6532663316582923,4846,29
09/15/2026,14:14:21,774.88,796.0,2.6532663316582923,4847,29
09/15/2026,14:14:21,774.88,796.0,2.6532663316582923,4848,21
09/15/2026,14:14:21,774.88,796.0,2.6532663316582923,4849,31
09/15/2026,14:14:21,774.88,796.0,2.6532663316582923,4850,31
09/15/2026,14:14:21,774.88,796.0,2.6532663316582923,4851,26
09/15/2026,14:14:21,774.88,796.0,2.6532663316582923,4852,26
09/15/2026,14:14:21,774.88,796.0,2.6532663316582923,4853,29
09/15/2026,14:14:21,774.88,796.0,2.6532663316582923,4854,28
09/15/2026,14:14:21,774.88,796.0,2.6532663316582923,4855,29
09/15/2026,14:14:21,774.88,796.0,2.6532663316582923,4856,33
09/15/2026,14:14:21,774.88,796.0,2.6532663316582923,4857,31
09/15/2026,14:14:21,774.88,796.0,2.6532663316582923,4858,31
09/15/2026,14:14:21,774.88,796.0,2.6532663316582923,4859,21
09/15/2026,14:14:21,774.88,796.0,2.6532663316582923,4860,36
09/15/2026,14:14:21,774.88,796.0,2.6532663316582923,4861,21
09/15/2026,14:14:21,774.88,796.0,2.6532663316582923,4862,25
09/15/2026,14:14:21,774.88,796.0,2.6532663316582923,4863,30
09/15/2026,14:14:21,774.88,796.0,2.6532663316582923,4864,25
09/15/2026,14:14:21,774.88,796.0,2.6532663316582923,4865,24
09/15/2026,14:14:21,774.88,796.0,2.6532663316582923,4866,25
09/15/2026,14:14:21,774.88,796.0,2.6532663316582923,4867,27
09/15/2026,14:14:21,774.88,796.0,2.6532663316582923,4868,23
09/15/2026,14:14:21,774.88,796.0,2.6532663316582923,4869,31
09/15/2026,14:14:21,774.88,796.0,2.6532663316582923,4870,18
09/15/2026,14:14:21,774.88,796.0,2.6532663316582923,4871,27
09/15/2026,14:14:21,774.88,796.0,2.6532663316582923,4872,26
09/15/2026,14:14:21,774.88,796.0,2.6532663316582923,4873,33
09/15/2026,14:14:21,774.88,796.0,2.6532663316582923,4874,32
09/15/2026,14:14:21,774.88,796.0,2.6532663316582923,4875,23
09/15/2026,14:14:21,774.88,796.0,2.6532663316582923,4876,23
09/15/2026,14:14:21,774.88,796.0,2.6532663316582923,4877,23
09/15/2026,14:14:21,774.88,796.0,2.6532663316582923,4878,34
09/15/2026,14:14:21,774.88,796.0,2.6532663316582923,4879,27
09/15/2026,14:14:21,774.88,796.0,2.6532663316582923,4880,25
09/15/2026,14:14:21,774.88,796.0,2.6532663316582923,4881,21
09/15/2026,14:14:21,774.88,796.0,2.6532663316582923,4882,28
09/15/2026,14:14:21,774.88,796.0,2.6532663316582923,4883,23
09/15/2026,14:14:21,774.88,796.0,2.6532663316582923,4884,28
09/15/2026,14:14:21,774.88,796.0,2.6532663316582923,4885,23
09/15/2026,14:14:21,774.88,796.0,2.6532663316582923,4886,24
09/15/2026,14:14:21,774.88,796.0,2.6532663316582923,4887,23
09/15/2026,14:14:21,774.88,796.0,2.6532663316582923,4888,27
09/15/2026,14:14:21,774.88,796.0,2.6532663316582923,4889,25
09/15/2026,14:14:21,774.88,796.0,2.6532663316582923,4890,21
09/15/2026,14:14:21,774.88,796.0,2.6532663316582923,4891,19
09/15/2026,14:14:21,774.88,796.0,2.6532663316582923,4892,21
09/15/2026,14:14:21,774.88,796.0,2.6532663316582923,4893,23
09/15/2026,14:14:21,774.88,796.0,2.6532663316582923,4894,34
09/15/2026,14:14:21,774.88,796.0,2.6532663316582923,4895,28
09/15/2026,14:14:21,774.88,796.0,2.6532663316582923,4896,24
09/15/2026,14:14:21,774.88,796.0,2.6532663316582923,4897,25
09/15/2026,14:14:21,774.88,796.0,2.6532663316582923,4898,16
09/15/2026,14:14:21,774.88,796.0,2.6532663316582923,4899,35
09/15/2026,14:14:21,774.88,796.0,2.6532663316582923,4900,22
09/15/2026,14:14:21,774.88,796.0,2.6532663316582923,4901,27
09/15/2026,14:14:21,774.88,796.0,2.6532663316582923,4902,21
09/15/2026,14:14:21,774.88,796.0,2.6532663316582923,4903,23
09/15/2026,14:14:21,774.88,796.0,2.6532663316582923,4904,29
09/15/2026,14:14:21,774.88,796.0,2.6532663316582923,4905,29
09/15/2026,14:14:21,774.88,796.0,2.6532663316582923,4906,20
09/15/2026,14:14:21,774.88,796.0,2.6532663316582923,4907,20
09/15/2026,14:14:21,774.88,796.0,2.6532663316582923,4908,28
09/15/2026,14:14:21,774.88,796.0,2.6532663316582923,4909,24
09/15/2026,14:14:21,774.88,796.0,2.6532663316582923,4910,27
09/15/2026,14:14:21,774.88,796.0,2.6532663316582923,4911,31
09/15/2026,14:14:21,774.88,796.0,2.6532663316582923,4912,34
09/15/2026,14:14:21,774.88,796.0,2.6532663316582923,4913,26
09/15/2026,14:14:21,774.88,796.0,2.6532663316582923,4914,25
09/15/2026,14:14:21,774.88,796.0,2.6532663316582923,4915,33
09/15/2026,14:14:21,774.88,796.0,2.6532663316582923,4916,26
09/15/2026,14:14:21,774.88,796.0,2.6532663316582923,4917,26
09/15/2026,14:14:21,774.88,796.0,2.6532663316582923,4918,27
09/15/2026,14:14:21,774.88,796.0,2.6532663316582923,4919,29
09/15/2026,14:14:21,774.88,796.0,2.6532663316582923,4920,27
09/15/2026,14:14:21,774.88,796.0,2.6532663316582923,4921,17
09/15/2026,14:14:21,774.88,796.0,2.6532663316582923,4922,25
09/15/2026,14:14:21,774.88,796.0,2.6532663316582923,4923,27
09/15/2026,14:14:21,774.88,796.0,2.6532663316582923,4924,23
09/15/2026,14:14:21,774.88,796.0,2.6532663316582923,4925,30
09/15/2026,14:14:21,774.88,796.0,2.6532663316582923,4926,23
09/15/2026,14:14:21,774.88,796.0,2.6532663316582923,4927,21
09/15/2026,14:14:21,774.88,796.0,2.6532663316582923,4928,19
09/15/2026,14:14:21,774.88,796.0,2.6532663316582923,4929,16
09/15/2026,14:14:21,774.88,796.0,2.6532663316582923,4930,24
09/15/2026,14:14:21,774.88,796.0,2.6532663316582923,4931,28
09/15/2026,14:14:21,774.88,796.0,2.6532663316582923,4932,29
09/15/2026,14:14:21,774.88,796.0,2.6532663316582923,4933,19
09/15/2026,14:14:21,774.88,796.0,2.6532663316582923,4934,28
09/15/2026,14:14:21,774.88,796.0,2.6532663316582923,4935,23
09/15/2026,14:14:21,774.88,796.0,2.6532663316582923,4936,25
09/15/2026,14:14:21,774.88,796.0,2.6532663316582923,4937,28
09/15/2026,14:14:21,774.88,796.0,2.6532663316582923,4938,24
09/15/2026,14:14:21,774.88,796.0,2.6532663316582923,4939,17
09/15/2026,14:14:21,774.88,796.0,2.6532663316582923,4940,18
09/15/2026,14:14:21,774.88,796.0,2.6532663316582923,4941,24
09/15/2026,14:14:21,774.88,796.0,2.6532663316582923,4942,18
09/15/2026,14:14:21,774.88,796.0,2.6532663316582923,4943,25
09/15/2026,14:14:21,774.88,796.0,2.6532663316582923,4944,26
09/15/2026,14:14:21,774.88,796.0,2.6532663316582923,4945,29
09/15/2026,14:14:21,774.88,796.0,2.6532663316582923,4946,26
09/15/2026,14:14:21,774.88,796.0,2.6532663316582923,4947,35
09/15/2026,14:14:21,774.88,796.0,2.6532663316582923,4948,23
09/15/2026,14:14:21,774.88,796.0,2.6532663316582923,4949,29
09/15/2026,14:14:21,774.88,796.0,2.6532663316582923,4950,19
09/15/2026,14:14:21,774.88,796.0,2.6532663316582923,4951,22
09/15/2026,14:14:21,774.88,796.0,2.6532663316582923,4952,20
09/15/2026,14:14:21,774.88,796.0,2.6532663316582923,4953,29
09/15/2026,14:14:21,774.88,796.0,2.6532663316582923,4954,28
09/15/2026,14:14:21,774.88,796.0,2.6532663316582923,4955,19
09/15/2026,14:14:21,774.88,796.0,2.6532663316582923,4956,20
09/15/2026,14:14:21,774.88,796.0,2.6532663316582923,4957,23
09/15/2026,14:14:21,774.88,796.0,2.6532663316582923,4958,22
09/15/2026,14:14:21,774.88,796.0,2.6532663316582923,4959,20
09/15/2026,14:14:21,774.88,796.0,2.6532663316582923,4960,16
09/15/2026,14:14:21,774.88,796.0,2.6532663316582923,4961,32
09/15/2026,14:14:21,774.88,796.0,2.6532663316582923,4962,19
09/15/2026,14:14:21,774.88,796.0,2.6532663316582923,4963,27
09/15/2026,14:14:21,774.88,796.0,2.6532663316582923,4964,25
09/15/2026,14:14:21,774.88,796.0,2.6532663316582923,4965,35
09/15/2026,14:14:21,774.88,796.0,2.6532663316582923,4966,31
09/15/2026,14:14:21,774.88,796.0,2.6532663316582923,4967,21
09/15/2026,14:14:21,774.88,796.0,2.6532663316582923,4968,30
09/15/2026,14:14:21,774.88,796.0,2.6532663316582923,4969,27
09/15/2026,14:14:21,774.88,796.0,2.6532663316582923,4970,35
09/15/2026,14:14:21,774.88,796.0,2.6532663316582923,4971,26
09/15/2026,14:14:21,774.88,796.0,2.6532663316582923,4972,32
09/15/2026,14:14:21,774.88,796.0,2.6532663316582923,4973,30
09/15/2026,14:14:21,774.88,796.0,2.6532663316582923,4974,14
09/15/2026,14:14:21,774.88,796.0,2.6532663316582923,4975,30
09/15/2026,14:14:21,774.88,796.0,2.6532663316582923,4976,28
09/15/2026,14:14:21,774.88,796.0,2.6532663316582923,4977,28
09/15/2026,14:14:21,774.88,796.0,2.6532663316582923,4978,23
09/15/2026,14:14:21,774.88,796.0,2.6532663316582923,4979,24
09/15/2026,14:14:21,774.88,796.0,2.6532663316582923,4980,21
09/15/2026,14:14:21,774.88,796.0,2.6532663316582923,4981,24
09/15/2026,14:14:21,774.88,796.0,2.6532663316582923,4982,16
09/15/2026,14:14:21,774.88,796.0,2.6532663316582923,4983,20
09/15/2026,14:14:21,774.88,796.0,2.6532663316582923,4984,23
09/15/2026,14:14:21,774.88,796.0,2.6532663316582923,4985,33
09/15/2026,14:14:21,774.88,796.0,2.6532663316582923,4986,23
09/15/2026,14:14:21,774.88,796.0,2.6532663316582923,4987,28
09/15/2026,14:14:21,774.88,796.0,2.6532663316582923,4988,25
09/15/2026,14:14:21,774.88,796.0,2.6532663316582923,4989,21
09/15/2026,14:14:21,774.88,796.0,2.6532663316582923,4990,27
09/15/2026,14:14:21,774.88,796.0,2.6532663316582923,4991,29
09/15/2026,14:14:21,774.88,796.0,2.6532663316582923,4992,24
09/15/2026,14:14:21,774.88,796.0,2.6532663316582923,4993,19
09/15/2026,14:14:21,774.88,796.0,2.6532663316582923,4994,24
09/15/2026,14:14:21,774.88,796.0,2.6532663316582923,4995,24
09/15/2026,14:14:21,774.88,796.0,2.6532663316582923,4996,22
09/15/2026,14:14:21,774.88,796.0,2.6532663316582923,4997,25
09/15/2026,14:14:21,774.88,796.0,2.6532663316582923,4998,30
09/15/2026,14:14:21,774.88,796.0,2.6532663316582923,4999,26
09/15/2026,14:14:21,774.88,796.0,2.6532663316582923,5000,28
09/15/2026,14:14:21,774.88,796.0,2.6532663316582923,5001,23
09/15/2026,14:14:21,774.88,796.0,2.6532663316582923,5002,22
09/15/2026,14:14:21,774.88,796.0,2.6532663316582923,5003,34
09/15/2026,14:14:21,774.88,796.0,2.6532663316582923,5004,18
09/15/2026,14:14:21,774.88,796.0,2.6532663316582923,5005,26
09/15/2026,14:14:21,774.88,796.0,2.6532663316582923,5006,22
09/15/2026,14:14:21,774.88,796.0,2.6532663316582923,5007,22
09/15/2026,14:14:21,774.88,796.0,2.6532663316582923,5008,23
09/15/2026,14:14:21,774.88,796.0,2.6532663316582923,5009,32
09/15/2026,14:14:21,774.88,796.0,2.6532663316582923,5010,30
09/15/2026,14:14:21,774.88,796.0,2.6532663316582923,5011,25
09/15/2026,14:14:21,774.88,796.0,2.6532663316582923,5012,18
09/15/2026,14:14:21,774.88,796.0,2.6532663316582923,5013,26
09/15/2026,14:14:21,774.88,796.0,2.6532663316582923,5014,25
09/15/2026,14:14:21,774.88,796.0,2.6532663316582923,5015,22
09/15/2026,14:14:21,774.88,796.0,2.6532663316582923,5016,21
09/15/2026,14:14:21,774.88,796.0,2.6532663316582923,5017,22
09/15/2026,14:14:21,774.88,796.0,2.6532663316582923,5018,26
09/15/2026,14:14:21,774.88,796.0,2.6532663316582923,5019,25
09/15/2026,14:14:21,774.88,796.0,2.6532663316582923,5020,30
09/15/2026,14:14:21,774.88,796.0,2.6532663316582923,5021,14
09/15/2026,14:14:21,774.88,796.0,2.6532663316582923,5022,25
09/15/2026,14:14:21,774.88,796.0,2.6532663316582923,5023,32
09/15/2026,14:14:21,774.88,796.0,2.6532663316582923,5024,25
09/15/2026,14:14:21,774.88,796.0,2.6532663316582923,5025,33
09/15/2026,14:14:21,774.88,796.0,2.6532663316582923,5026,37
09/15/2026,14:14:21,774.88,796.0,2.6532663316582923,5027,28
09/15/2026,14:14:21,774.88,796.0,2.6532663316582923,5028,21
09/15/2026,14:14:21,774.88,796.0,2.6532663316582923,5029,24
09/15/2026,14:14:21,774.88,796.0,2.6532663316582923,5030,29
09/15/2026,14:14:21,774.88,796.0,2.6532663316582923,5031,24
09/15/2026,14:14:21,774.88,796.0,2.6532663316582923,5032,25
09/15/2026,14:14:21,774.88,796.0,2.6532663316582923,5033,22
09/15/2026,14:14:21,774.88,796.0,2.6532663316582923,5034,23
09/15/2026,14:14:21,774.88,796.0,2.6532663316582923,5035,26
09/15/2026,14:14:21,774.88,796.0,2.6532663316582923,5036,23
09/15/2026,14:14:21,774.88,796.0,2.6532663316582923,5037,23
09/15/2026,14:14:21,774.88,796.0,2.6532663316582923,5038,22
09/15/2026,14:14:21,774.88,796.0,2.6532663316582923,5039,23
09/15/2026,14:14:21,774.88,796.0,2.6532663316582923,5040,27
09/15/2026,14:14:21,774.88,796.0,2.6532663316582923,5041,32
09/15/2026,14:14:21,774.88,796.0,2.6532663316582923,5042,20
09/15/2026,14:14:21,774.88,796.0,2.6532663316582923,5043,25
09/15/2026,14:14:21,774.88,796.0,2.6532663316582923,5044,24
09/15/2026,14:14:21,774.88,796.0,2.6532663316582923,5045,19
09/15/2026,14:14:21,774.88,796.0,2.6532663316582923,5046,26
09/15/2026,14:14:21,774.88,796.0,2.6532663316582923,5047,22
09/15/2026,14:14:21,774.88,796.0,2.6532663316582923,5048,25
09/15/2026,14:14:21,774.88,796.0,2.6532663316582923,5049,27
09/15/2026,14:14:21,774.88,796.0,2.6532663316582923,5050,24
09/15/2026,14:14:21,774.88,796.0,2.6532663316582923,5051,30
09/15/2026,14:14:21,774.88,796.0,2.6532663316582923,5052,23
09/15/2026,14:14:21,774.88,796.0,2.6532663316582923,5053,19
09/15/2026,14:14:21,774.88,796.0,2.6532663316582923,5054,19
09/15/2026,14:14:21,774.88,796.0,2.6532663316582923,5055,28
09/15/2026,14:14:21,774.88,796.0,2.6532663316582923,5056,18
09/15/2026,14:14:21,774.88,796.0,2.6532663316582923,5057,29
09/15/2026,14:14:21,774.88,796.0,2.6532663316582923,5058,30
09/15/2026,14:14:21,774.88,796.0,2.6532663316582923,5059,22
09/15/2026,14:14:21,774.88,796.0,2.6532663316582923,5060,23
09/15/2026,14:14:21,774.88,796.0,2.6532663316582923,5061,18
09/15/2026,14:14:21,774.88,796.0,2.6532663316582923,5062,31
09/15/2026,14:14:21,774.88,796.0,2.6532663316582923,5063,25
09/15/2026,14:14:21,774.88,796.0,2.6532663316582923,5064,24
09/15/2026,14:14:21,774.88,796.0,2.6532663316582923,5065,27
09/15/2026,14:14:21,774.88,796.0,2.6532663316582923,5066,18
09/15/2026,14:14:21,774.88,796.0,2.6532663316582923,5067,29
09/15/2026,14:14:21,774.88,796.0,2.6532663316582923,5068,33
09/15/2026,14:14:21,774.88,796.0,2.6532663316582923,5069,28
09/15/2026,14:14:21,774.88,796.0,2.6532663316582923,5070,20
09/15/2026,14:14:21,774.88,796.0,2.6532663316582923,5071,17
09/15/2026,14:14:21,774.88,796.0,2.6532663316582923,5072,23
09/15/2026,14:14:21,774.88,796.0,2.6532663316582923,5073,15
09/15/2026,14:14:21,774.88,796.0,2.6532663316582923,5074,28
09/15/2026,14:14:21,774.88,796.0,2.6532663316582923,5075,29
09/15/2026,14:14:21,774.88,796.0,2.6532663316582923,5076,25
09/15/2026,14:14:21,774.88,796.0,2.6532663316582923,5077,30
09/15/2026,14:14:21,774.88,796.0,2.6532663316582923,5078,23
09/15/2026,14:14:21,774.88,796.0,2.6532663316582923,5079,27
09/15/2026,14:14:21,774.88,796.0,2.6532663316582923,5080,31
09/15/2026,14:14:21,774.88,796.0,2.6532663316582923,5081,18
09/15/2026,14:14:21,774.88,796.0,2.6532663316582923,5082,20
09/15/2026,14:14:21,774.88,796.0,2.6532663316582923,5083,25
09/15/2026,14:14:21,774.88,796.0,2.6532663316582923,5084,36
09/15/2026,14:14:21,774.88,796.0,2.6532663316582923,5085,27
09/15/2026,14:14:21,774.88,796.0,2.6532663316582923,5086,23
09/15/2026,14:14:21,774.88,796.0,2.6532663316582923,5087,23
09/15/2026,14:14:21,774.88,796.0,2.6532663316582923,5088,22
09/15/2026,14:14:21,774.88,796.0,2.6532663316582923,5089,23
09/15/2026,14:14:21,774.88,796.0,2.6532663316582923,5090,19
09/15/2026,14:14:21,774.88,796.0,2.6532663316582923,5091,15
09/15/2026,14:14:21,774.88,796.0,2.6532663316582923,5092,27
09/15/2026,14:14:21,774.88,796.0,2.6532663316582923,5093,31
09/15/2026,14:14:21,774.88,796.0,2.6532663316582923,5094,23
09/15/2026,14:14:21,774.88,796.0,2.6532663316582923,5095,33
09/15/2026,14:14:21,774.88,796.0,2.6532663316582923,5096,29
09/15/2026,14:14:21,774.88,796.0,2.6532663316582923,5097,20
09/15/2026,14:14:21,774.88,796.0,2.6532663316582923,5098,25
09/15/2026,14:14:21,774.88,796.0,2.6532663316582923,5099,30
09/15/2026,14:14:21,774.88,796.0,2.6532663316582923,5100,15
09/15/2026,14:14:21,774.88,796.0,2.6532663316582923,5101,15
09/15/2026,14:14:21,774.88,796.0,2.6532663316582923,5102,16
09/15/2026,14:14:21,774.88,796.0,2.6532663316582923,5103,26
09/15/2026,14:14:21,774.88,796.0,2.6532663316582923,5104,21
09/15/2026,14:14:21,774.88,796.0,2.6532663316582923,5105,26
09/15/2026,14:14:21,774.88,796.0,2.6532663316582923,5106,26
09/15/2026,14:14:21,774.88,796.0,2.6532663316582923,5107,15
09/15/2026,14:14:21,774.88,796.0,2.6532663316582923,5108,20
09/15/2026,14:14:21,774.88,796.0,2.6532663316582923,5109,30
09/15/2026,14:14:21,774.88,796.0,2.6532663316582923,5110,24
09/15/2026,14:14:21,774.88,796.0,2.6532663316582923,5111,17
09/15/2026,14:14:21,774.88,796.0,2.6532663316582923,5112,17
09/15/2026,14:14:21,774.88,796.0,2.6532663316582923,5113,30
09/15/2026,14:14:21,774.88,796.0,2.6532663316582923,5114,34
09/15/2026,14:14:21,774.88,796.0,2.6532663316582923,5115,24
09/15/2026,14:14:21,774.88,796.0,2.6532663316582923,5116,18
09/15/2026,14:14:21,774.88,796.0,2.6532663316582923,5117,17
09/15/2026,14:14:21,774.88,796.0,2.6532663316582923,5118,17
09/15/2026,14:14:21,774.88,796.0,2.6532663316582923,5119,10
09/15/2026,14:14:21,774.88,796.0,2.6532663316582923,5120,27
09/15/2026,14:14:21,774.88,796.0,2.6532663316582923,5121,19
09/15/2026,14:14:21,774.88,796.0,2.6532663316582923,5122,25
09/15/2026,14:14:21,774.88,796.0,2.6532663316582923,5123,27
09/15/2026,14:14:21,774.88,796.0,2.6532663316582923,5124,22
09/15/2026,14:14:21,774.88,796.0,2.6532663316582923,5125,22
09/15/2026,14:14:21,774.88,796.0,2.6532663316582923,5126,27
09/15/2026,14:14:21,774.88,796.0,2.6532663316582923,5127,21
09/15/2026,14:14:21,774.88,796.0,2.6532663316582923,5128,25
09/15/2026,14:14:21,774.88,796.0,2.6532663316582923,5129,28
09/15/2026,14:14:21,774.88,796.0,2.6532663316582923,5130,29
09/15/2026,14:14:21,774.88,796.0,2.6532663316582923,5131,19
09/15/2026,14:14:21,774.88,796.0,2.6532663316582923,5132,23
09/15/2026,14:14:21,774.88,796.0,2.6532663316582923,5133,22
09/15/2026,14:14:21,774.88,796.0,2.6532663316582923,5134,14
09/15/2026,14:14:21,774.88,796.0,2.6532663316582923,5135,28
09/15/2026,14:14:21,774.88,796.0,2.6532663316582923,5136,17
09/15/2026,14:14:21,774.88,796.0,2.6532663316582923,5137,31
09/15/2026,14:14:21,774.88,796.0,2.6532663316582923,5138,28
09/15/2026,14:14:21,774.88,796.0,2.6532663316582923,5139,24
09/15/2026,14:14:21,774.88,796.0,2.6532663316582923,5140,27
09/15/2026,14:14:21,774.88,796.0,2.6532663316582923,5141,22
09/15/2026,14:14:21,774.88,796.0,2.6532663316582923,5142,25
09/15/2026,14:14:21,774.88,796.0,2.6532663316582923,5143,21
09/15/2026,14:14:21,774.88,796.0,2.6532663316582923,5144,21
09/15/2026,14:14:21,774.88,796.0,2.6532663316582923,5145,19
09/15/2026,14:14:21,774.88,796.0,2.6532663316582923,5146,29
09/15/2026,14:14:21,774.88,796.0,2.6532663316582923,5147,24
09/15/2026,14:14:21,774.88,796.0,2.6532663316582923,5148,25
09/15/2026,14:14:21,774.88,796.0,2.6532663316582923,5149,19
09/15/2026,14:14:21,774.88,796.0,2.6532663316582923,5150,21
09/15/2026,14:14:21,774.88,796.0,2.6532663316582923,5151,27
09/15/2026,14:14:21,774.88,796.0,2.6532663316582923,5152,25
09/15/2026,14:14:21,774.88,796.0,2.6532663316582923,5153,23
09/15/2026,14:14:21,774.88,796.0,2.6532663316582923,5154,26
09/15/2026,14:14:21,774.88,796.0,2.6532663316582923,5155,30
09/15/2026,14:14:21,774.88,796.0,2.6532663316582923,5156,32
09/15/2026,14:14:21,774.88,796.0,2.6532663316582923,5157,16
09/15/2026,14:14:21,774.88,796.0,2.6532663316582923,5158,26
09/15/2026,14:14:21,774.88,796.0,2.6532663316582923,5159,26
09/15/2026,14:14:21,774.88,796.0,2.6532663316582923,5160,24
09/15/2026,14:14:21,774.88,796.0,2.6532663316582923,5161,19
09/15/2026,14:14:21,774.88,796.0,2.6532663316582923,5162,25
09/15/2026,14:14:21,774.88,796.0,2.6532663316582923,5163,18
09/15/2026,14:14:21,774.88,796.0,2.6532663316582923,5164,19
09/15/2026,14:14:21,774.88,796.0,2.6532663316582923,5165,28
09/15/2026,14:14:21,774.88,796.0,2.6532663316582923,5166,23
09/15/2026,14:14:21,774.88,796.0,2.6532663316582923,5167,23
09/15/2026,14:14:21,774.88,796.0,2.6532663316582923,5168,29
09/15/2026,14:14:21,774.88,796.0,2.6532663316582923,5169,26
09/15/2026,14:14:21,774.88,796.0,2.6532663316582923,5170,20
09/15/2026,14:14:21,774.88,796.0,2.6532663316582923,5171,15
09/15/2026,14:14:21,774.88,796.0,2.6532663316582923,5172,20
09/15/2026,14:14:21,774.88,796.0,2.6532663316582923,5173,22
09/15/2026,14:14:21,774.88,796.0,2.6532663316582923,5174,21
09/15/2026,14:14:21,774.88,796.0,2.6532663316582923,5175,26
09/15/2026,14:14:21,774.88,796.0,2.6532663316582923,5176,22
09/15/2026,14:14:21,774.88,796.0,2.6532663316582923,5177,16
09/15/2026,14:14:21,774.88,796.0,2.6532663316582923,5178,29
09/15/2026,14:14:21,774.88,796.0,2.6532663316582923,5179,31
09/15/2026,14:14:21,774.88,796.0,2.6532663316582923,5180,21
09/15/2026,14:14:21,774.88,796.0,2.6532663316582923,5181,20
09/15/2026,14:14:21,774.88,796.0,2.6532663316582923,5182,24
09/15/2026,14:14:21,774.88,796.0,2.6532663316582923,5183,29
09/15/2026,14:14:21,774.88,796.0,2.6532663316582923,5184,34
09/15/2026,14:14:21,774.88,796.0,2.6532663316582923,5185,25
09/15/2026,14:14:21,774.88,796.0,2.6532663316582923,5186,28
09/15/2026,14:14:21,774.88,796.0,2.6532663316582923,5187,24
09/15/2026,14:14:21,774.88,796.0,2.6532663316582923,5188,17
09/15/2026,14:14:21,774.88,796.0,2.6532663316582923,5189,18
09/15/2026,14:14:21,774.88,796.0,2.6532663316582923,5190,20
09/15/2026,14:14:21,774.88,796.0,2.6532663316582923,5191,24
09/15/2026,14:14:21,774.88,796.0,2.6532663316582923,5192,21
09/15/2026,14:14:21,774.88,796.0,2.6532663316582923,5193,25
09/15/2026,14:14:21,774.88,796.0,2.6532663316582923,5194,27
09/15/2026,14:14:21,774.88,796.0,2.6532663316582923,5195,18
09/15/2026,14:14:21,774.88,796.0,2.6532663316582923,5196,22
09/15/2026,14:14:21,774.88,796.0,2.6532663316582923,5197,18
09/15/2026,14:14:21,774.88,796.0,2.6532663316582923,5198,22
09/15/2026,14:14:21,774.88,796.0,2.6532663316582923,5199,17
09/15/2026,14:14:21,774.88,796.0,2.6532663316582923,5200,13
09/15/2026,14:14:21,774.88,796.0,2.6532663316582923,5201,25
09/15/2026,14:14:21,774.88,796.0,2.6532663316582923,5202,27
09/15/2026,14:14:21,774.88,796.0,2.6532663316582923,5203,19
09/15/2026,14:14:21,774.88,796.0,2.6532663316582923,5204,28
09/15/2026,14:14:21,774.88,796.0,2.6532663316582923,5205,21
09/15/2026,14:14:21,774.88,796.0,2.6532663316582923,5206,24
09/15/2026,14:14:21,774.88,796.0,2.6532663316582923,5207,15
09/15/2026,14:14:21,774.88,796.0,2.6532663316582923,5208,23
09/15/2026,14:14:21,774.88,796.0,2.6532663316582923,5209,27
09/15/2026,14:14:21,774.88,796.0,2.6532663316582923,5210,23
09/15/2026,14:14:21,774.88,796.0,2.6532663316582923,5211,18
09/15/2026,14:14:21,774.88,796.0,2.6532663316582923,5212,30
09/15/2026,14:14:21,774.88,796.0,2.6532663316582923,5213,30
09/15/2026,14:14:21,774.88,796.0,2.6532663316582923,5214,27
09/15/2026,14:14:21,774.88,796.0,2.6532663316582923,5215,22
09/15/2026,14:14:21,774.88,796.0,2.6532663316582923,5216,20
09/15/2026,14:14:21,774.88,796.0,2.6532663316582923,5217,18
09/15/2026,14:14:21,774.88,796.0,2.6532663316582923,5218,26
09/15/2026,14:14:21,774.88,796.0,2.6532663316582923,5219,25
09/15/2026,14:14:21,774.88,796.0,2.6532663316582923,5220,24
09/15/2026,14:14:21,774.88,796.0,2.6532663316582923,5221,29
09/15/2026,14:14:21,774.88,796.0,2.6532663316582923,5222,21
09/15/2026,14:14:21,774.88,796.0,2.6532663316582923,5223,25
09/15/2026,14:14:21,774.88,796.0,2.6532663316582923,5224,22
09/15/2026,14:14:21,774.88,796.0,2.6532663316582923,5225,25
09/15/2026,14:14:21,774.88,796.0,2.6532663316582923,5226,18
09/15/2026,14:14:21,774.88,796.0,2.6532663316582923,5227,23
09/15/2026,14:14:21,774.88,796.0,2.6532663316582923,5228,31
09/15/2026,14:14:21,774.88,796.0,2.6532663316582923,5229,26
09/15/2026,14:14:21,774.88,796.0,2.6532663316582923,5230,23
09/15/2026,14:14:21,774.88,796.0,2.6532663316582923,5231,25
09/15/2026,14:14:21,774.88,796.0,2.6532663316582923,5232,17
09/15/2026,14:14:21,774.88,796.0,2.6532663316582923,5233,13
09/15/2026,14:14:21,774.88,796.0,2.6532663316582923,5234,24
09/15/2026,14:14:21,774.88,796.0,2.6532663316582923,5235,22
09/15/2026,14:14:21,774.88,796.0,2.6532663316582923,5236,29
09/15/2026,14:14:21,774.88,796.0,2.6532663316582923,5237,25
09/15/2026,14:14:21,774.88,796.0,2.6532663316582923,5238,23
09/15/2026,14:14:21,774.88,796.0,2.6532663316582923,5239,34
09/15/2026,14:14:21,774.88,796.0,2.6532663316582923,5240,28
09/15/2026,14:14:21,774.88,796.0,2.6532663316582923,5241,19
09/15/2026,14:14:21,774.88,796.0,2.6532663316582923,5242,21
09/15/2026,14:14:21,774.88,796.0,2.6532663316582923,5243,21
09/15/2026,14:14:21,774.88,796.0,2.6532663316582923,5244,31
09/15/2026,14:14:21,774.88,796.0,2.6532663316582923,5245,22
09/15/2026,14:14:21,774.88,796.0,2.6532663316582923,5246,23
09/15/2026,14:14:21,774.88,796.0,2.6532663316582923,5247,25
09/15/2026,14:14:21,774.88,796.0,2.6532663316582923,5248,20
09/15/2026,14:14:21,774.88,796.0,2.6532663316582923,5249,21
09/15/2026,14:14:21,774.88,796.0,2.6532663316582923,5250,16
09/15/2026,14:14:21,774.88,796.0,2.6532663316582923,5251,20
09/15/2026,14:14:21,774.88,796.0,2.6532663316582923,5252,23
09/15/2026,14:14:21,774.88,796.0,2.6532663316582923,5253,33
09/15/2026,14:14:21,774.88,796.0,2.6532663316582923,5254,22
09/15/2026,14:14:21,774.88,796.0,2.6532663316582923,5255,18
09/15/2026,14:14:21,774.88,796.0,2.6532663316582923,5256,16
09/15/2026,14:14:21,774.88,796.0,2.6532663316582923,5257,29
09/15/2026,14:14:21,774.88,796.0,2.6532663316582923,5258,22
09/15/2026,14:14:21,774.88,796.0,2.6532663316582923,5259,25
09/15/2026,14:14:21,774.88,796.0,2.6532663316582923,5260,18
09/15/2026,14:14:21,774.88,796.0,2.6532663316582923,5261,26
09/15/2026,14:14:21,774.88,796.0,2.6532663316582923,5262,26
09/15/2026,14:14:21,774.88,796.0,2.6532663316582923,5263,19
09/15/2026,14:14:21,774.88,796.0,2.6532663316582923,5264,25
09/15/2026,14:14:21,774.88,796.0,2.6532663316582923,5265,17
09/15/2026,14:14:21,774.88,796.0,2.6532663316582923,5266,24
09/15/2026,14:14:21,774.88,796.0,2.6532663316582923,5267,28
09/15/2026,14:14:21,774.88,796.0,2.6532663316582923,5268,21
09/15/2026,14:14:21,774.88,796.0,2.6532663316582923,5269,17
09/15/2026,14:14:21,774.88,796.0,2.6532663316582923,5270,26
09/15/2026,14:14:21,774.88,796.0,2.6532663316582923,5271,25
09/15/2026,14:14:21,774.88,796.0,2.6532663316582923,5272,19
09/15/2026,14:14:21,774.88,796.0,2.6532663316582923,5273,27
09/15/2026,14:14:21,774.88,796.0,2.6532663316582923,5274,11
09/15/2026,14:14:21,774.88,796.0,2.6532663316582923,5275,22
09/15/2026,14:14:21,774.88,796.0,2.6532663316582923,5276,20
09/15/2026,14:14:21,774.88,796.0,2.6532663316582923,5277,17
09/15/2026,14:14:21,774.88,796.0,2.6532663316582923,5278,16
09/15/2026,14:14:21,774.88,796.0,2.6532663316582923,5279,20
09/15/2026,14:14:21,774.88,796.0,2.6532663316582923,5280,20
09/15/2026,14:14:21,774.88,796.0,2.6532663316582923,5281,22
09/15/2026,14:14:21,774.88,796.0,2.6532663316582923,5282,25
09/15/2026,14:14:21,774.88,796.0,2.6532663316582923,5283,21
09/15/2026,14:14:21,774.88,796.0,2.6532663316582923,5284,29
09/15/2026,14:14:21,774.88,796.0,2.6532663316582923,5285,29
09/15/2026,14:14:21,774.88,796.0,2.6532663316582923,5286,24
09/15/2026,14:14:21,774.88,796.0,2.6532663316582923,5287,23
09/15/2026,14:14:21,774.88,796.0,2.6532663316582923,5288,21
09/15/2026,14:14:21,774.88,796.0,2.6532663316582923,5289,18
09/15/2026,14:14:21,774.88,796.0,2.6532663316582923,5290,24
09/15/2026,14:14:21,774.88,796.0,2.6532663316582923,5291,19
09/15/2026,14:14:21,774.88,796.0,2.6532663316582923,5292,32
09/15/2026,14:14:21,774.88,796.0,2.6532663316582923,5293,23
09/15/2026,14:14:21,774.88,796.0,2.6532663316582923,5294,27
09/15/2026,14:14:21,774.88,796.0,2.6532663316582923,5295,16
09/15/2026,14:14:21,774.88,796.0,2.6532663316582923,5296,18
09/15/2026,14:14:21,774.88,796.0,2.6532663316582923,5297,19
09/15/2026,14:14:21,774.88,796.0,2.6532663316582923,5298,24
09/15/2026,14:14:21,774.88,796.0,2.6532663316582923,5299,26
09/15/2026,14:14:21,774.88,796.0,2.6532663316582923,5300,25
09/15/2026,14:14:21,774.88,796.0,2.6532663316582923,5301,24
09/15/2026,14:14:21,774.88,796.0,2.6532663316582923,5302,23
09/15/2026,14:14:21,774.88,796.0,2.6532663316582923,5303,22
09/15/2026,14:14:21,774.88,796.0,2.6532663316582923,5304,28
09/15/2026,14:14:21,774.88,796.0,2.6532663316582923,5305,23
09/15/2026,14:14:21,774.88,796.0,2.6532663316582923,5306,18
09/15/2026,14:14:21,774.88,796.0,2.6532663316582923,5307,17
09/15/2026,14:14:21,774.88,796.0,2.6532663316582923,5308,23
09/15/2026,14:14:21,774.88,796.0,2.6532663316582923,5309,27
09/15/2026,14:14:21,774.88,796.0,2.6532663316582923,5310,24
09/15/2026,14:14:21,774.88,796.0,2.6532663316582923,5311,22
09/15/2026,14:14:21,774.88,796.0,2.6532663316582923,5312,24
09/15/2026,14:14:21,774.88,796.0,2.6532663316582923,5313,38
09/15/2026,14:14:21,774.88,796.0,2.6532663316582923,5314,30
09/15/2026,14:14:21,774.88,796.0,2.6532663316582923,5315,24
09/15/2026,14:14:21,774.88,796.0,2.6532663316582923,5316,23
09/15/2026,14:14:21,774.88,796.0,2.6532663316582923,5317,23
09/15/2026,14:14:21,774.88,796.0,2.6532663316582923,5318,22
09/15/2026,14:14:21,774.88,796.0,2.6532663316582923,5319,27
09/15/2026,14:14:21,774.88,796.0,2.6532663316582923,5320,16
09/15/2026,14:14:21,774.88,796.0,2.6532663316582923,5321,12
09/15/2026,14:14:21,774.88,796.0,2.6532663316582923,5322,24
09/15/2026,14:14:21,774.88,796.0,2.6532663316582923,5323,22
09/15/2026,14:14:21,774.88,796.0,2.6532663316582923,5324,24
09/15/2026,14:14:21,774.88,796.0,2.6532663316582923,5325,22
09/15/2026,14:14:21,774.88,796.0,2.6532663316582923,5326,31
09/15/2026,14:14:21,774.88,796.0,2.6532663316582923,5327,21
09/15/2026,14:14:21,774.88,796.0,2.6532663316582923,5328,22
09/15/2026,14:14:21,774.88,796.0,2.6532663316582923,5329,23
09/15/2026,14:14:21,774.88,796.0,2.6532663316582923,5330,21
09/15/2026,14:14:21,774.88,796.0,2.6532663316582923,5331,29
09/15/2026,14:14:21,774.88,796.0,2.6532663316582923,5332,25
09/15/2026,14:14:21,774.88,796.0,2.6532663316582923,5333,27
09/15/2026,14:14:21,774.88,796.0,2.6532663316582923,5334,25
09/15/2026,14:14:21,774.88,796.0,2.6532663316582923,5335,19
09/15/2026,14:14:21,774.88,796.0,2.6532663316582923,5336,26
09/15/2026,14:14:21,774.88,796.0,2.6532663316582923,5337,32
09/15/2026,14:14:21,774.88,796.0,2.6532663316582923,5338,19
09/15/2026,14:14:21,774.88,796.0,2.6532663316582923,5339,23
09/15/2026,14:14:21,774.88,796.0,2.6532663316582923,5340,25
09/15/2026,14:14:21,774.88,796.0,2.6532663316582923,5341,28
09/15/2026,14:14:21,774.88,796.0,2.6532663316582923,5342,31
09/15/2026,14:14:21,774.88,796.0,2.6532663316582923,5343,23
09/15/2026,14:14:21,774.88,796.0,2.6532663316582923,5344,22
09/15/2026,14:14:21,774.88,796.0,2.6532663316582923,5345,26
09/15/2026,14:14:21,774.88,796.0,2.6532663316582923,5346,22
09/15/2026,14:14:21,774.88,796.0,2.6532663316582923,5347,29
09/15/2026,14:14:21,774.88,796.0,2.6532663316582923,5348,26
09/15/2026,14:14:21,774.88,796.0,2.6532663316582923,5349,26
09/15/2026,14:14:21,774.88,796.0,2.6532663316582923,5350,22
09/15/2026,14:14:21,774.88,796.0,2.6532663316582923,5351,28
09/15/2026,14:14:21,774.88,796.0,2.6532663316582923,5352,21
09/15/2026,14:14:21,774.88,796.0,2.6532663316582923,5353,19
09/15/2026,14:14:21,774.88,796.0,2.6532663316582923,5354,21
09/15/2026,14:14:21,774.88,796.0,2.6532663316582923,5355,23
09/15/2026,14:14:21,774.88,796.0,2.6532663316582923,5356,25
09/15/2026,14:14:21,774.88,796.0,2.6532663316582923,5357,28
09/15/2026,14:14:21,774.88,796.0,2.6532663316582923,5358,17
09/15/2026,14:14:21,774.88,796.0,2.6532663316582923,5359,24
09/15/2026,14:14:21,774.88,796.0,2.6532663316582923,5360,24
09/15/2026,14:14:21,774.88,796.0,2.6532663316582923,5361,20
09/15/2026,14:14:21,774.88,796.0,2.6532663316582923,5362,24
09/15/2026,14:14:21,774.88,796.0,2.6532663316582923,5363,30
09/15/2026,14:14:21,774.88,796.0,2.6532663316582923,5364,20
09/15/2026,14:14:21,774.88,796.0,2.6532663316582923,5365,27
09/15/2026,14:14:21,774.88,796.0,2.6532663316582923,5366,27
09/15/2026,14:14:21,774.88,796.0,2.6532663316582923,5367,25
09/15/2026,14:14:21,774.88,796.0,2.6532663316582923,5368,25
09/15/2026,14:14:21,774.88,796.0,2.6532663316582923,5369,27
09/15/2026,14:14:21,774.88,796.0,2.6532663316582923,5370,27
09/15/2026,14:14:21,774.88,796.0,2.6532663316582923,5371,29
09/15/2026,14:14:21,774.88,796.0,2.6532663316582923,5372,23
09/15/2026,14:14:21,774.88,796.0,2.6532663316582923,5373,20
09/15/2026,14:14:21,774.88,796.0,2.6532663316582923,5374,16
09/15/2026,14:14:21,774.88,796.0,2.6532663316582923,5375,26
09/15/2026,14:14:21,774.88,796.0,2.6532663316582923,5376,26
09/15/2026,14:14:21,774.88,796.0,2.6532663316582923,5377,18
09/15/2026,14:14:21,774.88,796.0,2.6532663316582923,5378,22
09/15/2026,14:14:21,774.88,796.0,2.6532663316582923,5379,16
09/15/2026,14:14:21,774.88,796.0,2.6532663316582923,5380,19
09/15/2026,14:14:21,774.88,796.0,2.6532663316582923,5381,22
09/15/2026,14:14:21,774.88,796.0,2.6532663316582923,5382,29
09/15/2026,14:14:21,774.88,796.0,2.6532663316582923,5383,12
09/15/2026,14:14:21,774.88,796.0,2.6532663316582923,5384,22
09/15/2026,14:14:21,774.88,796.0,2.6532663316582923,5385,21
09/15/2026,14:14:21,774.88,796.0,2.6532663316582923,5386,31
09/15/2026,14:14:21,774.88,796.0,2.6532663316582923,5387,31
09/15/2026,14:14:21,774.88,796.0,2.6532663316582923,5388,26
09/15/2026,14:14:21,774.88,796.0,2.6532663316582923,5389,22
09/15/2026,14:14:21,774.88,796.0,2.6532663316582923,5390,22
09/15/2026,14:14:21,774.88,796.0,2.6532663316582923,5391,14
09/15/2026,14:14:21,774.88,796.0,2.6532663316582923,5392,27
09/15/2026,14:14:21,774.88,796.0,2.6532663316582923,5393,18
09/15/2026,14:14:21,774.88,796.0,2.6532663316582923,5394,24
09/15/2026,14:14:21,774.88,796.0,2.6532663316582923,5395,24
09/15/2026,14:14:21,774.88,796.0,2.6532663316582923,5396,26
09/15/2026,14:14:21,774.88,796.0,2.6532663316582923,5397,32
09/15/2026,14:14:21,774.88,796.0,2.6532663316582923,5398,27
09/15/2026,14:14:21,774.88,796.0,2.6532663316582923,5399,22
09/15/2026,14:14:21,774.88,796.0,2.6532663316582923,5400,22
09/15/2026,14:14:21,774.88,796.0,2.6532663316582923,5401,25
09/15/2026,14:14:21,774.88,796.0,2.6532663316582923,5402,26
09/15/2026,14:14:21,774.88,796.0,2.6532663316582923,5403,27
09/15/2026,14:14:21,774.88,796.0,2.6532663316582923,5404,19
09/15/2026,14:14:21,774.88,796.0,2.6532663316582923,5405,24
09/15/2026,14:14:21,774.88,796.0,2.6532663316582923,5406,26
09/15/2026,14:14:21,774.88,796.0,2.6532663316582923,5407,24
09/15/2026,14:14:21,774.88,796.0,2.6532663316582923,5408,26
09/15/2026,14:14:21,774.88,796.0,2.6532663316582923,5409,19
09/15/2026,14:14:21,774.88,796.0,2.6532663316582923,5410,22
09/15/2026,14:14:21,774.88,796.0,2.6532663316582923,5411,24
09/15/2026,14:14:21,774.88,796.0,2.6532663316582923,5412,28
09/15/2026,14:14:21,774.88,796.0,2.6532663316582923,5413,26
09/15/2026,14:14:21,774.88,796.0,2.6532663316582923,5414,24
09/15/2026,14:14:21,774.88,796.0,2.6532663316582923,5415,29
09/15/2026,14:14:21,774.88,796.0,2.6532663316582923,5416,17
09/15/2026,14:14:21,774.88,796.0,2.6532663316582923,5417,18
09/15/2026,14:14:21,774.88,796.0,2.6532663316582923,5418,29
09/15/2026,14:14:21,774.88,796.0,2.6532663316582923,5419,27
09/15/2026,14:14:21,774.88,796.0,2.6532663316582923,5420,18
09/15/2026,14:14:21,774.88,796.0,2.6532663316582923,5421,23
09/15/2026,14:14:21,774.88,796.0,2.6532663316582923,5422,22
09/15/2026,14:14:21,774.88,796.0,2.6532663316582923,5423,24
09/15/2026,14:14:21,774.88,796.0,2.6532663316582923,5424,18
09/15/2026,14:14:21,774.88,796.0,2.6532663316582923,5425,26
09/15/2026,14:14:21,774.88,796.0,2.6532663316582923,5426,21
09/15/2026,14:14:21,774.88,796.0,2.6532663316582923,5427,22
09/15/2026,14:14:21,774.88,796.0,2.6532663316582923,5428,20
09/15/2026,14:14:21,774.88,796.0,2.6532663316582923,5429,22
09/15/2026,14:14:21,774.88,796.0,2.6532663316582923,5430,23
09/15/2026,14:14:21,774.88,796.0,2.6532663316582923,5431,20
09/15/2026,14:14:21,774.88,796.0,2.6532663316582923,5432,17
09/15/2026,14:14:21,774.88,796.0,2.6532663316582923,5433,21
09/15/2026,14:14:21,774.88,796.0,2.6532663316582923,5434,22
09/15/2026,14:14:21,774.88,796.0,2.6532663316582923,5435,19
09/15/2026,14:14:21,774.88,796.0,2.6532663316582923,5436,24
09/15/2026,14:14:21,774.88,796.0,2.6532663316582923,5437,21
09/15/2026,14:14:21,774.88,796.0,2.6532663316582923,5438,21
09/15/2026,14:14:21,774.88,796.0,2.6532663316582923,5439,25
09/15/2026,14:14:21,774.88,796.0,2.6532663316582923,5440,28
09/15/2026,14:14:21,774.88,796.0,2.6532663316582923,5441,28
09/15/2026,14:14:21,774.88,796.0,2.6532663316582923,5442,24
09/15/2026,14:14:21,774.88,796.0,2.6532663316582923,5443,22
09/15/2026,14:14:21,774.88,796.0,2.6532663316582923,5444,33
09/15/2026,14:14:21,774.88,796.0,2.6532663316582923,5445,21
09/15/2026,14:14:21,774.88,796.0,2.6532663316582923,5446,21
09/15/2026,14:14:21,774.88,796.0,2.6532663316582923,5447,24
09/15/2026,14:14:21,774.88,796.0,2.6532663316582923,5448,32
09/15/2026,14:14:21,774.88,796.0,2.6532663316582923,5449,21
09/15/2026,14:14:21,774.88,796.0,2.6532663316582923,5450,22
09/15/2026,14:14:21,774.88,796.0,2.6532663316582923,5451,30
09/15/2026,14:14:21,774.88,796.0,2.6532663316582923,5452,19
09/15/2026,14:14:21,774.88,796.0,2.6532663316582923,5453,33
09/15/2026,14:14:21,774.88,796.0,2.6532663316582923,5454,26
09/15/2026,14:14:21,774.88,796.0,2.6532663316582923,5455,20
09/15/2026,14:14:21,774.88,796.0,2.6532663316582923,5456,19
09/15/2026,14:14:21,774.88,796.0,2.6532663316582923,5457,28
09/15/2026,14:14:21,774.88,796.0,2.6532663316582923,5458,21
09/15/2026,14:14:21,774.88,796.0,2.6532663316582923,5459,18
09/15/2026,14:14:21,774.88,796.0,2.6532663316582923,5460,25
09/15/2026,14:14:21,774.88,796.0,2.6532663316582923,5461,37
09/15/2026,14:14:21,774.88,796.0,2.6532663316582923,5462,19
09/15/2026,14:14:21,774.88,796.0,2.6532663316582923,5463,25
09/15/2026,14:14:21,774.88,796.0,2.6532663316582923,5464,21
09/15/2026,14:14:21,774.88,796.0,2.6532663316582923,5465,30
09/15/2026,14:14:21,774.88,796.0,2.6532663316582923,5466,23
09/15/2026,14:14:21,774.88,796.0,2.6532663316582923,5467,23
09/15/2026,14:14:21,774.88,796.0,2.6532663316582923,5468,25
09/15/2026,14:14:21,774.88,796.0,2.6532663316582923,5469,22
09/15/2026,14:14:21,774.88,796.0,2.6532663316582923,5470,24
09/15/2026,14:14:21,774.88,796.0,2.6532663316582923,5471,22
09/15/2026,14:14:21,774.88,796.0,2.6532663316582923,5472,33
09/15/2026,14:14:21,774.88,796.0,2.6532663316582923,5473,23
09/15/2026,14:14:21,774.88,796.0,2.6532663316582923,5474,23
09/15/2026,14:14:21,774.88,796.0,2.6532663316582923,5475,25
09/15/2026,14:14:21,774.88,796.0,2.6532663316582923,5476,31
09/15/2026,14:14:21,774.88,796.0,2.6532663316582923,5477,24
09/15/2026,14:14:21,774.88,796.0,2.6532663316582923,5478,26
09/15/2026,14:14:21,774.88,796.0,2.6532663316582923,5479,27
09/15/2026,14:14:21,774.88,796.0,2.6532663316582923,5480,25
09/15/2026,14:14:21,774.88,796.0,2.6532663316582923,5481,27
09/15/2026,14:14:21,774.88,796.0,2.6532663316582923,5482,29
09/15/2026,14:14:21,774.88,796.0,2.6532663316582923,5483,18
09/15/2026,14:14:21,774.88,796.0,2.6532663316582923,5484,19
09/15/2026,14:14:21,774.88,796.0,2.6532663316582923,5485,20
09/15/2026,14:14:21,774.88,796.0,2.6532663316582923,5486,30
09/15/2026,14:14:21,774.88,796.0,2.6532663316582923,5487,41
09/15/2026,14:14:21,774.88,796.0,2.6532663316582923,5488,27
09/15/2026,14:14:21,774.88,796.0,2.6532663316582923,5489,26
09/15/2026,14:14:21,774.88,796.0,2.6532663316582923,5490,24
09/15/2026,14:14:21,774.88,796.0,2.6532663316582923,5491,18
09/15/2026,14:14:21,774.88,796.0,2.6532663316582923,5492,25
09/15/2026,14:14:21,774.88,796.0,2.6532663316582923,5493,35
09/15/2026,14:14:21,774.88,796.0,2.6532663316582923,5494,24
09/15/2026,14:14:21,774.88,796.0,2.6532663316582923,5495,30
09/15/2026,14:14:21,774.88,796.0,2.6532663316582923,5496,23
09/15/2026,14:14:21,774.88,796.0,2.6532663316582923,5497,31
09/15/2026,14:14:21,774.88,796.0,2.6532663316582923,5498,36
09/15/2026,14:14:21,774.88,796.0,2.6532663316582923,5499,19
09/15/2026,14:14:21,774.88,796.0,2.6532663316582923,5500,13
09/15/2026,14:14:21,774.88,796.0,2.6532663316582923,5501,19
09/15/2026,14:14:21,774.88,796.0,2.6532663316582923,5502,18
09/15/2026,14:14:21,774.88,796.0,2.6532663316582923,5503,20
09/15/2026,14:14:21,774.88,796.0,2.6532663316582923,5504,20
09/15/2026,14:14:21,774.88,796.0,2.6532663316582923,5505,20
09/15/2026,14:14:21,774.88,796.0,2.6532663316582923,5506,24
09/15/2026,14:14:21,774.88,796.0,2.6532663316582923,5507,23
09/15/2026,14:14:21,774.88,796.0,2.6532663316582923,5508,21
09/15/2026,14:14:21,774.88,796.0,2.6532663316582923,5509,24
09/15/2026,14:14:21,774.88,796.0,2.6532663316582923,5510,21
09/15/2026,14:14:21,774.88,796.0,2.6532663316582923,5511,30
09/15/2026,14:14:21,774.88,796.0,2.6532663316582923,5512,17
09/15/2026,14:14:21,774.88,796.0,2.6532663316582923,5513,27
09/15/2026,14:14:21,774.88,796.0,2.6532663316582923,5514,19
09/15/2026,14:14:21,774.88,796.0,2.6532663316582923,5515,19
09/15/2026,14:14:21,774.88,796.0,2.6532663316582923,5516,25
09/15/2026,14:14:21,774.88,796.0,2.6532663316582923,5517,21
09/15/2026,14:14:21,774.88,796.0,2.6532663316582923,5518,22
09/15/2026,14:14:21,774.88,796.0,2.6532663316582923,5519,28
09/15/2026,14:14:21,774.88,796.0,2.6532663316582923,5520,25
09/15/2026,14:14:21,774.88,796.0,2.6532663316582923,5521,22
09/15/2026,14:14:21,774.88,796.0,2.6532663316582923,5522,18
09/15/2026,14:14:21,774.88,796.0,2.6532663316582923,5523,27
09/15/2026,14:14:21,774.88,796.0,2.6532663316582923,5524,21
09/15/2026,14:14:21,774.88,796.0,2.6532663316582923,5525,17
09/15/2026,14:14:21,774.88,796.0,2.6532663316582923,5526,17
09/15/2026,14:14:21,774.88,796.0,2.6532663316582923,5527,23
09/15/2026,14:14:21,774.88,796.0,2.6532663316582923,5528,30
09/15/2026,14:14:21,774.88,796.0,2.6532663316582923,5529,24
09/15/2026,14:14:21,774.88,796.0,2.6532663316582923,5530,21
09/15/2026,14:14:21,774.88,796.0,2.6532663316582923,5531,21
09/15/2026,14:14:21,774.88,796.0,2.6532663316582923,5532,25
09/15/2026,14:14:21,774.88,796.0,2.6532663316582923,5533,23
09/15/2026,14:14:21,774.88,796.0,2.6532663316582923,5534,24
09/15/2026,14:14:21,774.88,796.0,2.6532663316582923,5535,15
09/15/2026,14:14:21,774.88,796.0,2.6532663316582923,5536,28
09/15/2026,14:14:21,774.88,796.0,2.6532663316582923,5537,24
09/15/2026,14:14:21,774.88,796.0,2.6532663316582923,5538,23
09/15/2026,14:14:21,774.88,796.0,2.6532663316582923,5539,25
09/15/2026,14:14:21,774.88,796.0,2.6532663316582923,5540,19
09/15/2026,14:14:21,774.88,796.0,2.6532663316582923,5541,19
09/15/2026,14:14:21,774.88,796.0,2.6532663316582923,5542,26
09/15/2026,14:14:21,774.88,796.0,2.6532663316582923,5543,29
09/15/2026,14:14:21,774.88,796.0,2.6532663316582923,5544,26
09/15/2026,14:14:21,774.88,796.0,2.6532663316582923,5545,24
09/15/2026,14:14:21,774.88,796.0,2.6532663316582923,5546,26
09/15/2026,14:14:21,774.88,796.0,2.6532663316582923,5547,26
09/15/2026,14:14:21,774.88,796.0,2.6532663316582923,5548,20
09/15/2026,14:14:21,774.88,796.0,2.6532663316582923,5549,32
09/15/2026,14:14:21,774.88,796.0,2.6532663316582923,5550,16
09/15/2026,14:14:21,774.88,796.0,2.6532663316582923,5551,33
09/15/2026,14:14:21,774.88,796.0,2.6532663316582923,5552,27
09/15/2026,14:14:21,774.88,796.0,2.6532663316582923,5553,33
09/15/2026,14:14:21,774.88,796.0,2.6532663316582923,5554,18
09/15/2026,14:14:21,774.88,796.0,2.6532663316582923,5555,29
09/15/2026,14:14:21,774.88,796.0,2.6532663316582923,5556,32
09/15/2026,14:14:21,774.88,796.0,2.6532663316582923,5557,22
09/15/2026,14:14:21,774.88,796.0,2.6532663316582923,5558,17
09/15/2026,14:14:21,774.88,796.0,2.6532663316582923,5559,21
09/15/2026,14:14:21,774.88,796.0,2.6532663316582923,5560,29
09/15/2026,14:14:21,774.88,796.0,2.6532663316582923,5561,18
09/15/2026,14:14:21,774.88,796.0,2.6532663316582923,5562,20
09/15/2026,14:14:21,774.88,796.0,2.6532663316582923,5563,29
09/15/2026,14:14:21,774.88,796.0,2.6532663316582923,5564,24
09/15/2026,14:14:21,774.88,796.0,2.6532663316582923,5565,31
09/15/2026,14:14:21,774.88,796.0,2.6532663316582923,5566,19
09/15/2026,14:14:21,774.88,796.0,2.6532663316582923,5567,19
09/15/2026,14:14:21,774.88,796.0,2.6532663316582923,5568,15
09/15/2026,14:14:21,774.88,796.0,2.6532663316582923,5569,24
09/15/2026,14:14:21,774.88,796.0,2.6532663316582923,5570,21
09/15/2026,14:14:21,774.88,796.0,2.6532663316582923,5571,29
09/15/2026,14:14:21,774.88,796.0,2.6532663316582923,5572,27
09/15/2026,14:14:21,774.88,796.0,2.6532663316582923,5573,22
09/15/2026,14:14:21,774.88,796.0,2.6532663316582923,5574,32
09/15/2026,14:14:21,774.88,796.0,2.6532663316582923,5575,27
09/15/2026,14:14:21,774.88,796.0,2.6532663316582923,5576,30
09/15/2026,14:14:21,774.88,796.0,2.6532663316582923,5577,28
09/15/2026,14:14:21,774.88,796.0,2.6532663316582923,5578,22
09/15/2026,14:14:21,774.88,796.0,2.6532663316582923,5579,30
09/15/2026,14:14:21,774.88,796.0,2.6532663316582923,5580,34
09/15/2026,14:14:21,774.88,796.0,2.6532663316582923,5581,23
09/15/2026,14:14:21,774.88,796.0,2.6532663316582923,5582,35
09/15/2026,14:14:21,774.88,796.0,2.6532663316582923,5583,19
09/15/2026,14:14:21,774.88,796.0,2.6532663316582923,5584,20
09/15/2026,14:14:21,774.88,796.0,2.6532663316582923,5585,24
09/15/2026,14:14:21,774.88,796.0,2.6532663316582923,5586,18
09/15/2026,14:14:21,774.88,796.0,2.6532663316582923,5587,35
09/15/2026,14:14:21,774.88,796.0,2.6532663316582923,5588,26
09/15/2026,14:14:21,774.88,796.0,2.6532663316582923,5589,23
09/15/2026,14:14:21,774.88,796.0,2.6532663316582923,5590,21
09/15/2026,14:14:21,774.88,796.0,2.6532663316582923,5591,25
09/15/2026,14:14:21,774.88,796.0,2.6532663316582923,5592,29
09/15/2026,14:14:21,774.88,796.0,2.6532663316582923,5593,19
09/15/2026,14:14:21,774.88,796.0,2.6532663316582923,5594,23
09/15/2026,14:14:21,774.88,796.0,2.6532663316582923,5595,30
09/15/2026,14:14:21,774.88,796.0,2.6532663316582923,5596,37
09/15/2026,14:14:21,774.88,796.0,2.6532663316582923,5597,19
09/15/2026,14:14:21,774.88,796.0,2.6532663316582923,5598,21
09/15/2026,14:14:21,774.88,796.0,2.6532663316582923,5599,35
09/15/2026,14:14:21,774.88,796.0,2.6532663316582923,5600,14
09/15/2026,14:14:21,774.88,796.0,2.6532663316582923,5601,20
09/15/2026,14:14:21,774.88,796.0,2.6532663316582923,5602,28
09/15/2026,14:14:21,774.88,796.0,2.6532663316582923,5603,24
09/15/2026,14:14:21,774.88,796.0,2.6532663316582923,5604,24
09/15/2026,14:14:21,774.88,796.0,2.6532663316582923,5605,18
09/15/2026,14:14:21,774.88,796.0,2.6532663316582923,5606,24
09/15/2026,14:14:21,774.88,796.0,2.6532663316582923,5607,28
09/15/2026,14:14:21,774.88,796.0,2.6532663316582923,5608,26
09/15/2026,14:14:21,774.88,796.0,2.6532663316582923,5609,25
09/15/2026,14:14:21,774.88,796.0,2.6532663316582923,5610,21
09/15/2026,14:14:21,774.88,796.0,2.6532663316582923,5611,27
09/15/2026,14:14:21,774.88,796.0,2.6532663316582923,5612,23
09/15/2026,14:14:21,774.88,796.0,2.6532663316582923,5613,32
09/15/2026,14:14:21,774.88,796.0,2.6532663316582923,5614,29
09/15/2026,14:14:21,774.88,796.0,2.6532663316582923,5615,29
09/15/2026,14:14:21,774.88,796.0,2.6532663316582923,5616,26
09/15/2026,14:14:21,774.88,796.0,2.6532663316582923,5617,28
09/15/2026,14:14:21,774.88,796.0,2.6532663316582923,5618,36
09/15/2026,14:14:21,774.88,796.0,2.6532663316582923,5619,17
09/15/2026,14:14:21,774.88,796.0,2.6532663316582923,5620,31
09/15/2026,14:14:21,774.88,796.0,2.6532663316582923,5621,19
09/15/2026,14:14:21,774.88,796.0,2.6532663316582923,5622,21
09/15/2026,14:14:21,774.88,796.0,2.6532663316582923,5623,22
09/15/2026,14:14:21,774.88,796.0,2.6532663316582923,5624,21
09/15/2026,14:14:21,774.88,796.0,2.6532663316582923,5625,11
09/15/2026,14:14:21,774.88,796.0,2.6532663316582923,5626,19
09/15/2026,14:14:21,774.88,796.0,2.6532663316582923,5627,24
09/15/2026,14:14:21,774.88,796.0,2.6532663316582923,5628,31
09/15/2026,14:14:21,774.88,796.0,2.6532663316582923,5629,20
09/15/2026,14:14:21,774.88,796.0,2.6532663316582923,5630,27
09/15/2026,14:14:21,774.88,796.0,2.6532663316582923,5631,30
09/15/2026,14:14:21,774.88,796.0,2.6532663316582923,5632,32
09/15/2026,14:14:21,774.88,796.0,2.6532663316582923,5633,23
09/15/2026,14:14:21,774.88,796.0,2.6532663316582923,5634,38
09/15/2026,14:14:21,774.88,796.0,2.6532663316582923,5635,20
09/15/2026,14:14:21,774.88,796.0,2.6532663316582923,5636,21
09/15/2026,14:14:21,774.88,796.0,2.6532663316582923,5637,32
09/15/2026,14:14:21,774.88,796.0,2.6532663316582923,5638,21
09/15/2026,14:14:21,774.88,796.0,2.6532663316582923,5639,22
09/15/2026,14:14:21,774.88,796.0,2.6532663316582923,5640,14
09/15/2026,14:14:21,774.88,796.0,2.6532663316582923,5641,22
09/15/2026,14:14:21,774.88,796.0,2.6532663316582923,5642,27
09/15/2026,14:14:21,774.88,796.0,2.6532663316582923,5643,32
09/15/2026,14:14:21,774.88,796.0,2.6532663316582923,5644,18
09/15/2026,14:14:21,774.88,796.0,2.6532663316582923,5645,27
09/15/2026,14:14:21,774.88,796.0,2.6532663316582923,5646,24
09/15/2026,14:14:21,774.88,796.0,2.6532663316582923,5647,32
09/15/2026,14:14:21,774.88,796.0,2.6532663316582923,5648,27
09/15/2026,14:14:21,774.88,796.0,2.6532663316582923,5649,18
09/15/2026,14:14:21,774.88,796.0,2.6532663316582923,5650,26
09/15/2026,14:14:21,774.88,796.0,2.6532663316582923,5651,24
09/15/2026,14:14:21,774.88,796.0,2.6532663316582923,5652,19
09/15/2026,14:14:21,774.88,796.0,2.6532663316582923,5653,19
09/15/2026,14:14:21,774.88,796.0,2.6532663316582923,5654,33
09/15/2026,14:14:21,774.88,796.0,2.6532663316582923,5655,24
09/15/2026,14:14:21,774.88,796.0,2.6532663316582923,5656,36
09/15/2026,14:14:21,774.88,796.0,2.6532663316582923,5657,29
09/15/2026,14:14:21,774.88,796.0,2.6532663316582923,5658,31
09/15/2026,14:14:21,774.88,796.0,2.6532663316582923,5659,25
09/15/2026,14:14:21,774.88,796.0,2.6532663316582923,5660,25
09/15/2026,14:14:21,774.88,796.0,2.6532663316582923,5661,25
09/15/2026,14:14:21,774.88,796.0,2.6532663316582923,5662,22
09/15/2026,14:14:21,774.88,796.0,2.6532663316582923,5663,18
09/15/2026,14:14:21,774.88,796.0,2.6532663316582923,5664,28
09/15/2026,14:14:21,774.88,796.0,2.6532663316582923,5665,27
09/15/2026,14:14:21,774.88,796.0,2.6532663316582923,5666,34
09/15/2026,14:14:21,774.88,796.0,2.6532663316582923,5667,18
09/15/2026,14:14:21,774.88,796.0,2.6532663316582923,5668,30
09/15/2026,14:14:21,774.88,796.0,2.6532663316582923,5669,26
09/15/2026,14:14:21,774.88,796.0,2.6532663316582923,5670,28
09/15/2026,14:14:21,774.88,796.0,2.6532663316582923,5671,33
09/15/2026,14:14:21,774.88,796.0,2.6532663316582923,5672,26
09/15/2026,14:14:21,774.88,796.0,2.6532663316582923,5673,26
09/15/2026,14:14:21,774.88,796.0,2.6532663316582923,5674,23
09/15/2026,14:14:21,774.88,796.0,2.6532663316582923,5675,31
09/15/2026,14:14:21,774.88,796.0,2.6532663316582923,5676,28
09/15/2026,14:14:21,774.88,796.0,2.6532663316582923,5677,26
09/15/2026,14:14:21,774.88,796.0,2.6532663316582923,5678,24
09/15/2026,14:14:21,774.88,796.0,2.6532663316582923,5679,24
09/15/2026,14:14:21,774.88,796.0,2.6532663316582923,5680,30
09/15/2026,14:14:21,774.88,796.0,2.6532663316582923,5681,20
09/15/2026,14:14:21,774.88,796.0,2.6532663316582923,5682,20
09/15/2026,14:14:21,774.88,796.0,2.6532663316582923,5683,24
09/15/2026,14:14:21,774.88,796.0,2.6532663316582923,5684,23
09/15/2026,14:14:21,774.88,796.0,2.6532663316582923,5685,20
09/15/2026,14:14:21,774.88,796.0,2.6532663316582923,5686,25
09/15/2026,14:14:21,774.88,796.0,2.6532663316582923,5687,29
09/15/2026,14:14:21,774.88,796.0,2.6532663316582923,5688,25
09/15/2026,14:14:21,774.88,796.0,2.6532663316582923,5689,20
09/15/2026,14:14:21,774.88,796.0,2.6532663316582923,5690,31
09/15/2026,14:14:21,774.88,796.0,2.6532663316582923,5691,26
09/15/2026,14:14:21,774.88,796.0,2.6532663316582923,5692,30
09/15/2026,14:14:21,774.88,796.0,2.6532663316582923,5693,25
09/15/2026,14:14:21,774.88,796.0,2.6532663316582923,5694,22
09/15/2026,14:14:21,774.88,796.0,2.6532663316582923,5695,18
09/15/2026,14:14:21,774.88,796.0,2.6532663316582923,5696,30
09/15/2026,14:14:21,774.88,796.0,2.6532663316582923,5697,34
09/15/2026,14:14:21,774.88,796.0,2.6532663316582923,5698,21
09/15/2026,14:14:21,774.88,796.0,2.6532663316582923,5699,25
09/15/2026,14:14:21,774.88,796.0,2.6532663316582923,5700,20
09/15/2026,14:14:21,774.88,796.0,2.6532663316582923,5701,18
09/15/2026,14:14:21,774.88,796.0,2.6532663316582923,5702,22
09/15/2026,14:14:21,774.88,796.0,2.6532663316582923,5703,32
09/15/2026,14:14:21,774.88,796.0,2.6532663316582923,5704,32
09/15/2026,14:14:21,774.88,796.0,2.6532663316582923,5705,23
09/15/2026,14:14:21,774.88,796.0,2.6532663316582923,5706,32
09/15/2026,14:14:21,774.88,796.0,2.6532663316582923,5707,26
09/15/2026,14:14:21,774.88,796.0,2.6532663316582923,5708,28
09/15/2026,14:14:21,774.88,796.0,2.6532663316582923,5709,24
09/15/2026,14:14:21,774.88,796.0,2.6532663316582923,5710,29
09/15/2026,14:14:21,774.88,796.0,2.6532663316582923,5711,28
09/15/2026,14:14:21,774.88,796.0,2.6532663316582923,5712,27
09/15/2026,14:14:21,774.88,796.0,2.6532663316582923,5713,25
09/15/2026,14:14:21,774.88,796.0,2.6532663316582923,5714,23
09/15/2026,14:14:21,774.88,796.0,2.6532663316582923,5715,22
09/15/2026,14:14:21,774.88,796.0,2.6532663316582923,5716,21
09/15/2026,14:14:21,774.88,796.0,2.6532663316582923,5717,27
09/15/2026,14:14:21,774.88,796.0,2.6532663316582923,5718,19
09/15/2026,14:14:21,774.88,796.0,2.6532663316582923,5719,29
09/15/2026,14:14:21,774.88,796.0,2.6532663316582923,5720,27
09/15/2026,14:14:21,774.88,796.0,2.6532663316582923,5721,21
09/15/2026,14:14:21,774.88,796.0,2.6532663316582923,5722,20
09/15/2026,14:14:21,774.88,796.0,2.6532663316582923,5723,26
09/15/2026,14:14:21,774.88,796.0,2.6532663316582923,5724,26
09/15/2026,14:14:21,774.88,796.0,2.6532663316582923,5725,16
09/15/2026,14:14:21,774.88,796.0,2.6532663316582923,5726,24
09/15/2026,14:14:21,774.88,796.0,2.6532663316582923,5727,24
09/15/2026,14:14:21,774.88,796.0,2.6532663316582923,5728,21
09/15/2026,14:14:21,774.88,796.0,2.6532663316582923,5729,22
09/15/2026,14:14:21,774.88,796.0,2.6532663316582923,5730,18
09/15/2026,14:14:21,774.88,796.0,2.6532663316582923,5731,25
09/15/2026,14:14:21,774.88,796.0,2.6532663316582923,5732,26
09/15/2026,14:14:21,774.88,796.0,2.6532663316582923,5733,23
09/15/2026,14:14:21,774.88,796.0,2.6532663316582923,5734,28
09/15/2026,14:14:21,774.88,796.0,2.6532663316582923,5735,22
09/15/2026,14:14:21,774.88,796.0,2.6532663316582923,5736,27
09/15/2026,14:14:21,774.88,796.0,2.6532663316582923,5737,31
09/15/2026,14:14:21,774.88,796.0,2.6532663316582923,5738,30
09/15/2026,14:14:21,774.88,796.0,2.6532663316582923,5739,31
09/15/2026,14:14:21,774.88,796.0,2.6532663316582923,5740,25
09/15/2026,14:14:21,774.88,796.0,2.6532663316582923,5741,24
09/15/2026,14:14:21,774.88,796.0,2.6532663316582923,5742,26
09/15/2026,14:14:21,774.88,796.0,2.6532663316582923,5743,21
09/15/2026,14:14:21,774.88,796.0,2.6532663316582923,5744,24
09/15/2026,14:14:21,774.88,796.0,2.6532663316582923,5745,32
09/15/2026,14:14:21,774.88,796.0,2.6532663316582923,5746,21
09/15/2026,14:14:21,774.88,796.0,2.6532663316582923,5747,31
09/15/2026,14:14:21,774.88,796.0,2.6532663316582923,5748,23
09/15/2026,14:14:21,774.88,796.0,2.6532663316582923,5749,17
09/15/2026,14:14:21,774.88,796.0,2.6532663316582923,5750,12
09/15/2026,14:14:21,774.88,796.0,2.6532663316582923,5751,31
09/15/2026,14:14:21,774.88,796.0,2.6532663316582923,5752,21
09/15/2026,14:14:21,774.88,796.0,2.6532663316582923,5753,17
09/15/2026,14:14:21,774.88,796.0,2.6532663316582923,5754,37
09/15/2026,14:14:21,774.88,796.0,2.6532663316582923,5755,27
09/15/2026,14:14:21,774.88,796.0,2.6532663316582923,5756,29
09/15/2026,14:14:21,774.88,796.0,2.6532663316582923,5757,15
09/15/2026,14:14:21,774.88,796.0,2.6532663316582923,5758,26
09/15/2026,14:14:21,774.88,796.0,2.6532663316582923,5759,25
09/15/2026,14:14:21,774.88,796.0,2.6532663316582923,5760,20
09/15/2026,14:14:21,774.88,796.0,2.6532663316582923,5761,17
09/15/2026,14:14:21,774.88,796.0,2.6532663316582923,5762,19
09/15/2026,14:14:21,774.88,796.0,2.6532663316582923,5763,31
09/15/2026,14:14:21,774.88,796.0,2.6532663316582923,5764,19
09/15/2026,14:14:21,774.88,796.0,2.6532663316582923,5765,28
09/15/2026,14:14:21,774.88,796.0,2.6532663316582923,5766,23
09/15/2026,14:14:21,774.88,796.0,2.6532663316582923,5767,26
09/15/2026,14:14:21,774.88,796.0,2.6532663316582923,5768,25
09/15/2026,14:14:21,774.88,796.0,2.6532663316582923,5769,25
09/15/2026,14:14:21,774.88,796.0,2.6532663316582923,5770,29
09/15/2026,14:14:21,774.88,796.0,2.6532663316582923,5771,27
09/15/2026,14:14:21,774.88,796.0,2.6532663316582923,5772,23
09/15/2026,14:14:21,774.88,796.0,2.6532663316582923,5773,35
09/15/2026,14:14:21,774.88,796.0,2.6532663316582923,5774,15
09/15/2026,14:14:21,774.88,796.0,2.6532663316582923,5775,32
09/15/2026,14:14:21,774.88,796.0,2.6532663316582923,5776,19
09/15/2026,14:14:21,774.88,796.0,2.6532663316582923,5777,34
09/15/2026,14:14:21,774.88,796.0,2.6532663316582923,5778,31
09/15/2026,14:14:21,774.88,796.0,2.6532663316582923,5779,21
09/15/2026,14:14:21,774.88,796.0,2.6532663316582923,5780,28
09/15/2026,14:14:21,774.88,796.0,2.6532663316582923,5781,24
09/15/2026,14:14:21,774.88,796.0,2.6532663316582923,5782,19
09/15/2026,14:14:21,774.88,796.0,2.6532663316582923,5783,25
09/15/2026,14:14:21,774.88,796.0,2.6532663316582923,5784,19
09/15/2026,14:14:21,774.88,796.0,2.6532663316582923,5785,34
09/15/2026,14:14:21,774.88,796.0,2.6532663316582923,5786,25
09/15/2026,14:14:21,774.88,796.0,2.6532663316582923,5787,25
09/15/2026,14:14:21,774.88,796.0,2.6532663316582923,5788,37
09/15/2026,14:14:21,774.88,796.0,2.6532663316582923,5789,32
09/15/2026,14:14:21,774.88,796.0,2.6532663316582923,5790,26
09/15/2026,14:14:21,774.88,796.0,2.6532663316582923,5791,31
09/15/2026,14:14:21,774.88,796.0,2.6532663316582923,5792,21
09/15/2026,14:14:21,774.88,796.0,2.6532663316582923,5793,23
09/15/2026,14:14:21,774.88,796.0,2.6532663316582923,5794,31
09/15/2026,14:14:21,774.88,796.0,2.6532663316582923,5795,24
09/15/2026,14:14:21,774.88,796.0,2.6532663316582923,5796,26
09/15/2026,14:14:21,774.88,796.0,2.6532663316582923,5797,22
09/15/2026,14:14:21,774.88,796.0,2.6532663316582923,5798,30
09/15/2026,14:14:21,774.88,796.0,2.6532663316582923,5799,21
09/15/2026,14:14:21,774.88,796.0,2.6532663316582923,5800,19
09/15/2026,14:14:21,774.88,796.0,2.6532663316582923,5801,23
09/15/2026,14:14:21,774.88,796.0,2.6532663316582923,5802,30
09/15/2026,14:14:21,774.88,796.0,2.6532663316582923,5803,27
09/15/2026,14:14:21,774.88,796.0,2.6532663316582923,5804,26
09/15/2026,14:14:21,774.88,796.0,2.6532663316582923,5805,33
09/15/2026,14:14:21,774.88,796.0,2.6532663316582923,5806,34
09/15/2026,14:14:21,774.88,796.0,2.6532663316582923,5807,30
09/15/2026,14:14:21,774.88,796.0,2.6532663316582923,5808,21
09/15/2026,14:14:21,774.88,796.0,2.6532663316582923,5809,32
09/15/2026,14:14:21,774.88,796.0,2.6532663316582923,5810,21
09/15/2026,14:14:21,774.88,796.0,2.6532663316582923,5811,24
09/15/2026,14:14:21,774.88,796.0,2.6532663316582923,5812,27
09/15/2026,14:14:21,774.88,796.0,2.6532663316582923,5813,27
09/15/2026,14:14:21,774.88,796.0,2.6532663316582923,5814,32
09/15/2026,14:14:21,774.88,796.0,2.6532663316582923,5815,28
09/15/2026,14:14:21,774.88,796.0,2.6532663316582923,5816,21
09/15/2026,14:14:21,774.88,796.0,2.6532663316582923,5817,25
09/15/2026,14:14:21,774.88,796.0,2.6532663316582923,5818,16
09/15/2026,14:14:21,774.88,796.0,2.6532663316582923,5819,30
09/15/2026,14:14:21,774.88,796.0,2.6532663316582923,5820,23
09/15/2026,14:14:21,774.88,796.0,2.6532663316582923,5821,20
09/15/2026,14:14:21,774.88,796.0,2.6532663316582923,5822,29
09/15/2026,14:14:21,774.88,796.0,2.6532663316582923,5823,27
09/15/2026,14:14:21,774.88,796.0,2.6532663316582923,5824,24
09/15/2026,14:14:21,774.88,796.0,2.6532663316582923,5825,20
09/15/2026,14:14:21,774.88,796.0,2.6532663316582923,5826,16
09/15/2026,14:14:21,774.88,796.0,2.6532663316582923,5827,29
09/15/2026,14:14:21,774.88,796.0,2.6532663316582923,5828,34
09/15/2026,14:14:21,774.88,796.0,2.6532663316582923,5829,23
09/15/2026,14:14:21,774.88,796.0,2.6532663316582923,5830,24
09/15/2026,14:14:21,774.88,796.0,2.6532663316582923,5831,36
09/15/2026,14:14:21,774.88,796.0,2.6532663316582923,5832,27
09/15/2026,14:14:21,774.88,796.0,2.6532663316582923,5833,32
09/15/2026,14:14:21,774.88,796.0,2.6532663316582923,5834,28
09/15/2026,14:14:21,774.88,796.0,2.6532663316582923,5835,26
09/15/2026,14:14:21,774.88,796.0,2.6532663316582923,5836,23
09/15/2026,14:14:21,774.88,796.0,2.6532663316582923,5837,26
09/15/2026,14:14:21,774.88,796.0,2.6532663316582923,5838,33
09/15/2026,14:14:21,774.88,796.0,2.6532663316582923,5839,26
09/15/2026,14:14:21,774.88,796.0,2.6532663316582923,5840,36
09/15/2026,14:14:21,774.88,796.0,2.6532663316582923,5841,25
09/15/2026,14:14:21,774.88,796.0,2.6532663316582923,5842,28
09/15/2026,14:14:21,774.88,796.0,2.6532663316582923,5843,34
09/15/2026,14:14:21,774.88,796.0,2.6532663316582923,5844,33
09/15/2026,14:14:21,774.88,796.0,2.6532663316582923,5845,26
09/15/2026,14:14:21,774.88,796.0,2.6532663316582923,5846,20
09/15/2026,14:14:21,774.88,796.0,2.6532663316582923,5847,22
09/15/2026,14:14:21,774.88,796.0,2.6532663316582923,5848,20
09/15/2026,14:14:21,774.88,796.0,2.6532663316582923,5849,30
09/15/2026,14:14:21,774.88,796.0,2.6532663316582923,5850,24
09/15/2026,14:14:21,774.88,796.0,2.6532663316582923,5851,32
09/15/2026,14:14:21,774.88,796.0,2.6532663316582923,5852,25
09/15/2026,14:14:21,774.88,796.0,2.6532663316582923,5853,31
09/15/2026,14:14:21,774.88,796.0,2.6532663316582923,5854,27
09/15/2026,14:14:21,774.88,796.0,2.6532663316582923,5855,32
09/15/2026,14:14:21,774.88,796.0,2.6532663316582923,5856,34
09/15/2026,14:14:21,774.88,796.0,2.6532663316582923,5857,25
09/15/2026,14:14:21,774.88,796.0,2.6532663316582923,5858,30
09/15/2026,14:14:21,774.88,796.0,2.6532663316582923,5859,25
09/15/2026,14:14:21,774.88,796.0,2.6532663316582923,5860,26
09/15/2026,14:14:21,774.88,796.0,2.6532663316582923,5861,30
09/15/2026,14:14:21,774.88,796.0,2.6532663316582923,5862,21
09/15/2026,14:14:21,774.88,796.0,2.6532663316582923,5863,28
09/15/2026,14:14:21,774.88,796.0,2.6532663316582923,5864,28
09/15/2026,14:14:21,774.88,796.0,2.6532663316582923,5865,15
09/15/2026,14:14:21,774.88,796.0,2.6532663316582923,5866,25
09/15/2026,14:14:21,774.88,796.0,2.6532663316582923,5867,25
09/15/2026,14:14:21,774.88,796.0,2.6532663316582923,5868,28
09/15/2026,14:14:21,774.88,796.0,2.6532663316582923,5869,16
09/15/2026,14:14:21,774.88,796.0,2.6532663316582923,5870,28
09/15/2026,14:14:21,774.88,796.0,2.6532663316582923,5871,28
09/15/2026,14:14:21,774.88,796.0,2.6532663316582923,5872,24
09/15/2026,14:14:21,774.88,796.0,2.6532663316582923,5873,21
09/15/2026,14:14:21,774.88,796.0,2.6532663316582923,5874,25
09/15/2026,14:14:21,774.88,796.0,2.6532663316582923,5875,22
09/15/2026,14:14:21,774.88,796.0,2.6532663316582923,5876,30
09/15/2026,14:14:21,774.88,796.0,2.6532663316582923,5877,25
09/15/2026,14:14:21,774.88,796.0,2.6532663316582923,5878,23
09/15/2026,14:14:21,774.88,796.0,2.6532663316582923,5879,29
09/15/2026,14:14:21,774.88,796.0,2.6532663316582923,5880,26
09/15/2026,14:14:21,774.88,796.0,2.6532663316582923,5881,36
09/15/2026,14:14:21,774.88,796.0,2.6532663316582923,5882,33
09/15/2026,14:14:21,774.88,796.0,2.6532663316582923,5883,25
09/15/2026,14:14:21,774.88,796.0,2.6532663316582923,5884,21
09/15/2026,14:14:21,774.88,796.0,2.6532663316582923,5885,31
09/15/2026,14:14:21,774.88,796.0,2.6532663316582923,5886,31
09/15/2026,14:14:21,774.88,796.0,2.6532663316582923,5887,21
09/15/2026,14:14:21,774.88,796.0,2.6532663316582923,5888,27
09/15/2026,14:14:21,774.88,796.0,2.6532663316582923,5889,26
09/15/2026,14:14:21,774.88,796.0,2.6532663316582923,5890,26
09/15/2026,14:14:21,774.88,796.0,2.6532663316582923,5891,21
09/15/2026,14:14:21,774.88,796.0,2.6532663316582923,5892,32
09/15/2026,14:14:21,774.88,796.0,2.6532663316582923,5893,30
09/15/2026,14:14:21,774.88,796.0,2.6532663316582923,5894,33
09/15/2026,14:14:21,774.88,796.0,2.6532663316582923,5895,22
09/15/2026,14:14:21,774.88,796.0,2.6532663316582923,5896,25
09/15/2026,14:14:21,774.88,796.0,2.6532663316582923,5897,33
09/15/2026,14:14:21,774.88,796.0,2.6532663316582923,5898,24
09/15/2026,14:14:21,774.88,796.0,2.6532663316582923,5899,24
09/15/2026,14:14:21,774.88,796.0,2.6532663316582923,5900,34
09/15/2026,14:14:21,774.88,796.0,2.6532663316582923,5901,17
09/15/2026,14:14:21,774.88,796.0,2.6532663316582923,5902,34
09/15/2026,14:14:21,774.88,796.0,2.6532663316582923,5903,35
09/15/2026,14:14:21,774.88,796.0,2.6532663316582923,5904,22
09/15/2026,14:14:21,774.88,796.0,2.6532663316582923,5905,32
09/15/2026,14:14:21,774.88,796.0,2.6532663316582923,5906,26
09/15/2026,14:14:21,774.88,796.0,2.6532663316582923,5907,20
09/15/2026,14:14:21,774.88,796.0,2.6532663316582923,5908,25
09/15/2026,14:14:21,774.88,796.0,2.6532663316582923,5909,40
09/15/2026,14:14:21,774.88,796.0,2.6532663316582923,5910,24
09/15/2026,14:14:21,774.88,796.0,2.6532663316582923,5911,26
09/15/2026,14:14:21,774.88,796.0,2.6532663316582923,5912,24
09/15/2026,14:14:21,774.88,796.0,2.6532663316582923,5913,34
09/15/2026,14:14:21,774.88,796.0,2.6532663316582923,5914,42
09/15/2026,14:14:21,774.88,796.0,2.6532663316582923,5915,28
09/15/2026,14:14:21,774.88,796.0,2.6532663316582923,5916,25
09/15/2026,14:14:21,774.88,796.0,2.6532663316582923,5917,25
09/15/2026,14:14:21,774.88,796.0,2.6532663316582923,5918,24
09/15/2026,14:14:21,774.88,796.0,2.6532663316582923,5919,25
09/15/2026,14:14:21,774.88,796.0,2.6532663316582923,5920,25
09/15/2026,14:14:21,774.88,796.0,2.6532663316582923,5921,28
09/15/2026,14:14:21,774.88,796.0,2.6532663316582923,5922,23
09/15/2026,14:14:21,774.88,796.0,2.6532663316582923,5923,30
09/15/2026,14:14:21,774.88,796.0,2.6532663316582923,5924,28
09/15/2026,14:14:21,774.88,796.0,2.6532663316582923,5925,24
09/15/2026,14:14:21,774.88,796.0,2.6532663316582923,5926,21
09/15/2026,14:14:21,774.88,796.0,2.6532663316582923,5927,20
09/15/2026,14:14:21,774.88,796.0,2.6532663316582923,5928,26
09/15/2026,14:14:21,774.88,796.0,2.6532663316582923,5929,36
09/15/2026,14:14:21,774.88,796.0,2.6532663316582923,5930,24
09/15/2026,14:14:21,774.88,796.0,2.6532663316582923,5931,28
09/15/2026,14:14:21,774.88,796.0,2.6532663316582923,5932,24
09/15/2026,14:14:21,774.88,796.0,2.6532663316582923,5933,25
09/15/2026,14:14:21,774.88,796.0,2.6532663316582923,5934,27
09/15/2026,14:14:21,774.88,796.0,2.6532663316582923,5935,30
09/15/2026,14:14:21,774.88,796.0,2.6532663316582923,5936,27
09/15/2026,14:14:21,774.88,796.0,2.6532663316582923,5937,21
09/15/2026,14:14:21,774.88,796.0,2.6532663316582923,5938,22
09/15/2026,14:14:21,774.88,796.0,2.6532663316582923,5939,24
09/15/2026,14:14:21,774.88,796.0,2.6532663316582923,5940,23
09/15/2026,14:14:21,774.88,796.0,2.6532663316582923,5941,31
09/15/2026,14:14:21,774.88,796.0,2.6532663316582923,5942,41
09/15/2026,14:14:21,774.88,796.0,2.6532663316582923,5943,26
09/15/2026,14:14:21,774.88,796.0,2.6532663316582923,5944,24
09/15/2026,14:14:21,774.88,796.0,2.6532663316582923,5945,27
09/15/2026,14:14:21,774.88,796.0,2.6532663316582923,5946,30
09/15/2026,14:14:21,774.88,796.0,2.6532663316582923,5947,20
09/15/2026,14:14:21,774.88,796.0,2.6532663316582923,5948,29
09/15/2026,14:14:21,774.88,796.0,2.6532663316582923,5949,19
09/15/2026,14:14:21,774.88,796.0,2.6532663316582923,5950,18
09/15/2026,14:14:21,774.88,796.0,2.6532663316582923,5951,28
09/15/2026,14:14:21,774.88,796.0,2.6532663316582923,5952,26
09/15/2026,14:14:21,774.88,796.0,2.6532663316582923,5953,18
09/15/2026,14:14:21,774.88,796.0,2.6532663316582923,5954,22
09/15/2026,14:14:21,774.88,796.0,2.6532663316582923,5955,23
09/15/2026,14:14:21,774.88,796.0,2.6532663316582923,5956,28
09/15/2026,14:14:21,774.88,796.0,2.6532663316582923,5957,23
09/15/2026,14:14:21,774.88,796.0,2.6532663316582923,5958,26
09/15/2026,14:14:21,774.88,796.0,2.6532663316582923,5959,20
09/15/2026,14:14:21,774.88,796.0,2.6532663316582923,5960,22
09/15/2026,14:14:21,774.88,796.0,2.6532663316582923,5961,15
09/15/2026,14:14:21,774.88,796.0,2.6532663316582923,5962,26
09/15/2026,14:14:21,774.88,796.0,2.6532663316582923,5963,31
09/15/2026,14:14:21,774.88,796.0,2.6532663316582923,5964,31
09/15/2026,14:14:21,774.88,796.0,2.6532663316582923,5965,28
09/15/2026,14:14:21,774.88,796.0,2.6532663316582923,5966,21
09/15/2026,14:14:21,774.88,796.0,2.6532663316582923,5967,22
09/15/2026,14:14:21,774.88,796.0,2.6532663316582923,5968,18
09/15/2026,14:14:21,774.88,796.0,2.6532663316582923,5969,24
09/15/2026,14:14:21,774.88,796.0,2.6532663316582923,5970,35
09/15/2026,14:14:21,774.88,796.0,2.6532663316582923,5971,41
09/15/2026,14:14:21,774.88,796.0,2.6532663316582923,5972,26
09/15/2026,14:14:21,774.88,796.0,2.6532663316582923,5973,21
09/15/2026,14:14:21,774.88,796.0,2.6532663316582923,5974,28
09/15/2026,14:14:21,774.88,796.0,2.6532663316582923,5975,24
09/15/2026,14:14:21,774.88,796.0,2.6532663316582923,5976,29
09/15/2026,14:14:21,774.88,796.0,2.6532663316582923,5977,35
09/15/2026,14:14:21,774.88,796.0,2.6532663316582923,5978,28
09/15/2026,14:14:21,774.88,796.0,2.6532663316582923,5979,26
09/15/2026,14:14:21,774.88,796.0,2.6532663316582923,5980,27
09/15/2026,14:14:21,774.88,796.0,2.6532663316582923,5981,23
09/15/2026,14:14:21,774.88,796.0,2.6532663316582923,5982,36
09/15/2026,14:14:21,774.88,796.0,2.6532663316582923,5983,29
09/15/2026,14:14:21,774.88,796.0,2.6532663316582923,5984,25
09/15/2026,14:14:21,774.88,796.0,2.6532663316582923,5985,24
09/15/2026,14:14:21,774.88,796.0,2.6532663316582923,5986,18
09/15/2026,14:14:21,774.88,796.0,2.6532663316582923,5987,32
09/15/2026,14:14:21,774.88,796.0,2.6532663316582923,5988,22
09/15/2026,14:14:21,774.88,796.0,2.6532663316582923,5989,23
09/15/2026,14:14:21,774.88,796.0,2.6532663316582923,5990,23
09/15/2026,14:14:21,774.88,796.0,2.6532663316582923,5991,28
09/15/2026,14:14:21,774.88,796.0,2.6532663316582923,5992,25
09/15/2026,14:14:21,774.88,796.0,2.6532663316582923,5993,22
09/15/2026,14:14:21,774.88,796.0,2.6532663316582923,5994,29
09/15/2026,14:14:21,774.88,796.0,2.6532663316582923,5995,33
09/15/2026,14:14:21,774.88,796.0,2.6532663316582923,5996,24
09/15/2026,14:14:21,774.88,796.0,2.6532663316582923,5997,21
09/15/2026,14:14:21,774.88,796.0,2.6532663316582923,5998,29
09/15/2026,14:14:21,774.88,796.0,2.6532663316582923,5999,27
09/15/2026,14:14:21,774.88,796.0,2.6532663316582923,6000,36
09/15/2026,14:14:21,774.88,796.0,2.6532663316582923,6001,26
09/15/2026,14:14:21,774.88,796.0,2.6532663316582923,6002,19
09/15/2026,14:14:21,774.88,796.0,2.6532663316582923,6003,32
09/15/2026,14:14:21,774.88,796.0,2.6532663316582923,6004,26
09/15/2026,14:14:21,774.88,796.0,2.6532663316582923,6005,27
09/15/2026,14:14:21,774.88,796.0,2.6532663316582923,6006,29
09/15/2026,14:14:21,774.88,796.0,2.6532663316582923,6007,24
09/15/2026,14:14:21,774.88,796.0,2.6532663316582923,6008,30
09/15/2026,14:14:21,774.88,796.0,2.6532663316582923,6009,25
09/15/2026,14:14:21,774.88,796.0,2.6532663316582923,6010,22
09/15/2026,14:14:21,774.88,796.0,2.6532663316582923,6011,24
09/15/2026,14:14:21,774.88,796.0,2.6532663316582923,6012,31
09/15/2026,14:14:21,774.88,796.0,2.6532663316582923,6013,24
09/15/2026,14:14:21,774.88,796.0,2.6532663316582923,6014,19
09/15/2026,14:14:21,774.88,796.0,2.6532663316582923,6015,18
09/15/2026,14:14:21,774.88,796.0,2.6532663316582923,6016,32
09/15/2026,14:14:21,774.88,796.0,2.6532663316582923,6017,14
09/15/2026,14:14:21,774.88,796.0,2.6532663316582923,6018,29
09/15/2026,14:14:21,774.88,796.0,2.6532663316582923,6019,23
09/15/2026,14:14:21,774.88,796.0,2.6532663316582923,6020,33
09/15/2026,14:14:21,774.88,796.0,2.6532663316582923,6021,25
09/15/2026,14:14:21,774.88,796.0,2.6532663316582923,6022,30
09/15/2026,14:14:21,774.88,796.0,2.6532663316582923,6023,26
09/15/2026,14:14:21,774.88,796.0,2.6532663316582923,6024,10
09/15/2026,14:14:21,774.88,796.0,2.6532663316582923,6025,31
09/15/2026,14:14:21,774.88,796.0,2.6532663316582923,6026,41
09/15/2026,14:14:21,774.88,796.0,2.6532663316582923,6027,31
09/15/2026,14:14:21,774.88,796.0,2.6532663316582923,6028,21
09/15/2026,14:14:21,774.88,796.0,2.6532663316582923,6029,28
09/15/2026,14:14:21,774.88,796.0,2.6532663316582923,6030,34
09/15/2026,14:14:21,774.88,796.0,2.6532663316582923,6031,22
09/15/2026,14:14:21,774.88,796.0,2.6532663316582923,6032,26
09/15/2026,14:14:21,774.88,796.0,2.6532663316582923,6033,24
09/15/2026,14:14:21,774.88,796.0,2.6532663316582923,6034,33
09/15/2026,14:14:21,774.88,796.0,2.6532663316582923,6035,31
09/15/2026,14:14:21,774.88,796.0,2.6532663316582923,6036,31
09/15/2026,14:14:21,774.88,796.0,2.6532663316582923,6037,27
09/15/2026,14:14:21,774.88,796.0,2.6532663316582923,6038,30
09/15/2026,14:14:21,774.88,796.0,2.6532663316582923,6039,26
09/15/2026,14:14:21,774.88,796.0,2.6532663316582923,6040,21
09/15/2026,14:14:21,774.88,796.0,2.6532663316582923,6041,23
09/15/2026,14:14:21,774.88,796.0,2.6532663316582923,6042,26
09/15/2026,14:14:21,774.88,796.0,2.6532663316582923,6043,20
09/15/2026,14:14:21,774.88,796.0,2.6532663316582923,6044,38
09/15/2026,14:14:21,774.88,796.0,2.6532663316582923,6045,28
09/15/2026,14:14:21,774.88,796.0,2.6532663316582923,6046,30
09/15/2026,14:14:21,774.88,796.0,2.6532663316582923,6047,27
09/15/2026,14:14:21,774.88,796.0,2.6532663316582923,6048,27
09/15/2026,14:14:21,774.88,796.0,2.6532663316582923,6049,37
09/15/2026,14:14:21,774.88,796.0,2.6532663316582923,6050,28
09/15/2026,14:14:21,774.88,796.0,2.6532663316582923,6051,25
09/15/2026,14:14:21,774.88,796.0,2.6532663316582923,6052,26
09/15/2026,14:14:21,774.88,796.0,2.6532663316582923,6053,26
09/15/2026,14:14:21,774.88,796.0,2.6532663316582923,6054,26
09/15/2026,14:14:21,774.88,796.0,2.6532663316582923,6055,32
09/15/2026,14:14:21,774.88,796.0,2.6532663316582923,6056,27
09/15/2026,14:14:21,774.88,796.0,2.6532663316582923,6057,29
09/15/2026,14:14:21,774.88,796.0,2.6532663316582923,6058,16
09/15/2026,14:14:21,774.88,796.0,2.6532663316582923,6059,26
09/15/2026,14:14:21,774.88,796.0,2.6532663316582923,6060,26
09/15/2026,14:14:21,774.88,796.0,2.6532663316582923,6061,24
09/15/2026,14:14:21,774.88,796.0,2.6532663316582923,6062,25
09/15/2026,14:14:21,774.88,796.0,2.6532663316582923,6063,17
09/15/2026,14:14:21,774.88,796.0,2.6532663316582923,6064,32
09/15/2026,14:14:21,774.88,796.0,2.6532663316582923,6065,24
09/15/2026,14:14:21,774.88,796.0,2.6532663316582923,6066,26
09/15/2026,14:14:21,774.88,796.0,2.6532663316582923,6067,27
09/15/2026,14:14:21,774.88,796.0,2.6532663316582923,6068,24
09/15/2026,14:14:21,774.88,796.0,2.6532663316582923,6069,33
09/15/2026,14:14:21,774.88,796.0,2.6532663316582923,6070,19
09/15/2026,14:14:21,774.88,796.0,2.6532663316582923,6071,30
09/15/2026,14:14:21,774.88,796.0,2.6532663316582923,6072,22
09/15/2026,14:14:21,774.88,796.0,2.6532663316582923,6073,27
09/15/2026,14:14:21,774.88,796.0,2.6532663316582923,6074,24
09/15/2026,14:14:21,774.88,796.0,2.6532663316582923,6075,29
09/15/2026,14:14:21,774.88,796.0,2.6532663316582923,6076,33
09/15/2026,14:14:21,774.88,796.0,2.6532663316582923,6077,24
09/15/2026,14:14:21,774.88,796.0,2.6532663316582923,6078,22
09/15/2026,14:14:21,774.88,796.0,2.6532663316582923,6079,29
09/15/2026,14:14:21,774.88,796.0,2.6532663316582923,6080,34
09/15/2026,14:14:21,774.88,796.0,2.6532663316582923,6081,23
09/15/2026,14:14:21,774.88,796.0,2.6532663316582923,6082,19
09/15/2026,14:14:21,774.88,796.0,2.6532663316582923,6083,23
09/15/2026,14:14:21,774.88,796.0,2.6532663316582923,6084,21
09/15/2026,14:14:21,774.88,796.0,2.6532663316582923,6085,23
09/15/2026,14:14:21,774.88,796.0,2.6532663316582923,6086,27
09/15/2026,14:14:21,774.88,796.0,2.6532663316582923,6087,23
09/15/2026,14:14:21,774.88,796.0,2.6532663316582923,6088,22
09/15/2026,14:14:21,774.88,796.0,2.6532663316582923,6089,30
09/15/2026,14:14:21,774.88,796.0,2.6532663316582923,6090,16
09/15/2026,14:14:21,774.88,796.0,2.6532663316582923,6091,26
09/15/2026,14:14:21,774.88,796.0,2.6532663316582923,6092,40
09/15/2026,14:14:21,774.88,796.0,2.6532663316582923,6093,28
09/15/2026,14:14:21,774.88,796.0,2.6532663316582923,6094,35
09/15/2026,14:14:21,774.88,796.0,2.6532663316582923,6095,34
09/15/2026,14:14:21,774.88,796.0,2.6532663316582923,6096,12
09/15/2026,14:14:21,774.88,796.0,2.6532663316582923,6097,26
09/15/2026,14:14:21,774.88,796.0,2.6532663316582923,6098,29
09/15/2026,14:14:21,774.88,796.0,2.6532663316582923,6099,37
09/15/2026,14:14:21,774.88,796.0,2.6532663316582923,6100,24
09/15/2026,14:14:21,774.88,796.0,2.6532663316582923,6101,20
09/15/2026,14:14:21,774.88,796.0,2.6532663316582923,6102,25
09/15/2026,14:14:21,774.88,796.0,2.6532663316582923,6103,26
09/15/2026,14:14:21,774.88,796.0,2.6532663316582923,6104,18
09/15/2026,14:14:21,774.88,796.0,2.6532663316582923,6105,22
09/15/2026,14:14:21,774.88,796.0,2.6532663316582923,6106,24
09/15/2026,14:14:21,774.88,796.0,2.6532663316582923,6107,29
09/15/2026,14:14:21,774.88,796.0,2.6532663316582923,6108,26
09/15/2026,14:14:21,774.88,796.0,2.6532663316582923,6109,16
09/15/2026,14:14:21,774.88,796.0,2.6532663316582923,6110,25
09/15/2026,14:14:21,774.88,796.0,2.6532663316582923,6111,27
09/15/2026,14:14:21,774.88,796.0,2.6532663316582923,6112,22
09/15/2026,14:14:21,774.88,796.0,2.6532663316582923,6113,38
09/15/2026,14:14:21,774.88,796.0,2.6532663316582923,6114,23
09/15/2026,14:14:21,774.88,796.0,2.6532663316582923,6115,21
09/15/2026,14:14:21,774.88,796.0,2.6532663316582923,6116,29
09/15/2026,14:14:21,774.88,796.0,2.6532663316582923,6117,32
09/15/2026,14:14:21,774.88,796.0,2.6532663316582923,6118,26
09/15/2026,14:14:21,774.88,796.0,2.6532663316582923,6119,26
09/15/2026,14:14:21,774.88,796.0,2.6532663316582923,6120,20
09/15/2026,14:14:21,774.88,796.0,2.6532663316582923,6121,26
09/15/2026,14:14:21,774.88,796.0,2.6532663316582923,6122,20
09/15/2026,14:14:21,774.88,796.0,2.6532663316582923,6123,31
09/15/2026,14:14:21,774.88,796.0,2.6532663316582923,6124,28
09/15/2026,14:14:21,774.88,796.0,2.6532663316582923,6125,29
09/15/2026,14:14:21,774.88,796.0,2.6532663316582923,6126,20
09/15/2026,14:14:21,774.88,796.0,2.6532663316582923,6127,14
09/15/2026,14:14:21,774.88,796.0,2.6532663316582923,6128,23
09/15/2026,14:14:21,774.88,796.0,2.6532663316582923,6129,32
09/15/2026,14:14:21,774.88,796.0,2.6532663316582923,6130,24
09/15/2026,14:14:21,774.88,796.0,2.6532663316582923,6131,23
09/15/2026,14:14:21,774.88,796.0,2.6532663316582923,6132,27
09/15/2026,14:14:21,774.88,796.0,2.6532663316582923,6133,34
09/15/2026,14:14:21,774.88,796.0,2.6532663316582923,6134,20
09/15/2026,14:14:21,774.88,796.0,2.6532663316582923,6135,26
09/15/2026,14:14:21,774.88,796.0,2.6532663316582923,6136,24
09/15/2026,14:14:21,774.88,796.0,2.6532663316582923,6137,23
09/15/2026,14:14:21,774.88,796.0,2.6532663316582923,6138,23
09/15/2026,14:14:21,774.88,796.0,2.6532663316582923,6139,26
09/15/2026,14:14:21,774.88,796.0,2.6532663316582923,6140,29
09/15/2026,14:14:21,774.88,796.0,2.6532663316582923,6141,31
09/15/2026,14:14:21,774.88,796.0,2.6532663316582923,6142,27
09/15/2026,14:14:21,774.88,796.0,2.6532663316582923,6143,27
09/15/2026,14:14:21,774.88,796.0,2.6532663316582923,6144,20
09/15/2026,14:14:21,774.88,796.0,2.6532663316582923,6145,29
09/15/2026,14:14:21,774.88,796.0,2.6532663316582923,6146,20
09/15/2026,14:14:21,774.88,796.0,2.6532663316582923,6147,30
09/15/2026,14:14:21,774.88,796.0,2.6532663316582923,6148,23
09/15/2026,14:14:21,774.88,796.0,2.6532663316582923,6149,26
09/15/2026,14:14:21,774.88,796.0,2.6532663316582923,6150,27
09/15/2026,14:14:21,774.88,796.0,2.6532663316582923,6151,14
09/15/2026,14:14:21,774.88,796.0,2.6532663316582923,6152,25
09/15/2026,14:14:21,774.88,796.0,2.6532663316582923,6153,21
09/15/2026,14:14:21,774.88,796.0,2.6532663316582923,6154,30
09/15/2026,14:14:21,774.88,796.0,2.6532663316582923,6155,28
09/15/2026,14:14:21,774.88,796.0,2.6532663316582923,6156,24
09/15/2026,14:14:21,774.88,796.0,2.6532663316582923,6157,21
09/15/2026,14:14:21,774.88,796.0,2.6532663316582923,6158,27
09/15/2026,14:14:21,774.88,796.0,2.6532663316582923,6159,19
09/15/2026,14:14:21,774.88,796.0,2.6532663316582923,6160,29
09/15/2026,14:14:21,774.88,796.0,2.6532663316582923,6161,31
09/15/2026,14:14:21,774.88,796.0,2.6532663316582923,6162,32
09/15/2026,14:14:21,774.88,796.0,2.6532663316582923,6163,25
09/15/2026,14:14:21,774.88,796.0,2.6532663316582923,6164,33
09/15/2026,14:14:21,774.88,796.0,2.6532663316582923,6165,24
09/15/2026,14:14:21,774.88,796.0,2.6532663316582923,6166,19
09/15/2026,14:14:21,774.88,796.0,2.6532663316582923,6167,14
09/15/2026,14:14:21,774.88,796.0,2.6532663316582923,6168,31
09/15/2026,14:14:21,774.88,796.0,2.6532663316582923,6169,26
09/15/2026,14:14:21,774.88,796.0,2.6532663316582923,6170,35
09/15/2026,14:14:21,774.88,796.0,2.6532663316582923,6171,18
09/15/2026,14:14:21,774.88,796.0,2.6532663316582923,6172,26
09/15/2026,14:14:21,774.88,796.0,2.6532663316582923,6173,29
09/15/2026,14:14:21,774.88,796.0,2.6532663316582923,6174,27
09/15/2026,14:14:21,774.88,796.0,2.6532663316582923,6175,16
09/15/2026,14:14:21,774.88,796.0,2.6532663316582923,6176,28
09/15/2026,14:14:21,774.88,796.0,2.6532663316582923,6177,22
09/15/2026,14:14:21,774.88,796.0,2.6532663316582923,6178,13
09/15/2026,14:14:21,774.88,796.0,2.6532663316582923,6179,22
09/15/2026,14:14:21,774.88,796.0,2.6532663316582923,6180,38
09/15/2026,14:14:21,774.88,796.0,2.6532663316582923,6181,19
09/15/2026,14:14:21,774.88,796.0,2.6532663316582923,6182,17
09/15/2026,14:14:21,774.88,796.0,2.6532663316582923,6183,21
09/15/2026,14:14:21,774.88,796.0,2.6532663316582923,6184,30
09/15/2026,14:14:21,774.88,796.0,2.6532663316582923,6185,19
09/15/2026,14:14:21,774.88,796.0,2.6532663316582923,6186,25
09/15/2026,14:14:21,774.88,796.0,2.6532663316582923,6187,24
09/15/2026,14:14:21,774.88,796.0,2.6532663316582923,6188,35
09/15/2026,14:14:21,774.88,796.0,2.6532663316582923,6189,21
09/15/2026,14:14:21,774.88,796.0,2.6532663316582923,6190,25
09/15/2026,14:14:21,774.88,796.0,2.6532663316582923,6191,29
09/15/2026,14:14:21,774.88,796.0,2.6532663316582923,6192,25
09/15/2026,14:14:21,774.88,796.0,2.6532663316582923,6193,15
09/15/2026,14:14:21,774.88,796.0,2.6532663316582923,6194,35
09/15/2026,14:14:21,774.88,796.0,2.6532663316582923,6195,25
09/15/2026,14:14:21,774.88,796.0,2.6532663316582923,6196,19
09/15/2026,14:14:21,774.88,796.0,2.6532663316582923,6197,23
09/15/2026,14:14:21,774.88,796.0,2.6532663316582923,6198,28
09/15/2026,14:14:21,774.88,796.0,2.6532663316582923,6199,28
09/15/2026,14:14:21,774.88,796.0,2.6532663316582923,6200,20
09/15/2026,14:14:21,774.88,796.0,2.6532663316582923,6201,19
09/15/2026,14:14:21,774.88,796.0,2.6532663316582923,6202,24
09/15/2026,14:14:21,774.88,796.0,2.6532663316582923,6203,19
09/15/2026,14:14:21,774.88,796.0,2.6532663316582923,6204,31
09/15/2026,14:14:21,774.88,796.0,2.6532663316582923,6205,29
09/15/2026,14:14:21,774.88,796.0,2.6532663316582923,6206,18
09/15/2026,14:14:21,774.88,796.0,2.6532663316582923,6207,20
09/15/2026,14:14:21,774.88,796.0,2.6532663316582923,6208,26
09/15/2026,14:14:21,774.88,796.0,2.6532663316582923,6209,27
09/15/2026,14:14:21,774.88,796.0,2.6532663316582923,6210,15
09/15/2026,14:14:21,774.88,796.0,2.6532663316582923,6211,27
09/15/2026,14:14:21,774.88,796.0,2.6532663316582923,6212,23
09/15/2026,14:14:21,774.88,796.0,2.6532663316582923,6213,23
09/15/2026,14:14:21,774.88,796.0,2.6532663316582923,6214,24
09/15/2026,14:14:21,774.88,796.0,2.6532663316582923,6215,22
09/15/2026,14:14:21,774.88,796.0,2.6532663316582923,6216,21
09/15/2026,14:14:21,774.88,796.0,2.6532663316582923,6217,22
09/15/2026,14:14:21,774.88,796.0,2.6532663316582923,6218,20
09/15/2026,14:14:21,774.88,796.0,2.6532663316582923,6219,24
09/15/2026,14:14:21,774.88,796.0,2.6532663316582923,6220,26
09/15/2026,14:14:21,774.88,796.0,2.6532663316582923,6221,29
09/15/2026,14:14:21,774.88,796.0,2.6532663316582923,6222,35
09/15/2026,14:14:21,774.88,796.0,2.6532663316582923,6223,18
09/15/2026,14:14:21,774.88,796.0,2.6532663316582923,6224,29
09/15/2026,14:14:21,774.88,796.0,2.6532663316582923,6225,22
09/15/2026,14:14:21,774.88,796.0,2.6532663316582923,6226,14
09/15/2026,14:14:21,774.88,796.0,2.6532663316582923,6227,25
09/15/2026,14:14:21,774.88,796.0,2.6532663316582923,6228,22
09/15/2026,14:14:21,774.88,796.0,2.6532663316582923,6229,20
09/15/2026,14:14:21,774.88,796.0,2.6532663316582923,6230,22
09/15/2026,14:14:21,774.88,796.0,2.6532663316582923,6231,25
09/15/2026,14:14:21,774.88,796.0,2.6532663316582923,6232,24
09/15/2026,14:14:21,774.88,796.0,2.6532663316582923,6233,17
09/15/2026,14:14:21,774.88,796.0,2.6532663316582923,6234,29
09/15/2026,14:14:21,774.88,796.0,2.6532663316582923,6235,21
09/15/2026,14:14:21,774.88,796.0,2.6532663316582923,6236,20
09/15/2026,14:14:21,774.88,796.0,2.6532663316582923,6237,26
09/15/2026,14:14:21,774.88,796.0,2.6532663316582923,6238,29
09/15/2026,14:14:21,774.88,796.0,2.6532663316582923,6239,22
09/15/2026,14:14:21,774.88,796.0,2.6532663316582923,6240,21
09/15/2026,14:14:21,774.88,796.0,2.6532663316582923,6241,20
09/15/2026,14:14:21,774.88,796.0,2.6532663316582923,6242,28
09/15/2026,14:14:21,774.88,796.0,2.6532663316582923,6243,21
09/15/2026,14:14:21,774.88,796.0,2.6532663316582923,6244,24
09/15/2026,14:14:21,774.88,796.0,2.6532663316582923,6245,15
09/15/2026,14:14:21,774.88,796.0,2.6532663316582923,6246,20
09/15/2026,14:14:21,774.88,796.0,2.6532663316582923,6247,17
09/15/2026,14:14:21,774.88,796.0,2.6532663316582923,6248,28
09/15/2026,14:14:21,774.88,796.0,2.6532663316582923,6249,26
09/15/2026,14:14:21,774.88,796.0,2.6532663316582923,6250,25
09/15/2026,14:14:21,774.88,796.0,2.6532663316582923,6251,28
09/15/2026,14:14:21,774.88,796.0,2.6532663316582923,6252,21
09/15/2026,14:14:21,774.88,796.0,2.6532663316582923,6253,23
09/15/2026,14:14:21,774.88,796.0,2.6532663316582923,6254,21
09/15/2026,14:14:21,774.88,796.0,2.6532663316582923,6255,16
09/15/2026,14:14:21,774.88,796.0,2.6532663316582923,6256,14
09/15/2026,14:14:21,774.88,796.0,2.6532663316582923,6257,18
09/15/2026,14:14:21,774.88,796.0,2.6532663316582923,6258,29
09/15/2026,14:14:21,774.88,796.0,2.6532663316582923,6259,22
09/15/2026,14:14:21,774.88,796.0,2.6532663316582923,6260,22
09/15/2026,14:14:21,774.88,796.0,2.6532663316582923,6261,15
09/15/2026,14:14:21,774.88,796.0,2.6532663316582923,6262,15
09/15/2026,14:14:21,774.88,796.0,2.6532663316582923,6263,14
09/15/2026,14:14:21,774.88,796.0,2.6532663316582923,6264,18
09/15/2026,14:14:21,774.88,796.0,2.6532663316582923,6265,20
09/15/2026,14:14:21,774.88,796.0,2.6532663316582923,6266,15
09/15/2026,14:14:21,774.88,796.0,2.6532663316582923,6267,15
09/15/2026,14:14:21,774.88,796.0,2.6532663316582923,6268,21
09/15/2026,14:14:21,774.88,796.0,2.6532663316582923,6269,23
09/15/2026,14:14:21,774.88,796.0,2.6532663316582923,6270,21
09/15/2026,14:14:21,774.88,796.0,2.6532663316582923,6271,22
09/15/2026,14:14:21,774.88,796.0,2.6532663316582923,6272,24
09/15/2026,14:14:21,774.88,796.0,2.6532663316582923,6273,17
09/15/2026,14:14:21,774.88,796.0,2.6532663316582923,6274,25
09/15/2026,14:14:21,774.88,796.0,2.6532663316582923,6275,26
09/15/2026,14:14:21,774.88,796.0,2.6532663316582923,6276,19
09/15/2026,14:14:21,774.88,796.0,2.6532663316582923,6277,14
09/15/2026,14:14:21,774.88,796.0,2.6532663316582923,6278,26
09/15/2026,14:14:21,774.88,796.0,2.6532663316582923,6279,19
09/15/2026,14:14:21,774.88,796.0,2.6532663316582923,6280,23
09/15/2026,14:14:21,774.88,796.0,2.6532663316582923,6281,25
09/15/2026,14:14:21,774.88,796.0,2.6532663316582923,6282,23
09/15/2026,14:14:21,774.88,796.0,2.6532663316582923,6283,28
09/15/2026,14:14:21,774.88,796.0,2.6532663316582923,6284,27
09/15/2026,14:14:21,774.88,796.0,2.6532663316582923,6285,19
09/15/2026,14:14:21,774.88,796.0,2.6532663316582923,6286,22
09/15/2026,14:14:21,774.88,796.0,2.6532663316582923,6287,14
09/15/2026,14:14:21,774.88,796.0,2.6532663316582923,6288,27
09/15/2026,14:14:21,774.88,796.0,2.6532663316582923,6289,22
09/15/2026,14:14:21,774.88,796.0,2.6532663316582923,6290,14
09/15/2026,14:14:21,774.88,796.0,2.6532663316582923,6291,21
09/15/2026,14:14:21,774.88,796.0,2.6532663316582923,6292,16
09/15/2026,14:14:21,774.88,796.0,2.6532663316582923,6293,20
09/15/2026,14:14:21,774.88,796.0,2.6532663316582923,6294,22
09/15/2026,14:14:21,774.88,796.0,2.6532663316582923,6295,29
09/15/2026,14:14:21,774.88,796.0,2.6532663316582923,6296,14
09/15/2026,14:14:21,774.88,796.0,2.6532663316582923,6297,21
09/15/2026,14:14:21,774.88,796.0,2.6532663316582923,6298,19
09/15/2026,14:14:21,774.88,796.0,2.6532663316582923,6299,19
09/15/2026,14:14:21,774.88,796.0,2.6532663316582923,6300,20
09/15/2026,14:14:21,774.88,796.0,2.6532663316582923,6301,25
09/15/2026,14:14:21,774.88,796.0,2.6532663316582923,6302,16
09/15/2026,14:14:21,774.88,796.0,2.6532663316582923,6303,26
09/15/2026,14:14:21,774.88,796.0,2.6532663316582923,6304,18
09/15/2026,14:14:21,774.88,796.0,2.6532663316582923,6305,14
09/15/2026,14:14:21,774.88,796.0,2.6532663316582923,6306,20
09/15/2026,14:14:21,774.88,796.0,2.6532663316582923,6307,13
09/15/2026,14:14:21,774.88,796.0,2.6532663316582923,6308,20
09/15/2026,14:14:21,774.88,796.0,2.6532663316582923,6309,16
09/15/2026,14:14:21,774.88,796.0,2.6532663316582923,6310,16
09/15/2026,14:14:21,774.88,796.0,2.6532663316582923,6311,20
09/15/2026,14:14:21,774.88,796.0,2.6532663316582923,6312,28
09/15/2026,14:14:21,774.88,796.0,2.6532663316582923,6313,28
09/15/2026,14:14:21,774.88,796.0,2.6532663316582923,6314,27
09/15/2026,14:14:21,774.88,796.0,2.6532663316582923,6315,18
09/15/2026,14:14:21,774.88,796.0,2.6532663316582923,6316,17
09/15/2026,14:14:21,774.88,796.0,2.6532663316582923,6317,14
09/15/2026,14:14:21,774.88,796.0,2.6532663316582923,6318,19
09/15/2026,14:14:21,774.88,796.0,2.6532663316582923,6319,14
09/15/2026,14:14:21,774.88,796.0,2.6532663316582923,6320,22
09/15/2026,14:14:21,774.88,796.0,2.6532663316582923,6321,10
09/15/2026,14:14:21,774.88,796.0,2.6532663316582923,6322,14
09/15/2026,14:14:21,774.88,796.0,2.6532663316582923,6323,21
09/15/2026,14:14:21,774.88,796.0,2.6532663316582923,6324,14
09/15/2026,14:14:21,774.88,796.0,2.6532663316582923,6325,29
09/15/2026,14:14:21,774.88,796.0,2.6532663316582923,6326,24
09/15/2026,14:14:21,774.88,796.0,2.6532663316582923,6327,19
09/15/2026,14:14:21,774.88,796.0,2.6532663316582923,6328,21
09/15/2026,14:14:21,774.88,796.0,2.6532663316582923,6329,12
09/15/2026,14:14:21,774.88,796.0,2.6532663316582923,6330,14
09/15/2026,14:14:21,774.88,796.0,2.6532663316582923,6331,16
09/15/2026,14:14:21,774.88,796.0,2.6532663316582923,6332,25
09/15/2026,14:14:21,774.88,796.0,2.6532663316582923,6333,14
09/15/2026,14:14:21,774.88,796.0,2.6532663316582923,6334,14
09/15/2026,14:14:21,774.88,796.0,2.6532663316582923,6335,18
09/15/2026,14:14:21,774.88,796.0,2.6532663316582923,6336,26
09/15/2026,14:14:21,774.88,796.0,2.6532663316582923,6337,21
09/15/2026,14:14:21,774.88,796.0,2.6532663316582923,6338,25
09/15/2026,14:14:21,774.88,796.0,2.6532663316582923,6339,23
09/15/2026,14:14:21,774.88,796.0,2.6532663316582923,6340,13
09/15/2026,14:14:21,774.88,796.0,2.6532663316582923,6341,18
09/15/2026,14:14:21,774.88,796.0,2.6532663316582923,6342,17
09/15/2026,14:14:21,774.88,796.0,2.6532663316582923,6343,20
09/15/2026,14:14:21,774.88,796.0,2.6532663316582923,6344,9
09/15/2026,14:14:21,774.88,796.0,2.6532663316582923,6345,20
09/15/2026,14:14:21,774.88,796.0,2.6532663316582923,6346,22
09/15/2026,14:14:21,774.88,796.0,2.6532663316582923,6347,15
09/15/2026,14:14:21,774.88,796.0,2.6532663316582923,6348,9
09/15/2026,14:14:21,774.88,796.0,2.6532663316582923,6349,24
09/15/2026,14:14:21,774.88,796.0,2.6532663316582923,6350,17
09/15/2026,14:14:21,774.88,796.0,2.6532663316582923,6351,16
09/15/2026,14:14:21,774.88,796.0,2.6532663316582923,6352,15
09/15/2026,14:14:21,774.88,796.0,2.6532663316582923,6353,16
09/15/2026,14:14:21,774.88,796.0,2.6532663316582923,6354,13
09/15/2026,14:14:21,774.88,796.0,2.6532663316582923,6355,16
09/15/2026,14:14:21,774.88,796.0,2.6532663316582923,6356,18
09/15/2026,14:14:21,774.88,796.0,2.6532663316582923,6357,17
09/15/2026,14:14:21,774.88,796.0,2.6532663316582923,6358,16
09/15/2026,14:14:21,774.88,796.0,2.6532663316582923,6359,16
09/15/2026,14:14:21,774.88,796.0,2.6532663316582923,6360,16
09/15/2026,14:14:21,774.88,796.0,2.6532663316582923,6361,25
09/15/2026,14:14:21,774.88,796.0,2.6532663316582923,6362,19
09/15/2026,14:14:21,774.88,796.0,2.6532663316582923,6363,17
09/15/2026,14:14:21,774.88,796.0,2.6532663316582923,6364,18
09/15/2026,14:14:21,774.88,796.0,2.6532663316582923,6365,20
09/15/2026,14:14:21,774.88,796.0,2.6532663316582923,6366,12
09/15/2026,14:14:21,774.88,796.0,2.6532663316582923,6367,13
09/15/2026,14:14:21,774.88,796.0,2.6532663316582923,6368,15
09/15/2026,14:14:21,774.88,796.0,2.6532663316582923,6369,19
09/15/2026,14:14:21,774.88,796.0,2.6532663316582923,6370,20
09/15/2026,14:14:21,774.88,796.0,2.6532663316582923,6371,18
09/15/2026,14:14:21,774.88,796.0,2.6532663316582923,6372,13
09/15/2026,14:14:21,774.88,796.0,2.6532663316582923,6373,17
09/15/2026,14:14:21,774.88,796.0,2.6532663316582923,6374,8
09/15/2026,14:14:21,774.88,796.0,2.6532663316582923,6375,14
09/15/2026,14:14:21,774.88,796.0,2.6532663316582923,6376,11
09/15/2026,14:14:21,774.88,796.0,2.6532663316582923,6377,17
09/15/2026,14:14:21,774.88,796.0,2.6532663316582923,6378,17
09/15/2026,14:14:21,774.88,796.0,2.6532663316582923,6379,19
09/15/2026,14:14:21,774.88,796.0,2.6532663316582923,6380,16
09/15/2026,14:14:21,774.88,796.0,2.6532663316582923,6381,25
09/15/2026,14:14:21,774.88,796.0,2.6532663316582923,6382,19
09/15/2026,14:14:21,774.88,796.0,2.6532663316582923,6383,17
09/15/2026,14:14:21,774.88,796.0,2.6532663316582923,6384,21
09/15/2026,14:14:21,774.88,796.0,2.6532663316582923,6385,17
09/15/2026,14:14:21,774.88,796.0,2.6532663316582923,6386,17
09/15/2026,14:14:21,774.88,796.0,2.6532663316582923,6387,24
09/15/2026,14:14:21,774.88,796.0,2.6532663316582923,6388,14
09/15/2026,14:14:21,774.88,796.0,2.6532663316582923,6389,18
09/15/2026,14:14:21,774.88,796.0,2.6532663316582923,6390,20
09/15/2026,14:14:21,774.88,796.0,2.6532663316582923,6391,15
09/15/2026,14:14:21,774.88,796.0,2.6532663316582923,6392,14
09/15/2026,14:14:21,774.88,796.0,2.6532663316582923,6393,13
09/15/2026,14:14:21,774.88,796.0,2.6532663316582923,6394,17
09/15/2026,14:14:21,774.88,796.0,2.6532663316582923,6395,10
09/15/2026,14:14:21,774.88,796.0,2.6532663316582923,6396,14
09/15/2026,14:14:21,774.88,796.0,2.6532663316582923,6397,15
09/15/2026,14:14:21,774.88,796.0,2.6532663316582923,6398,19
09/15/2026,14:14:21,774.88,796.0,2.6532663316582923,6399,12
09/15/2026,14:14:21,774.88,796.0,2.6532663316582923,6400,16
09/15/2026,14:14:21,774.88,796.0,2.6532663316582923,6401,17
09/15/2026,14:14:21,774.88,796.0,2.6532663316582923,6402,13
09/15/2026,14:14:21,774.88,796.0,2.6532663316582923,6403,22
09/15/2026,14:14:21,774.88,796.0,2.6532663316582923,6404,14
09/15/2026,14:14:21,774.88,796.0,2.6532663316582923,6405,18
09/15/2026,14:14:21,774.88,796.0,2.6532663316582923,6406,13
09/15/2026,14:14:21,774.88,796.0,2.6532663316582923,6407,16
09/15/2026,14:14:21,774.88,796.0,2.6532663316582923,6408,21
09/15/2026,14:14:21,774.88,796.0,2.6532663316582923,6409,22
09/15/2026,14:14:21,774.88,796.0,2.6532663316582923,6410,19
09/15/2026,14:14:21,774.88,796.0,2.6532663316582923,6411,18
09/15/2026,14:14:21,774.88,796.0,2.6532663316582923,6412,14
09/15/2026,14:14:21,774.88,796.0,2.6532663316582923,6413,19
09/15/2026,14:14:21,774.88,796.0,2.6532663316582923,6414,14
09/15/2026,14:14:21,774.88,796.0,2.6532663316582923,6415,12
09/15/2026,14:14:21,774.88,796.0,2.6532663316582923,6416,21
09/15/2026,14:14:21,774.88,796.0,2.6532663316582923,6417,24
09/15/2026,14:14:21,774.88,796.0,2.6532663316582923,6418,23
09/15/2026,14:14:21,774.88,796.0,2.6532663316582923,6419,20
09/15/2026,14:14:21,774.88,796.0,2.6532663316582923,6420,15
09/15/2026,14:14:21,774.88,796.0,2.6532663316582923,6421,14
09/15/2026,14:14:21,774.88,796.0,2.6532663316582923,6422,14
09/15/2026,14:14:21,774.88,796.0,2.6532663316582923,6423,15
09/15/2026,14:14:21,774.88,796.0,2.6532663316582923,6424,15
09/15/2026,14:14:21,774.88,796.0,2.6532663316582923,6425,9
09/15/2026,14:14:21,774.88,796.0,2.6532663316582923,6426,21
09/15/2026,14:14:21,774.88,796.0,2.6532663316582923,6427,12
09/15/2026,14:14:21,774.88,796.0,2.6532663316582923,6428,10
09/15/2026,14:14:21,774.88,796.0,2.6532663316582923,6429,19
09/15/2026,14:14:21,774.88,796.0,2.6532663316582923,6430,16
09/15/2026,14:14:21,774.88,796.0,2.6532663316582923,6431,17
09/15/2026,14:14:21,774.88,796.0,2.6532663316582923,6432,20
09/15/2026,14:14:21,774.88,796.0,2.6532663316582923,6433,21
09/15/2026,14:14:21,774.88,796.0,2.6532663316582923,6434,12
09/15/2026,14:14:21,774.88,796.0,2.6532663316582923,6435,22
09/15/2026,14:14:21,774.88,796.0,2.6532663316582923,6436,11
09/15/2026,14:14:21,774.88,796.0,2.6532663316582923,6437,20
09/15/2026,14:14:21,774.88,796.0,2.6532663316582923,6438,15
09/15/2026,14:14:21,774.88,796.0,2.6532663316582923,6439,14
09/15/2026,14:14:21,774.88,796.0,2.6532663316582923,6440,11
09/15/2026,14:14:21,774.88,796.0,2.6532663316582923,6441,11
09/15/2026,14:14:21,774.88,796.0,2.6532663316582923,6442,12
09/15/2026,14:14:21,774.88,796.0,2.6532663316582923,6443,21
09/15/2026,14:14:21,774.88,796.0,2.6532663316582923,6444,16
09/15/2026,14:14:21,774.88,796.0,2.6532663316582923,6445,12
09/15/2026,14:14:21,774.88,796.0,2.6532663316582923,6446,16
09/15/2026,14:14:21,774.88,796.0,2.6532663316582923,6447,15
09/15/2026,14:14:21,774.88,796.0,2.6532663316582923,6448,19
09/15/2026,14:14:21,774.88,796.0,2.6532663316582923,6449,14
09/15/2026,14:14:21,774.88,796.0,2.6532663316582923,6450,10
09/15/2026,14:14:21,774.88,796.0,2.6532663316582923,6451,16
09/15/2026,14:14:21,774.88,796.0,2.6532663316582923,6452,16
09/15/2026,14:14:21,774.88,796.0,2.6532663316582923,6453,13
09/15/2026,14:14:21,774.88,796.0,2.6532663316582923,6454,17
09/15/2026,14:14:21,774.88,796.0,2.6532663316582923,6455,16
09/15/2026,14:14:21,774.88,796.0,2.6532663316582923,6456,16
09/15/2026,14:14:21,774.88,796.0,2.6532663316582923,6457,11
09/15/2026,14:14:21,774.88,796.0,2.6532663316582923,6458,20
09/15/2026,14:14:21,774.88,796.0,2.6532663316582923,6459,16
09/15/2026,14:14:21,774.88,796.0,2.6532663316582923,6460,18
09/15/2026,14:14:21,774.88,796.0,2.6532663316582923,6461,10
09/15/2026,14:14:21,774.88,796.0,2.6532663316582923,6462,18
09/15/2026,14:14:21,774.88,796.0,2.6532663316582923,6463,16
09/15/2026,14:14:21,774.88,796.0,2.6532663316582923,6464,18
09/15/2026,14:14:21,774.88,796.0,2.6532663316582923,6465,18
09/15/2026,14:14:21,774.88,796.0,2.6532663316582923,6466,10
09/15/2026,14:14:21,774.88,796.0,2.6532663316582923,6467,14
09/15/2026,14:14:21,774.88,796.0,2.6532663316582923,6468,14
09/15/2026,14:14:21,774.88,796.0,2.6532663316582923,6469,11
09/15/2026,14:14:21,774.88,796.0,2.6532663316582923,6470,13
09/15/2026,14:14:21,774.88,796.0,2.6532663316582923,6471,12
09/15/2026,14:14:21,774.88,796.0,2.6532663316582923,6472,16
09/15/2026,14:14:21,774.88,796.0,2.6532663316582923,6473,16
09/15/2026,14:14:21,774.88,796.0,2.6532663316582923,6474,15
09/15/2026,14:14:21,774.88,796.0,2.6532663316582923,6475,19
09/15/2026,14:14:21,774.88,796.0,2.6532663316582923,6476,11
09/15/2026,14:14:21,774.88,796.0,2.6532663316582923,6477,16
09/15/2026,14:14:21,774.88,796.0,2.6532663316582923,6478,14
09/15/2026,14:14:21,774.88,796.0,2.6532663316582923,6479,10
09/15/2026,14:14:21,774.88,796.0,2.6532663316582923,6480,13
09/15/2026,14:14:21,774.88,796.0,2.6532663316582923,6481,14
09/15/2026,14:14:21,774.88,796.0,2.6532663316582923,6482,9
09/15/2026,14:14:21,774.88,796.0,2.6532663316582923,6483,17
09/15/2026,14:14:21,774.88,796.0,2.6532663316582923,6484,11
09/15/2026,14:14:21,774.88,796.0,2.6532663316582923,6485,12
09/15/2026,14:14:21,774.88,796.0,2.6532663316582923,6486,11
09/15/2026,14:14:21,774.88,796.0,2.6532663316582923,6487,11
09/15/2026,14:14:21,774.88,796.0,2.6532663316582923,6488,15
09/15/2026,14:14:21,774.88,796.0,2.6532663316582923,6489,16
09/15/2026,14:14:21,774.88,796.0,2.6532663316582923,6490,15
09/15/2026,14:14:21,774.88,796.0,2.6532663316582923,6491,9
09/15/2026,14:14:21,774.88,796.0,2.6532663316582923,6492,11
09/15/2026,14:14:21,774.88,796.0,2.6532663316582923,6493,13
09/15/2026,14:14:21,774.88,796.0,2.6532663316582923,6494,13
09/15/2026,14:14:21,774.88,796.0,2.6532663316582923,6495,21
09/15/2026,14:14:21,774.88,796.0,2.6532663316582923,6496,9
09/15/2026,14:14:21,774.88,796.0,2.6532663316582923,6497,15
09/15/2026,14:14:21,774.88,796.0,2.6532663316582923,6498,10
09/15/2026,14:14:21,774.88,796.0,2.6532663316582923,6499,13
09/15/2026,14:14:21,774.88,796.0,2.6532663316582923,6500,16
09/15/2026,14:14:21,774.88,796.0,2.6532663316582923,6501,15
09/15/2026,14:14:21,774.88,796.0,2.6532663316582923,6502,20
09/15/2026,14:14:21,774.88,796.0,2.6532663316582923,6503,17
09/15/2026,14:14:21,774.88,796.0,2.6532663316582923,6504,13
09/15/2026,14:14:21,774.88,796.0,2.6532663316582923,6505,5
09/15/2026,14:14:21,774.88,796.0,2.6532663316582923,6506,17
09/15/2026,14:14:21,774.88,796.0,2.6532663316582923,6507,9
09/15/2026,14:14:21,774.88,796.0,2.6532663316582923,6508,19
09/15/2026,14:14:21,774.88,796.0,2.6532663316582923,6509,13
09/15/2026,14:14:21,774.88,796.0,2.6532663316582923,6510,14
09/15/2026,14:14:21,774.88,796.0,2.6532663316582923,6511,12
09/15/2026,14:14:21,774.88,796.0,2.6532663316582923,6512,6
09/15/2026,14:14:21,774.88,796.0,2.6532663316582923,6513,12
09/15/2026,14:14:21,774.88,796.0,2.6532663316582923,6514,10
09/15/2026,14:14:21,774.88,796.0,2.6532663316582923,6515,14
09/15/2026,14:14:21,774.88,796.0,2.6532663316582923,6516,12
09/15/2026,14:14:21,774.88,796.0,2.6532663316582923,6517,7
09/15/2026,14:14:21,774.88,796.0,2.6532663316582923,6518,9
09/15/2026,14:14:21,774.88,796.0,2.6532663316582923,6519,15
09/15/2026,14:14:21,774.88,796.0,2.6532663316582923,6520,14
09/15/2026,14:14:21,774.88,796.0,2.6532663316582923,6521,8
09/15/2026,14:14:21,774.88,796.0,2.6532663316582923,6522,13
09/15/2026,14:14:21,774.88,796.0,2.6532663316582923,6523,9
09/15/2026,14:14:21,774.88,796.0,2.6532663316582923,6524,14
09/15/2026,14:14:21,774.88,796.0,2.6532663316582923,6525,16
09/15/2026,14:14:21,774.88,796.0,2.6532663316582923,6526,8
09/15/2026,14:14:21,774.88,796.0,2.6532663316582923,6527,15
09/15/2026,14:14:21,774.88,796.0,2.6532663316582923,6528,15
09/15/2026,14:14:21,774.88,796.0,2.6532663316582923,6529,9
09/15/2026,14:14:21,774.88,796.0,2.6532663316582923,6530,10
09/15/2026,14:14:21,774.88,796.0,2.6532663316582923,6531,15
09/15/2026,14:14:21,774.88,796.0,2.6532663316582923,6532,13
09/15/2026,14:14:21,774.88,796.0,2.6532663316582923,6533,16
09/15/2026,14:14:21,774.88,796.0,2.6532663316582923,6534,12
09/15/2026,14:14:21,774.88,796.0,2.6532663316582923,6535,12
09/15/2026,14:14:21,774.88,796.0,2.6532663316582923,6536,11
09/15/2026,14:14:21,774.88,796.0,2.6532663316582923,6537,16
09/15/2026,14:14:21,774.88,796.0,2.6532663316582923,6538,12
09/15/2026,14:14:21,774.88,796.0,2.6532663316582923,6539,19
09/15/2026,14:14:21,774.88,796.0,2.6532663316582923,6540,13
09/15/2026,14:14:21,774.88,796.0,2.6532663316582923,6541,24
09/15/2026,14:14:21,774.88,796.0,2.6532663316582923,6542,22
09/15/2026,14:14:21,774.88,796.0,2.6532663316582923,6543,12
09/15/2026,14:14:21,774.88,796.0,2.6532663316582923,6544,10
09/15/2026,14:14:21,774.88,796.0,2.6532663316582923,6545,14
09/15/2026,14:14:21,774.88,796.0,2.6532663316582923,6546,15
09/15/2026,14:14:21,774.88,796.0,2.6532663316582923,6547,5
09/15/2026,14:14:21,774.88,796.0,2.6532663316582923,6548,21
09/15/2026,14:14:21,774.88,796.0,2.6532663316582923,6549,11
09/15/2026,14:14:21,774.88,796.0,2.6532663316582923,6550,9
09/15/2026,14:14:21,774.88,796.0,2.6532663316582923,6551,13
09/15/2026,14:14:21,774.88,796.0,2.6532663316582923,6552,12
09/15/2026,14:14:21,774.88,796.0,2.6532663316582923,6553,10
09/15/2026,14:14:21,774.88,796.0,2.6532663316582923,6554,10
09/15/2026,14:14:21,774.88,796.0,2.6532663316582923,6555,20
09/15/2026,14:14:21,774.88,796.0,2.6532663316582923,6556,14
09/15/2026,14:14:21,774.88,796.0,2.6532663316582923,6557,12
09/15/2026,14:14:21,774.88,796.0,2.6532663316582923,6558,9
09/15/2026,14:14:21,774.88,796.0,2.6532663316582923,6559,12
09/15/2026,14:14:21,774.88,796.0,2.6532663316582923,6560,10
09/15/2026,14:14:21,774.88,796.0,2.6532663316582923,6561,16
09/15/2026,14:14:21,774.88,796.0,2.6532663316582923,6562,12
09/15/2026,14:14:21,774.88,796.0,2.6532663316582923,6563,14
09/15/2026,14:14:21,774.88,796.0,2.6532663316582923,6564,15
09/15/2026,14:14:21,774.88,796.0,2.6532663316582923,6565,16
09/15/2026,14:14:21,774.88,796.0,2.6532663316582923,6566,13
09/15/2026,14:14:21,774.88,796.0,2.6532663316582923,6567,23
09/15/2026,14:14:21,774.88,796.0,2.6532663316582923,6568,11
09/15/2026,14:14:21,774.88,796.0,2.6532663316582923,6569,17
09/15/2026,14:14:21,774.88,796.0,2.6532663316582923,6570,13
09/15/2026,14:14:21,774.88,796.0,2.6532663316582923,6571,14
09/15/2026,14:14:21,774.88,796.0,2.6532663316582923,6572,16
09/15/2026,14:14:21,774.88,796.0,2.6532663316582923,6573,11
09/15/2026,14:14:21,774.88,796.0,2.6532663316582923,6574,15
09/15/2026,14:14:21,774.88,796.0,2.6532663316582923,6575,16
09/15/2026,14:14:21,774.88,796.0,2.6532663316582923,6576,14
09/15/2026,14:14:21,774.88,796.0,2.6532663316582923,6577,10
09/15/2026,14:14:21,774.88,796.0,2.6532663316582923,6578,13
09/15/2026,14:14:21,774.88,796.0,2.6532663316582923,6579,7
09/15/2026,14:14:21,774.88,796.0,2.6532663316582923,6580,11
09/15/2026,14:14:21,774.88,796.0,2.6532663316582923,6581,6
09/15/2026,14:14:21,774.88,796.0,2.6532663316582923,6582,13
09/15/2026,14:14:21,774.88,796.0,2.6532663316582923,6583,16
09/15/2026,14:14:21,774.88,796.0,2.6532663316582923,6584,6
09/15/2026,14:14:21,774.88,796.0,2.6532663316582923,6585,16
09/15/2026,14:14:21,774.88,796.0,2.6532663316582923,6586,12
09/15/2026,14:14:21,774.88,796.0,2.6532663316582923,6587,14
09/15/2026,14:14:21,774.88,796.0,2.6532663316582923,6588,9
09/15/2026,14:14:21,774.88,796.0,2.6532663316582923,6589,9
09/15/2026,14:14:21,774.88,796.0,2.6532663316582923,6590,6
09/15/2026,14:14:21,774.88,796.0,2.6532663316582923,6591,12
09/15/2026,14:14:21,774.88,796.0,2.6532663316582923,6592,12
09/15/2026,14:14:21,774.88,796.0,2.6532663316582923,6593,16
09/15/2026,14:14:21,774.88,796.0,2.6532663316582923,6594,12
09/15/2026,14:14:21,774.88,796.0,2.6532663316582923,6595,12
09/15/2026,14:14:21,774.88,796.0,2.6532663316582923,6596,16
09/15/2026,14:14:21,774.88,796.0,2.6532663316582923,6597,20
09/15/2026,14:14:21,774.88,796.0,2.6532663316582923,6598,15
09/15/2026,14:14:21,774.88,796.0,2.6532663316582923,6599,11
09/15/2026,14:14:21,774.88,796.0,2.6532663316582923,6600,9
09/15/2026,14:14:21,774.88,796.0,2.6532663316582923,6601,17
09/15/2026,14:14:21,774.88,796.0,2.6532663316582923,6602,14
09/15/2026,14:14:21,774.88,796.0,2.6532663316582923,6603,12
09/15/2026,14:14:21,774.88,796.0,2.6532663316582923,6604,9
09/15/2026,14:14:21,774.88,796.0,2.6532663316582923,6605,9
09/15/2026,14:14:21,774.88,796.0,2.6532663316582923,6606,14
09/15/2026,14:14:21,774.88,796.0,2.6532663316582923,6607,11
09/15/2026,14:14:21,774.88,796.0,2.6532663316582923,6608,11
09/15/2026,14:14:21,774.88,796.0,2.6532663316582923,6609,9
09/15/2026,14:14:21,774.88,796.0,2.6532663316582923,6610,20
09/15/2026,14:14:21,774.88,796.0,2.6532663316582923,6611,11
09/15/2026,14:14:21,774.88,796.0,2.6532663316582923,6612,13
09/15/2026,14:14:21,774.88,796.0,2.6532663316582923,6613,13
09/15/2026,14:14:21,774.88,796.0,2.6532663316582923,6614,10
09/15/2026,14:14:21,774.88,796.0,2.6532663316582923,6615,19
09/15/2026,14:14:21,774.88,796.0,2.6532663316582923,6616,9
09/15/2026,14:14:21,774.88,796.0,2.6532663316582923,6617,14
09/15/2026,14:14:21,774.88,796.0,2.6532663316582923,6618,15
09/15/2026,14:14:21,774.88,796.0,2.6532663316582923,6619,6
09/15/2026,14:14:21,774.88,796.0,2.6532663316582923,6620,8
09/15/2026,14:14:21,774.88,796.0,2.6532663316582923,6621,14
09/15/2026,14:14:21,774.88,796.0,2.6532663316582923,6622,14
09/15/2026,14:14:21,774.88,796.0,2.6532663316582923,6623,13
09/15/2026,14:14:21,774.88,796.0,2.6532663316582923,6624,9
09/15/2026,14:14:21,774.88,796.0,2.6532663316582923,6625,10
09/15/2026,14:14:21,774.88,796.0,2.6532663316582923,6626,13
09/15/2026,14:14:21,774.88,796.0,2.6532663316582923,6627,11
09/15/2026,14:14:21,774.88,796.0,2.6532663316582923,6628,11
09/15/2026,14:14:21,774.88,796.0,2.6532663316582923,6629,15
09/15/2026,14:14:21,774.88,796.0,2.6532663316582923,6630,12
09/15/2026,14:14:21,774.88,796.0,2.6532663316582923,6631,14
09/15/2026,14:14:21,774.88,796.0,2.6532663316582923,6632,7
09/15/2026,14:14:21,774.88,796.0,2.6532663316582923,6633,7
09/15/2026,14:14:21,774.88,796.0,2.6532663316582923,6634,15
09/15/2026,14:14:21,774.88,796.0,2.6532663316582923,6635,5
09/15/2026,14:14:21,774.88,796.0,2.6532663316582923,6636,8
09/15/2026,14:14:21,774.88,796.0,2.6532663316582923,6637,12
09/15/2026,14:14:21,774.88,796.0,2.6532663316582923,6638,11
09/15/2026,14:14:21,774.88,796.0,2.6532663316582923,6639,12
09/15/2026,14:14:21,774.88,796.0,2.6532663316582923,6640,11
09/15/2026,14:14:21,774.88,796.0,2.6532663316582923,6641,7
09/15/2026,14:14:21,774.88,796.0,2.6532663316582923,6642,7
09/15/2026,14:14:21,774.88,796.0,2.6532663316582923,6643,9
09/15/2026,14:14:21,774.88,796.0,2.6532663316582923,6644,10
09/15/2026,14:14:21,774.88,796.0,2.6532663316582923,6645,10
09/15/2026,14:14:21,774.88,796.0,2.6532663316582923,6646,12
09/15/2026,14:14:21,774.88,796.0,2.6532663316582923,6647,13
09/15/2026,14:14:21,774.88,796.0,2.6532663316582923,6648,11
09/15/2026,14:14:21,774.88,796.0,2.6532663316582923,6649,8
09/15/2026,14:14:21,774.88,796.0,2.6532663316582923,6650,10
09/15/2026,14:14:21,774.88,796.0,2.6532663316582923,6651,9
09/15/2026,14:14:21,774.88,796.0,2.6532663316582923,6652,17
09/15/2026,14:14:21,774.88,796.0,2.6532663316582923,6653,7
09/15/2026,14:14:21,774.88,796.0,2.6532663316582923,6654,9
09/15/2026,14:14:21,774.88,796.0,2.6532663316582923,6655,7
09/15/2026,14:14:21,774.88,796.0,2.6532663316582923,6656,12
09/15/2026,14:14:21,774.88,796.0,2.6532663316582923,6657,14
09/15/2026,14:14:21,774.88,796.0,2.6532663316582923,6658,9
09/15/2026,14:14:21,774.88,796.0,2.6532663316582923,6659,9
09/15/2026,14:14:21,774.88,796.0,2.6532663316582923,6660,10
09/15/2026,14:14:21,774.88,796.0,2.6532663316582923,6661,13
09/15/2026,14:14:21,774.88,796.0,2.6532663316582923,6662,11
09/15/2026,14:14:21,774.88,796.0,2.6532663316582923,6663,2
09/15/2026,14:14:21,774.88,796.0,2.6532663316582923,6664,11
09/15/2026,14:14:21,774.88,796.0,2.6532663316582923,6665,14
09/15/2026,14:14:21,774.88,796.0,2.6532663316582923,6666,10
09/15/2026,14:14:21,774.88,796.0,2.6532663316582923,6667,12
09/15/2026,14:14:21,774.88,796.0,2.6532663316582923,6668,13
09/15/2026,14:14:21,774.88,796.0,2.6532663316582923,6669,6
09/15/2026,14:14:21,774.88,796.0,2.6532663316582923,6670,12
09/15/2026,14:14:21,774.88,796.0,2.6532663316582923,6671,9
09/15/2026,14:14:21,774.88,796.0,2.6532663316582923,6672,17
09/15/2026,14:14:21,774.88,796.0,2.6532663316582923,6673,14
09/15/2026,14:14:21,774.88,796.0,2.6532663316582923,6674,10
09/15/2026,14:14:21,774.88,796.0,2.6532663316582923,6675,5
09/15/2026,14:14:21,774.88,796.0,2.6532663316582923,6676,9
09/15/2026,14:14:21,774.88,796.0,2.6532663316582923,6677,8
09/15/2026,14:14:21,774.88,796.0,2.6532663316582923,6678,14
09/15/2026,14:14:21,774.88,796.0,2.6532663316582923,6679,14
09/15/2026,14:14:21,774.88,796.0,2.6532663316582923,6680,11
09/15/2026,14:14:21,774.88,796.0,2.6532663316582923,6681,7
09/15/2026,14:14:21,774.88,796.0,2.6532663316582923,6682,10
09/15/2026,14:14:21,774.88,796.0,2.6532663316582923,6683,12
09/15/2026,14:14:21,774.88,796.0,2.6532663316582923,6684,11
09/15/2026,14:14:21,774.88,796.0,2.6532663316582923,6685,8
09/15/2026,14:14:21,774.88,796.0,2.6532663316582923,6686,10
09/15/2026,14:14:21,774.88,796.0,2.6532663316582923,6687,11
09/15/2026,14:14:21,774.88,796.0,2.6532663316582923,6688,9
09/15/2026,14:14:21,774.88,796.0,2.6532663316582923,6689,7
09/15/2026,14:14:21,774.88,796.0,2.6532663316582923,6690,7
09/15/2026,14:14:21,774.88,796.0,2.6532663316582923,6691,8
09/15/2026,14:14:21,774.88,796.0,2.6532663316582923,6692,11
09/15/2026,14:14:21,774.88,796.0,2.6532663316582923,6693,12
09/15/2026,14:14:21,774.88,796.0,2.6532663316582923,6694,8
09/15/2026,14:14:21,774.88,796.0,2.6532663316582923,6695,13
09/15/2026,14:14:21,774.88,796.0,2.6532663316582923,6696,16
09/15/2026,14:14:21,774.88,796.0,2.6532663316582923,6697,7
09/15/2026,14:14:21,774.88,796.0,2.6532663316582923,6698,10
09/15/2026,14:14:21,774.88,796.0,2.6532663316582923,6699,10
09/15/2026,14:14:21,774.88,796.0,2.6532663316582923,6700,8
09/15/2026,14:14:21,774.88,796.0,2.6532663316582923,6701,9
09/15/2026,14:14:21,774.88,796.0,2.6532663316582923,6702,10
09/15/2026,14:14:21,774.88,796.0,2.6532663316582923,6703,10
09/15/2026,14:14:21,774.88,796.0,2.6532663316582923,6704,8
09/15/2026,14:14:21,774.88,796.0,2.6532663316582923,6705,8
09/15/2026,14:14:21,774.88,796.0,2.6532663316582923,6706,7
09/15/2026,14:14:21,774.88,796.0,2.6532663316582923,6707,14
09/15/2026,14:14:21,774.88,796.0,2.6532663316582923,6708,10
09/15/2026,14:14:21,774.88,796.0,2.6532663316582923,6709,8
09/15/2026,14:14:21,774.88,796.0,2.6532663316582923,6710,10
09/15/2026,14:14:21,774.88,796.0,2.6532663316582923,6711,13
09/15/2026,14:14:21,774.88,796.0,2.6532663316582923,6712,13
09/15/2026,14:14:21,774.88,796.0,2.6532663316582923,6713,5
09/15/2026,14:14:21,774.88,796.0,2.6532663316582923,6714,8
09/15/2026,14:14:21,774.88,796.0,2.6532663316582923,6715,9
09/15/2026,14:14:21,774.88,796.0,2.6532663316582923,6716,7
09/15/2026,14:14:21,774.88,796.0,2.6532663316582923,6717,8
09/15/2026,14:14:21,774.88,796.0,2.6532663316582923,6718,13
09/15/2026,14:14:21,774.88,796.0,2.6532663316582923,6719,9
09/15/2026,14:14:21,774.88,796.0,2.6532663316582923,6720,8
09/15/2026,14:14:21,774.88,796.0,2.6532663316582923,6721,9
09/15/2026,14:14:21,774.88,796.0,2.6532663316582923,6722,9
09/15/2026,14:14:21,774.88,796.0,2.6532663316582923,6723,13
09/15/2026,14:14:21,774.88,796.0,2.6532663316582923,6724,3
09/15/2026,14:14:21,774.88,796.0,2.6532663316582923,6725,12
09/15/2026,14:14:21,774.88,796.0,2.6532663316582923,6726,13
09/15/2026,14:14:21,774.88,796.0,2.6532663316582923,6727,10
09/15/2026,14:14:21,774.88,796.0,2.6532663316582923,6728,13
09/15/2026,14:14:21,774.88,796.0,2.6532663316582923,6729,14
09/15/2026,14:14:21,774.88,796.0,2.6532663316582923,6730,11
09/15/2026,14:14:21,774.88,796.0,2.6532663316582923,6731,9
09/15/2026,14:14:21,774.88,796.0,2.6532663316582923,6732,12
09/15/2026,14:14:21,774.88,796.0,2.6532663316582923,6733,8
09/15/2026,14:14:21,774.88,796.0,2.6532663316582923,6734,13
09/15/2026,14:14:21,774.88,796.0,2.6532663316582923,6735,10
09/15/2026,14:14:21,774.88,796.0,2.6532663316582923,6736,11
09/15/2026,14:14:21,774.88,796.0,2.6532663316582923,6737,11
09/15/2026,14:14:21,774.88,796.0,2.6532663316582923,6738,8
09/15/2026,14:14:21,774.88,796.0,2.6532663316582923,6739,12
09/15/2026,14:14:21,774.88,796.0,2.6532663316582923,6740,8
09/15/2026,14:14:21,774.88,796.0,2.6532663316582923,6741,8
09/15/2026,14:14:21,774.88,796.0,2.6532663316582923,6742,7
09/15/2026,14:14:21,774.88,796.0,2.6532663316582923,6743,8
09/15/2026,14:14:21,774.88,796.0,2.6532663316582923,6744,12
09/15/2026,14:14:21,774.88,796.0,2.6532663316582923,6745,9
09/15/2026,14:14:21,774.88,796.0,2.6532663316582923,6746,10
09/15/2026,14:14:21,774.88,796.0,2.6532663316582923,6747,12
09/15/2026,14:14:21,774.88,796.0,2.6532663316582923,6748,14
09/15/2026,14:14:21,774.88,796.0,2.6532663316582923,6749,8
09/15/2026,14:14:21,774.88,796.0,2.6532663316582923,6750,11
09/15/2026,14:14:21,774.88,796.0,2.6532663316582923,6751,13
09/15/2026,14:14:21,774.88,796.0,2.6532663316582923,6752,10
09/15/2026,14:14:21,774.88,796.0,2.6532663316582923,6753,16
09/15/2026,14:14:21,774.88,796.0,2.6532663316582923,6754,11
09/15/2026,14:14:21,774.88,796.0,2.6532663316582923,6755,11
09/15/2026,14:14:21,774.88,796.0,2.6532663316582923,6756,9
09/15/2026,14:14:21,774.88,796.0,2.6532663316582923,6757,13
09/15/2026,14:14:21,774.88,796.0,2.6532663316582923,6758,7
09/15/2026,14:14:21,774.88,796.0,2.6532663316582923,6759,10
09/15/2026,14:14:21,774.88,796.0,2.6532663316582923,6760,7
09/15/2026,14:14:21,774.88,796.0,2.6532663316582923,6761,11
09/15/2026,14:14:21,774.88,796.0,2.6532663316582923,6762,14
09/15/2026,14:14:21,774.88,796.0,2.6532663316582923,6763,9
09/15/2026,14:14:21,774.88,796.0,2.6532663316582923,6764,7
09/15/2026,14:14:21,774.88,796.0,2.6532663316582923,6765,9
09/15/2026,14:14:21,774.88,796.0,2.6532663316582923,6766,9
09/15/2026,14:14:21,774.88,796.0,2.6532663316582923,6767,16
09/15/2026,14:14:21,774.88,796.0,2.6532663316582923,6768,5
09/15/2026,14:14:21,774.88,796.0,2.6532663316582923,6769,3
09/15/2026,14:14:21,774.88,796.0,2.6532663316582923,6770,12
09/15/2026,14:14:21,774.88,796.0,2.6532663316582923,6771,12
09/15/2026,14:14:21,774.88,796.0,2.6532663316582923,6772,7
09/15/2026,14:14:21,774.88,796.0,2.6532663316582923,6773,5
09/15/2026,14:14:21,774.88,796.0,2.6532663316582923,6774,8
09/15/2026,14:14:21,774.88,796.0,2.6532663316582923,6775,6
09/15/2026,14:14:21,774.88,796.0,2.6532663316582923,6776,11
09/15/2026,14:14:21,774.88,796.0,2.6532663316582923,6777,14
09/15/2026,14:14:21,774.88,796.0,2.6532663316582923,6778,6
09/15/2026,14:14:21,774.88,796.0,2.6532663316582923,6779,11
09/15/2026,14:14:21,774.88,796.0,2.6532663316582923,6780,10
09/15/2026,14:14:21,774.88,796.0,2.6532663316582923,6781,10
09/15/2026,14:14:21,774.88,796.0,2.6532663316582923,6782,4
09/15/2026,14:14:21,774.88,796.0,2.6532663316582923,6783,6
09/15/2026,14:14:21,774.88,796.0,2.6532663316582923,6784,11
09/15/2026,14:14:21,774.88,796.0,2.6532663316582923,6785,14
09/15/2026,14:14:21,774.88,796.0,2.6532663316582923,6786,8
09/15/2026,14:14:21,774.88,796.0,2.6532663316582923,6787,14
09/15/2026,14:14:21,774.88,796.0,2.6532663316582923,6788,8
09/15/2026,14:14:21,774.88,796.0,2.6532663316582923,6789,6
09/15/2026,14:14:21,774.88,796.0,2.6532663316582923,6790,11
09/15/2026,14:14:21,774.88,796.0,2.6532663316582923,6791,11
09/15/2026,14:14:21,774.88,796.0,2.6532663316582923,6792,12
09/15/2026,14:14:21,774.88,796.0,2.6532663316582923,6793,14
09/15/2026,14:14:21,774.88,796.0,2.6532663316582923,6794,6
09/15/2026,14:14:21,774.88,796.0,2.6532663316582923,6795,9
09/15/2026,14:14:21,774.88,796.0,2.6532663316582923,6796,15
09/15/2026,14:14:21,774.88,796.0,2.6532663316582923,6797,8
09/15/2026,14:14:21,774.88,796.0,2.6532663316582923,6798,7
09/15/2026,14:14:21,774.88,796.0,2.6532663316582923,6799,3
09/15/2026,14:14:21,774.88,796.0,2.6532663316582923,6800,11
09/15/2026,14:14:21,774.88,796.0,2.6532663316582923,6801,10
09/15/2026,14:14:21,774.88,796.0,2.6532663316582923,6802,11
09/15/2026,14:14:21,774.88,796.0,2.6532663316582923,6803,8
09/15/2026,14:14:21,774.88,796.0,2.6532663316582923,6804,8
09/15/2026,14:14:21,774.88,796.0,2.6532663316582923,6805,7
09/15/2026,14:14:21,774.88,796.0,2.6532663316582923,6806,11
09/15/2026,14:14:21,774.88,796.0,2.6532663316582923,6807,13
09/15/2026,14:14:21,774.88,796.0,2.6532663316582923,6808,10
09/15/2026,14:14:21,774.88,796.0,2.6532663316582923,6809,9
09/15/2026,14:14:21,774.88,796.0,2.6532663316582923,6810,7
09/15/2026,14:14:21,774.88,796.0,2.6532663316582923,6811,9
09/15/2026,14:14:21,774.88,796.0,2.6532663316582923,6812,10
09/15/2026,14:14:21,774.88,796.0,2.6532663316582923,6813,10
09/15/2026,14:14:21,774.88,796.0,2.6532663316582923,6814,9
09/15/2026,14:14:21,774.88,796.0,2.6532663316582923,6815,8
09/15/2026,14:14:21,774.88,796.0,2.6532663316582923,6816,11
09/15/2026,14:14:21,774.88,796.0,2.6532663316582923,6817,3
09/15/2026,14:14:21,774.88,796.0,2.6532663316582923,6818,12
09/15/2026,14:14:21,774.88,796.0,2.6532663316582923,6819,9
09/15/2026,14:14:21,774.88,796.0,2.6532663316582923,6820,8
09/15/2026,14:14:21,774.88,796.0,2.6532663316582923,6821,14
09/15/2026,14:14:21,774.88,796.0,2.6532663316582923,6822,14
09/15/2026,14:14:21,774.88,796.0,2.6532663316582923,6823,11
09/15/2026,14:14:21,774.88,796.0,2.6532663316582923,6824,13
09/15/2026,14:14:21,774.88,796.0,2.6532663316582923,6825,5
09/15/2026,14:14:21,774.88,796.0,2.6532663316582923,6826,20
09/15/2026,14:14:21,774.88,796.0,2.6532663316582923,6827,15
09/15/2026,14:14:21,774.88,796.0,2.6532663316582923,6828,5
09/15/2026,14:14:21,774.88,796.0,2.6532663316582923,6829,8
09/15/2026,14:14:21,774.88,796.0,2.6532663316582923,6830,14
09/15/2026,14:14:21,774.88,796.0,2.6532663316582923,6831,6
09/15/2026,14:14:21,774.88,796.0,2.6532663316582923,6832,14
09/15/2026,14:14:21,774.88,796.0,2.6532663316582923,6833,10
09/15/2026,14:14:21,774.88,796.0,2.6532663316582923,6834,7
09/15/2026,14:14:21,774.88,796.0,2.6532663316582923,6835,6
09/15/2026,14:14:21,774.88,796.0,2.6532663316582923,6836,14
09/15/2026,14:14:21,774.88,796.0,2.6532663316582923,6837,12
09/15/2026,14:14:21,774.88,796.0,2.6532663316582923,6838,10
09/15/2026,14:14:21,774.88,796.0,2.6532663316582923,6839,9
09/15/2026,14:14:21,774.88,796.0,2.6532663316582923,6840,9
09/15/2026,14:14:21,774.88,796.0,2.6532663316582923,6841,11
09/15/2026,14:14:21,774.88,796.0,2.6532663316582923,6842,10
09/15/2026,14:14:21,774.88,796.0,2.6532663316582923,6843,11
09/15/2026,14:14:21,774.88,796.0,2.6532663316582923,6844,7
09/15/2026,14:14:21,774.88,796.0,2.6532663316582923,6845,11
09/15/2026,14:14:21,774.88,796.0,2.6532663316582923,6846,8
09/15/2026,14:14:21,774.88,796.0,2.6532663316582923,6847,11
09/15/2026,14:14:21,774.88,796.0,2.6532663316582923,6848,7
09/15/2026,14:14:21,774.88,796.0,2.6532663316582923,6849,16
09/15/2026,14:14:21,774.88,796.0,2.6532663316582923,6850,7
09/15/2026,14:14:21,774.88,796.0,2.6532663316582923,6851,10
09/15/2026,14:14:21,774.88,796.0,2.6532663316582923,6852,6
09/15/2026,14:14:21,774.88,796.0,2.6532663316582923,6853,12
09/15/2026,14:14:21,774.88,796.0,2.6532663316582923,6854,9
09/15/2026,14:14:21,774.88,796.0,2.6532663316582923,6855,15
09/15/2026,14:14:21,774.88,796.0,2.6532663316582923,6856,6
09/15/2026,14:14:21,774.88,796.0,2.6532663316582923,6857,11
09/15/2026,14:14:21,774.88,796.0,2.6532663316582923,6858,10
09/15/2026,14:14:21,774.88,796.0,2.6532663316582923,6859,12
09/15/2026,14:14:21,774.88,796.0,2.6532663316582923,6860,10
09/15/2026,14:14:21,774.88,796.0,2.6532663316582923,6861,5
09/15/2026,14:14:21,774.88,796.0,2.6532663316582923,6862,9
09/15/2026,14:14:21,774.88,796.0,2.6532663316582923,6863,10
09/15/2026,14:14:21,774.88,796.0,2.6532663316582923,6864,6
09/15/2026,14:14:21,774.88,796.0,2.6532663316582923,6865,10
09/15/2026,14:14:21,774.88,796.0,2.6532663316582923,6866,14
09/15/2026,14:14:21,774.88,796.0,2.6532663316582923,6867,21
09/15/2026,14:14:21,774.88,796.0,2.6532663316582923,6868,8
09/15/2026,14:14:21,774.88,796.0,2.6532663316582923,6869,12
09/15/2026,14:14:21,774.88,796.0,2.6532663316582923,6870,11
09/15/2026,14:14:21,774.88,796.0,2.6532663316582923,6871,6
09/15/2026,14:14:21,774.88,796.0,2.6532663316582923,6872,7
09/15/2026,14:14:21,774.88,796.0,2.6532663316582923,6873,13
09/15/2026,14:14:21,774.88,796.0,2.6532663316582923,6874,13
09/15/2026,14:14:21,774.88,796.0,2.6532663316582923,6875,12
09/15/2026,14:14:21,774.88,796.0,2.6532663316582923,6876,10
09/15/2026,14:14:21,774.88,796.0,2.6532663316582923,6877,4
09/15/2026,14:14:21,774.88,796.0,2.6532663316582923,6878,9
09/15/2026,14:14:21,774.88,796.0,2.6532663316582923,6879,9
09/15/2026,14:14:21,774.88,796.0,2.6532663316582923,6880,11
09/15/2026,14:14:21,774.88,796.0,2.6532663316582923,6881,8
09/15/2026,14:14:21,774.88,796.0,2.6532663316582923,6882,9
09/15/2026,14:14:21,774.88,796.0,2.6532663316582923,6883,7
09/15/2026,14:14:21,774.88,796.0,2.6532663316582923,6884,6
09/15/2026,14:14:21,774.88,796.0,2.6532663316582923,6885,10
09/15/2026,14:14:21,774.88,796.0,2.6532663316582923,6886,9
09/15/2026,14:14:21,774.88,796.0,2.6532663316582923,6887,5
09/15/2026,14:14:21,774.88,796.0,2.6532663316582923,6888,10
09/15/2026,14:14:21,774.88,796.0,2.6532663316582923,6889,8
09/15/2026,14:14:21,774.88,796.0,2.6532663316582923,6890,7
09/15/2026,14:14:21,774.88,796.0,2.6532663316582923,6891,13
09/15/2026,14:14:21,774.88,796.0,2.6532663316582923,6892,8
09/15/2026,14:14:21,774.88,796.0,2.6532663316582923,6893,10
09/15/2026,14:14:21,774.88,796.0,2.6532663316582923,6894,10
09/15/2026,14:14:21,774.88,796.0,2.6532663316582923,6895,10
09/15/2026,14:14:21,774.88,796.0,2.6532663316582923,6896,10
09/15/2026,14:14:21,774.88,796.0,2.6532663316582923,6897,8
09/15/2026,14:14:21,774.88,796.0,2.6532663316582923,6898,11
09/15/2026,14:14:21,774.88,796.0,2.6532663316582923,6899,12
09/15/2026,14:14:21,774.88,796.0,2.6532663316582923,6900,6
09/15/2026,14:14:21,774.88,796.0,2.6532663316582923,6901,11
09/15/2026,14:14:21,774.88,796.0,2.6532663316582923,6902,11
09/15/2026,14:14:21,774.88,796.0,2.6532663316582923,6903,11
09/15/2026,14:14:21,774.88,796.0,2.6532663316582923,6904,11
09/15/2026,14:14:21,774.88,796.0,2.6532663316582923,6905,19
09/15/2026,14:14:21,774.88,796.0,2.6532663316582923,6906,8
09/15/2026,14:14:21,774.88,796.0,2.6532663316582923,6907,12
09/15/2026,14:14:21,774.88,796.0,2.6532663316582923,6908,16
09/15/2026,14:14:21,774.88,796.0,2.6532663316582923,6909,14
09/15/2026,14:14:21,774.88,796.0,2.6532663316582923,6910,9
09/15/2026,14:14:21,774.88,796.0,2.6532663316582923,6911,9
09/15/2026,14:14:21,774.88,796.0,2.6532663316582923,6912,11
09/15/2026,14:14:21,774.88,796.0,2.6532663316582923,6913,10
09/15/2026,14:14:21,774.88,796.0,2.6532663316582923,6914,9
09/15/2026,14:14:21,774.88,796.0,2.6532663316582923,6915,9
09/15/2026,14:14:21,774.88,796.0,2.6532663316582923,6916,11
09/15/2026,14:14:21,774.88,796.0,2.6532663316582923,6917,12
09/15/2026,14:14:21,774.88,796.0,2.6532663316582923,6918,7
09/15/2026,14:14:21,774.88,796.0,2.6532663316582923,6919,8
09/15/2026,14:14:21,774.88,796.0,2.6532663316582923,6920,8
09/15/2026,14:14:21,774.88,796.0,2.6532663316582923,6921,7
09/15/2026,14:14:21,774.88,796.0,2.6532663316582923,6922,10
09/15/2026,14:14:21,774.88,796.0,2.6532663316582923,6923,8
09/15/2026,14:14:21,774.88,796.0,2.6532663316582923,6924,8
09/15/2026,14:14:21,774.88,796.0,2.6532663316582923,6925,14
09/15/2026,14:14:21,774.88,796.0,2.6532663316582923,6926,6
09/15/2026,14:14:21,774.88,796.0,2.6532663316582923,6927,6
09/15/2026,14:14:21,774.88,796.0,2.6532663316582923,6928,9
09/15/2026,14:14:21,774.88,796.0,2.6532663316582923,6929,14
09/15/2026,14:14:21,774.88,796.0,2.6532663316582923,6930,8
09/15/2026,14:14:21,774.88,796.0,2.6532663316582923,6931,10
09/15/2026,14:14:21,774.88,796.0,2.6532663316582923,6932,15
09/15/2026,14:14:21,774.88,796.0,2.6532663316582923,6933,6
09/15/2026,14:14:21,774.88,796.0,2.6532663316582923,6934,11
09/15/2026,14:14:21,774.88,796.0,2.6532663316582923,6935,14
09/15/2026,14:14:21,774.88,796.0,2.6532663316582923,6936,9
09/15/2026,14:14:21,774.88,796.0,2.6532663316582923,6937,7
09/15/2026,14:14:21,774.88,796.0,2.6532663316582923,6938,4
09/15/2026,14:14:21,774.88,796.0,2.6532663316582923,6939,16
09/15/2026,14:14:21,774.88,796.0,2.6532663316582923,6940,4
09/15/2026,14:14:21,774.88,796.0,2.6532663316582923,6941,5
09/15/2026,14:14:21,774.88,796.0,2.6532663316582923,6942,8
09/15/2026,14:14:21,774.88,796.0,2.6532663316582923,6943,8
09/15/2026,14:14:21,774.88,796.0,2.6532663316582923,6944,7
09/15/2026,14:14:21,774.88,796.0,2.6532663316582923,6945,11
09/15/2026,14:14:21,774.88,796.0,2.6532663316582923,6946,5
09/15/2026,14:14:21,774.88,796.0,2.6532663316582923,6947,5
09/15/2026,14:14:21,774.88,796.0,2.6532663316582923,6948,10
09/15/2026,14:14:21,774.88,796.0,2.6532663316582923,6949,8
09/15/2026,14:14:21,774.88,796.0,2.6532663316582923,6950,9
09/15/2026,14:14:21,774.88,796.0,2.6532663316582923,6951,5
09/15/2026,14:14:21,774.88,796.0,2.6532663316582923,6952,6
09/15/2026,14:14:21,774.88,796.0,2.6532663316582923,6953,12
09/15/2026,14:14:21,774.88,796.0,2.6532663316582923,6954,9
09/15/2026,14:14:21,774.88,796.0,2.6532663316582923,6955,15
09/15/2026,14:14:21,774.88,796.0,2.6532663316582923,6956,12
09/15/2026,14:14:21,774.88,796.0,2.6532663316582923,6957,8
09/15/2026,14:14:21,774.88,796.0,2.6532663316582923,6958,12
09/15/2026,14:14:21,774.88,796.0,2.6532663316582923,6959,11
09/15/2026,14:14:21,774.88,796.0,2.6532663316582923,6960,5
09/15/2026,14:14:21,774.88,796.0,2.6532663316582923,6961,8
09/15/2026,14:14:21,774.88,796.0,2.6532663316582923,6962,7
09/15/2026,14:14:21,774.88,796.0,2.6532663316582923,6963,8
09/15/2026,14:14:21,774.88,796.0,2.6532663316582923,6964,7
09/15/2026,14:14:21,774.88,796.0,2.6532663316582923,6965,13
09/15/2026,14:14:21,774.88,796.0,2.6532663316582923,6966,13
09/15/2026,14:14:21,774.88,796.0,2.6532663316582923,6967,15
09/15/2026,14:14:21,774.88,796.0,2.6532663316582923,6968,9
09/15/2026,14:14:21,774.88,796.0,2.6532663316582923,6969,10
09/15/2026,14:14:21,774.88,796.0,2.6532663316582923,6970,8
09/15/2026,14:14:21,774.88,796.0,2.6532663316582923,6971,15
09/15/2026,14:14:21,774.88,796.0,2.6532663316582923,6972,6
09/15/2026,14:14:21,774.88,796.0,2.6532663316582923,6973,9
09/15/2026,14:14:21,774.88,796.0,2.6532663316582923,6974,4
09/15/2026,14:14:21,774.88,796.0,2.6532663316582923,6975,7
09/15/2026,14:14:21,774.88,796.0,2.6532663316582923,6976,16
09/15/2026,14:14:21,774.88,796.0,2.6532663316582923,6977,7
09/15/2026,14:14:21,774.88,796.0,2.6532663316582923,6978,7
09/15/2026,14:14:21,774.88,796.0,2.6532663316582923,6979,11
09/15/2026,14:14:21,774.88,796.0,2.6532663316582923,6980,15
09/15/2026,14:14:21,774.88,796.0,2.6532663316582923,6981,6
09/15/2026,14:14:21,774.88,796.0,2.6532663316582923,6982,5
09/15/2026,14:14:21,774.88,796.0,2.6532663316582923,6983,8
09/15/2026,14:14:21,774.88,796.0,2.6532663316582923,6984,9
09/15/2026,14:14:21,774.88,796.0,2.6532663316582923,6985,7
09/15/2026,14:14:21,774.88,796.0,2.6532663316582923,6986,8
09/15/2026,14:14:21,774.88,796.0,2.6532663316582923,6987,10
09/15/2026,14:14:21,774.88,796.0,2.6532663316582923,6988,15
09/15/2026,14:14:21,774.88,796.0,2.6532663316582923,6989,8
09/15/2026,14:14:21,774.88,796.0,2.6532663316582923,6990,4
09/15/2026,14:14:21,774.88,796.0,2.6532663316582923,6991,10
09/15/2026,14:14:21,774.88,796.0,2.6532663316582923,6992,10
09/15/2026,14:14:21,774.88,796.0,2.6532663316582923,6993,13
09/15/2026,14:14:21,774.88,796.0,2.6532663316582923,6994,6
09/15/2026,14:14:21,774.88,796.0,2.6532663316582923,6995,10
09/15/2026,14:14:21,774.88,796.0,2.6532663316582923,6996,6
09/15/2026,14:14:21,774.88,796.0,2.6532663316582923,6997,5
09/15/2026,14:14:21,774.88,796.0,2.6532663316582923,6998,8
09/15/2026,14:14:21,774.88,796.0,2.6532663316582923,6999,11
09/15/2026,14:14:21,774.88,796.0,2.6532663316582923,7000,5
09/15/2026,14:14:21,774.88,796.0,2.6532663316582923,7001,8
09/15/2026,14:14:21,774.88,796.0,2.6532663316582923,7002,13
09/15/2026,14:14:21,774.88,796.0,2.6532663316582923,7003,13
09/15/2026,14:14:21,774.88,796.0,2.6532663316582923,7004,10
09/15/2026,14:14:21,774.88,796.0,2.6532663316582923,7005,10
09/15/2026,14:14:21,774.88,796.0,2.6532663316582923,7006,6
09/15/2026,14:14:21,774.88,796.0,2.6532663316582923,7007,11
09/15/2026,14:14:21,774.88,796.0,2.6532663316582923,7008,10
09/15/2026,14:14:21,774.88,796.0,2.6532663316582923,7009,6
09/15/2026,14:14:21,774.88,796.0,2.6532663316582923,7010,6
09/15/2026,14:14:21,774.88,796.0,2.6532663316582923,7011,6
09/15/2026,14:14:21,774.88,796.0,2.6532663316582923,7012,8
09/15/2026,14:14:21,774.88,796.0,2.6532663316582923,7013,6
09/15/2026,14:14:21,774.88,796.0,2.6532663316582923,7014,9
09/15/2026,14:14:21,774.88,796.0,2.6532663316582923,7015,14
09/15/2026,14:14:21,774.88,796.0,2.6532663316582923,7016,8
09/15/2026,14:14:21,774.88,796.0,2.6532663316582923,7017,8
09/15/2026,14:14:21,774.88,796.0,2.6532663316582923,7018,7
09/15/2026,14:14:21,774.88,796.0,2.6532663316582923,7019,6
09/15/2026,14:14:21,774.88,796.0,2.6532663316582923,7020,16
09/15/2026,14:14:21,774.88,796.0,2.6532663316582923,7021,5
09/15/2026,14:14:21,774.88,796.0,2.6532663316582923,7022,6
09/15/2026,14:14:21,774.88,796.0,2.6532663316582923,7023,7
09/15/2026,14:14:21,774.88,796.0,2.6532663316582923,7024,8
09/15/2026,14:14:21,774.88,796.0,2.6532663316582923,7025,7
09/15/2026,14:14:21,774.88,796.0,2.6532663316582923,7026,7
09/15/2026,14:14:21,774.88,796.0,2.6532663316582923,7027,7
09/15/2026,14:14:21,774.88,796.0,2.6532663316582923,7028,9
09/15/2026,14:14:21,774.88,796.0,2.6532663316582923,7029,9
09/15/2026,14:14:21,774.88,796.0,2.6532663316582923,7030,6
09/15/2026,14:14:21,774.88,796.0,2.6532663316582923,7031,13
09/15/2026,14:14:21,774.88,796.0,2.6532663316582923,7032,4
09/15/2026,14:14:21,774.88,796.0,2.6532663316582923,7033,5
09/15/2026,14:14:21,774.88,796.0,2.6532663316582923,7034,10
09/15/2026,14:14:21,774.88,796.0,2.6532663316582923,7035,6
09/15/2026,14:14:21,774.88,796.0,2.6532663316582923,7036,8
09/15/2026,14:14:21,774.88,796.0,2.6532663316582923,7037,13
09/15/2026,14:14:21,774.88,796.0,2.6532663316582923,7038,13
09/15/2026,14:14:21,774.88,796.0,2.6532663316582923,7039,16
09/15/2026,14:14:21,774.88,796.0,2.6532663316582923,7040,8
09/15/2026,14:14:21,774.88,796.0,2.6532663316582923,7041,3
09/15/2026,14:14:21,774.88,796.0,2.6532663316582923,7042,11
09/15/2026,14:14:21,774.88,796.0,2.6532663316582923,7043,13
09/15/2026,14:14:21,774.88,796.0,2.6532663316582923,7044,6
09/15/2026,14:14:21,774.88,796.0,2.6532663316582923,7045,6
09/15/2026,14:14:21,774.88,796.0,2.6532663316582923,7046,8
09/15/2026,14:14:21,774.88,796.0,2.6532663316582923,7047,8
09/15/2026,14:14:21,774.88,796.0,2.6532663316582923,7048,11
09/15/2026,14:14:21,774.88,796.0,2.6532663316582923,7049,6
09/15/2026,14:14:21,774.88,796.0,2.6532663316582923,7050,7
09/15/2026,14:14:21,774.88,796.0,2.6532663316582923,7051,12
09/15/2026,14:14:21,774.88,796.0,2.6532663316582923,7052,9
09/15/2026,14:14:21,774.88,796.0,2.6532663316582923,7053,13
09/15/2026,14:14:21,774.88,796.0,2.6532663316582923,7054,7
09/15/2026,14:14:21,774.88,796.0,2.6532663316582923,7055,14
09/15/2026,14:14:21,774.88,796.0,2.6532663316582923,7056,10
09/15/2026,14:14:21,774.88,796.0,2.6532663316582923,7057,8
09/15/2026,14:14:21,774.88,796.0,2.6532663316582923,7058,8
09/15/2026,14:14:21,774.88,796.0,2.6532663316582923,7059,5
09/15/2026,14:14:21,774.88,796.0,2.6532663316582923,7060,10
09/15/2026,14:14:21,774.88,796.0,2.6532663316582923,7061,10
09/15/2026,14:14:21,774.88,796.0,2.6532663316582923,7062,7
09/15/2026,14:14:21,774.88,796.0,2.6532663316582923,7063,10
09/15/2026,14:14:21,774.88,796.0,2.6532663316582923,7064,14
09/15/2026,14:14:21,774.88,796.0,2.6532663316582923,7065,7
09/15/2026,14:14:21,774.88,796.0,2.6532663316582923,7066,10
09/15/2026,14:14:21,774.88,796.0,2.6532663316582923,7067,12
09/15/2026,14:14:21,774.88,796.0,2.6532663316582923,7068,7
09/15/2026,14:14:21,774.88,796.0,2.6532663316582923,7069,11
09/15/2026,14:14:21,774.88,796.0,2.6532663316582923,7070,10
09/15/2026,14:14:21,774.88,796.0,2.6532663316582923,7071,7
09/15/2026,14:14:21,774.88,796.0,2.6532663316582923,7072,13
09/15/2026,14:14:21,774.88,796.0,2.6532663316582923,7073,8
09/15/2026,14:14:21,774.88,796.0,2.6532663316582923,7074,12
09/15/2026,14:14:21,774.88,796.0,2.6532663316582923,7075,7
09/15/2026,14:14:21,774.88,796.0,2.6532663316582923,7076,15
09/15/2026,14:14:21,774.88,796.0,2.6532663316582923,7077,11
09/15/2026,14:14:21,774.88,796.0,2.6532663316582923,7078,13
09/15/2026,14:14:21,774.88,796.0,2.6532663316582923,7079,9
09/15/2026,14:14:21,774.88,796.0,2.6532663316582923,7080,4
09/15/2026,14:14:21,774.88,796.0,2.6532663316582923,7081,9
09/15/2026,14:14:21,774.88,796.0,2.6532663316582923,7082,9
09/15/2026,14:14:21,774.88,796.0,2.6532663316582923,7083,9
09/15/2026,14:14:21,774.88,796.0,2.6532663316582923,7084,7
09/15/2026,14:14:21,774.88,796.0,2.6532663316582923,7085,5
09/15/2026,14:14:21,774.88,796.0,2.6532663316582923,7086,10
09/15/2026,14:14:21,774.88,796.0,2.6532663316582923,7087,9
09/15/2026,14:14:21,774.88,796.0,2.6532663316582923,7088,12
09/15/2026,14:14:21,774.88,796.0,2.6532663316582923,7089,10
09/15/2026,14:14:21,774.88,796.0,2.6532663316582923,7090,13
09/15/2026,14:14:21,774.88,796.0,2.6532663316582923,7091,8
09/15/2026,14:14:21,774.88,796.0,2.6532663316582923,7092,7
09/15/2026,14:14:21,774.88,796.0,2.6532663316582923,7093,13
09/15/2026,14:14:21,774.88,796.0,2.6532663316582923,7094,8
09/15/2026,14:14:21,774.88,796.0,2.6532663316582923,7095,5
09/15/2026,14:14:21,774.88,796.0,2.6532663316582923,7096,8
09/15/2026,14:14:21,774.88,796.0,2.6532663316582923,7097,13
09/15/2026,14:14:21,774.88,796.0,2.6532663316582923,7098,10
09/15/2026,14:14:21,774.88,796.0,2.6532663316582923,7099,13
09/15/2026,14:14:21,774.88,796.0,2.6532663316582923,7100,11
09/15/2026,14:14:21,774.88,796.0,2.6532663316582923,7101,14
09/15/2026,14:14:21,774.88,796.0,2.6532663316582923,7102,9
09/15/2026,14:14:21,774.88,796.0,2.6532663316582923,7103,7
09/15/2026,14:14:21,774.88,796.0,2.6532663316582923,7104,9
09/15/2026,14:14:21,774.88,796.0,2.6532663316582923,7105,11
09/15/2026,14:14:21,774.88,796.0,2.6532663316582923,7106,9
09/15/2026,14:14:21,774.88,796.0,2.6532663316582923,7107,6
09/15/2026,14:14:21,774.88,796.0,2.6532663316582923,7108,12
09/15/2026,14:14:21,774.88,796.0,2.6532663316582923,7109,12
09/15/2026,14:14:21,774.88,796.0,2.6532663316582923,7110,20
09/15/2026,14:14:21,774.88,796.0,2.6532663316582923,7111,10
09/15/2026,14:14:21,774.88,796.0,2.6532663316582923,7112,13
09/15/2026,14:14:21,774.88,796.0,2.6532663316582923,7113,14
09/15/2026,14:14:21,774.88,796.0,2.6532663316582923,7114,8
09/15/2026,14:14:21,774.88,796.0,2.6532663316582923,7115,10
09/15/2026,14:14:21,774.88,796.0,2.6532663316582923,7116,9
09/15/2026,14:14:21,774.88,796.0,2.6532663316582923,7117,9
09/15/2026,14:14:21,774.88,796.0,2.6532663316582923,7118,16
09/15/2026,14:14:21,774.88,796.0,2.6532663316582923,7119,5
09/15/2026,14:14:21,774.88,796.0,2.6532663316582923,7120,12
09/15/2026,14:14:21,774.88,796.0,2.6532663316582923,7121,10
09/15/2026,14:14:21,774.88,796.0,2.6532663316582923,7122,13
09/15/2026,14:14:21,774.88,796.0,2.6532663316582923,7123,11
09/15/2026,14:14:21,774.88,796.0,2.6532663316582923,7124,9
09/15/2026,14:14:21,774.88,796.0,2.6532663316582923,7125,14
09/15/2026,14:14:21,774.88,796.0,2.6532663316582923,7126,9
09/15/2026,14:14:21,774.88,796.0,2.6532663316582923,7127,12
09/15/2026,14:14:21,774.88,796.0,2.6532663316582923,7128,8
09/15/2026,14:14:21,774.88,796.0,2.6532663316582923,7129,15
09/15/2026,14:14:21,774.88,796.0,2.6532663316582923,7130,8
09/15/2026,14:14:21,774.88,796.0,2.6532663316582923,7131,11
09/15/2026,14:14:21,774.88,796.0,2.6532663316582923,7132,14
09/15/2026,14:14:21,774.88,796.0,2.6532663316582923,7133,13
09/15/2026,14:14:21,774.88,796.0,2.6532663316582923,7134,16
09/15/2026,14:14:21,774.88,796.0,2.6532663316582923,7135,15
09/15/2026,14:14:21,774.88,796.0,2.6532663316582923,7136,15
09/15/2026,14:14:21,774.88,796.0,2.6532663316582923,7137,9
09/15/2026,14:14:21,774.88,796.0,2.6532663316582923,7138,6
09/15/2026,14:14:21,774.88,796.0,2.6532663316582923,7139,7
09/15/2026,14:14:21,774.88,796.0,2.6532663316582923,7140,19
09/15/2026,14:14:21,774.88,796.0,2.6532663316582923,7141,18
09/15/2026,14:14:21,774.88,796.0,2.6532663316582923,7142,12
09/15/2026,14:14:21,774.88,796.0,2.6532663316582923,7143,15
09/15/2026,14:14:21,774.88,796.0,2.6532663316582923,7144,12
09/15/2026,14:14:21,774.88,796.0,2.6532663316582923,7145,12
09/15/2026,14:14:21,774.88,796.0,2.6532663316582923,7146,11
09/15/2026,14:14:21,774.88,796.0,2.6532663316582923,7147,9
09/15/2026,14:14:21,774.88,796.0,2.6532663316582923,7148,9
09/15/2026,14:14:21,774.88,796.0,2.6532663316582923,7149,10
09/15/2026,14:14:21,774.88,796.0,2.6532663316582923,7150,12
09/15/2026,14:14:21,774.88,796.0,2.6532663316582923,7151,17
09/15/2026,14:14:21,774.88,796.0,2.6532663316582923,7152,9
09/15/2026,14:14:21,774.88,796.0,2.6532663316582923,7153,10
09/15/2026,14:14:21,774.88,796.0,2.6532663316582923,7154,8
09/15/2026,14:14:21,774.88,796.0,2.6532663316582923,7155,17
09/15/2026,14:14:21,774.88,796.0,2.6532663316582923,7156,21
09/15/2026,14:14:21,774.88,796.0,2.6532663316582923,7157,15
09/15/2026,14:14:21,774.88,796.0,2.6532663316582923,7158,17
09/15/2026,14:14:21,774.88,796.0,2.6532663316582923,7159,16
09/15/2026,14:14:21,774.88,796.0,2.6532663316582923,7160,20
09/15/2026,14:14:21,774.88,796.0,2.6532663316582923,7161,12
09/15/2026,14:14:21,774.88,796.0,2.6532663316582923,7162,16
09/15/2026,14:14:21,774.88,796.0,2.6532663316582923,7163,11
09/15/2026,14:14:21,774.88,796.0,2.6532663316582923,7164,14
09/15/2026,14:14:21,774.88,796.0,2.6532663316582923,7165,15
09/15/2026,14:14:21,774.88,796.0,2.6532663316582923,7166,16
09/15/2026,14:14:21,774.88,796.0,2.6532663316582923,7167,11
09/15/2026,14:14:21,774.88,796.0,2.6532663316582923,7168,20
09/15/2026,14:14:21,774.88,796.0,2.6532663316582923,7169,11
09/15/2026,14:14:21,774.88,796.0,2.6532663316582923,7170,12
09/15/2026,14:14:21,774.88,796.0,2.6532663316582923,7171,11
09/15/2026,14:14:21,774.88,796.0,2.6532663316582923,7172,11
09/15/2026,14:14:21,774.88,796.0,2.6532663316582923,7173,20
09/15/2026,14:14:21,774.88,796.0,2.6532663316582923,7174,12
09/15/2026,14:14:21,774.88,796.0,2.6532663316582923,7175,19
09/15/2026,14:14:21,774.88,796.0,2.6532663316582923,7176,17
09/15/2026,14:14:21,774.88,796.0,2.6532663316582923,7177,9
09/15/2026,14:14:21,774.88,796.0,2.6532663316582923,7178,15
09/15/2026,14:14:21,774.88,796.0,2.6532663316582923,7179,16
09/15/2026,14:14:21,774.88,796.0,2.6532663316582923,7180,15
09/15/2026,14:14:21,774.88,796.0,2.6532663316582923,7181,16
09/15/2026,14:14:21,774.88,796.0,2.6532663316582923,7182,10
09/15/2026,14:14:21,774.88,796.0,2.6532663316582923,7183,18
09/15/2026,14:14:21,774.88,796.0,2.6532663316582923,7184,17
09/15/2026,14:14:21,774.88,796.0,2.6532663316582923,7185,16
09/15/2026,14:14:21,774.88,796.0,2.6532663316582923,7186,19
09/15/2026,14:14:21,774.88,796.0,2.6532663316582923,7187,14
09/15/2026,14:14:21,774.88,796.0,2.6532663316582923,7188,14
09/15/2026,14:14:21,774.88,796.0,2.6532663316582923,7189,15
09/15/2026,14:14:21,774.88,796.0,2.6532663316582923,7190,20
09/15/2026,14:14:21,774.88,796.0,2.6532663316582923,7191,10
09/15/2026,14:14:21,774.88,796.0,2.6532663316582923,7192,17
09/15/2026,14:14:21,774.88,796.0,2.6532663316582923,7193,21
09/15/2026,14:14:21,774.88,796.0,2.6532663316582923,7194,25
09/15/2026,14:14:21,774.88,796.0,2.6532663316582923,7195,15
09/15/2026,14:14:21,774.88,796.0,2.6532663316582923,7196,19
09/15/2026,14:14:21,774.88,796.0,2.6532663316582923,7197,19
09/15/2026,14:14:21,774.88,796.0,2.6532663316582923,7198,15
09/15/2026,14:14:21,774.88,796.0,2.6532663316582923,7199,11
09/15/2026,14:14:21,774.88,796.0,2.6532663316582923,7200,16
09/15/2026,14:14:21,774.88,796.0,2.6532663316582923,7201,21
09/15/2026,14:14:21,774.88,796.0,2.6532663316582923,7202,14
09/15/2026,14:14:21,774.88,796.0,2.6532663316582923,7203,11
09/15/2026,14:14:21,774.88,796.0,2.6532663316582923,7204,15
09/15/2026,14:14:21,774.88,796.0,2.6532663316582923,7205,16
09/15/2026,14:14:21,774.88,796.0,2.6532663316582923,7206,22
09/15/2026,14:14:21,774.88,796.0,2.6532663316582923,7207,21
09/15/2026,14:14:21,774.88,796.0,2.6532663316582923,7208,21
09/15/2026,14:14:21,774.88,796.0,2.6532663316582923,7209,22
09/15/2026,14:14:21,774.88,796.0,2.6532663316582923,7210,19
09/15/2026,14:14:21,774.88,796.0,2.6532663316582923,7211,14
09/15/2026,14:14:21,774.88,796.0,2.6532663316582923,7212,19
09/15/2026,14:14:21,774.88,796.0,2.6532663316582923,7213,18
09/15/2026,14:14:21,774.88,796.0,2.6532663316582923,7214,19
09/15/2026,14:14:21,774.88,796.0,2.6532663316582923,7215,23
09/15/2026,14:14:21,774.88,796.0,2.6532663316582923,7216,13
09/15/2026,14:14:21,774.88,796.0,2.6532663316582923,7217,21
09/15/2026,14:14:21,774.88,796.0,2.6532663316582923,7218,16
09/15/2026,14:14:21,774.88,796.0,2.6532663316582923,7219,11
09/15/2026,14:14:21,774.88,796.0,2.6532663316582923,7220,14
09/15/2026,14:14:21,774.88,796.0,2.6532663316582923,7221,14
09/15/2026,14:14:21,774.88,796.0,2.6532663316582923,7222,22
09/15/2026,14:14:21,774.88,796.0,2.6532663316582923,7223,17
09/15/2026,14:14:21,774.88,796.0,2.6532663316582923,7224,14
09/15/2026,14:14:21,774.88,796.0,2.6532663316582923,7225,19
09/15/2026,14:14:21,774.88,796.0,2.6532663316582923,7226,15
09/15/2026,14:14:21,774.88,796.0,2.6532663316582923,7227,15
09/15/2026,14:14:21,774.88,796.0,2.6532663316582923,7228,18
09/15/2026,14:14:21,774.88,796.0,2.6532663316582923,7229,19
09/15/2026,14:14:21,774.88,796.0,2.6532663316582923,7230,12
09/15/2026,14:14:21,774.88,796.0,2.6532663316582923,7231,17
09/15/2026,14:14:21,774.88,796.0,2.6532663316582923,7232,16
09/15/2026,14:14:21,774.88,796.0,2.6532663316582923,7233,33
09/15/2026,14:14:21,774.88,796.0,2.6532663316582923,7234,14
09/15/2026,14:14:21,774.88,796.0,2.6532663316582923,7235,23
09/15/2026,14:14:21,774.88,796.0,2.6532663316582923,7236,13
09/15/2026,14:14:21,774.88,796.0,2.6532663316582923,7237,22
09/15/2026,14:14:21,774.88,796.0,2.6532663316582923,7238,21
09/15/2026,14:14:21,774.88,796.0,2.6532663316582923,7239,19
09/15/2026,14:14:21,774.88,796.0,2.6532663316582923,7240,17
09/15/2026,14:14:21,774.88,796.0,2.6532663316582923,7241,17
09/15/2026,14:14:21,774.88,796.0,2.6532663316582923,7242,18
09/15/2026,14:14:21,774.88,796.0,2.6532663316582923,7243,15
09/15/2026,14:14:21,774.88,796.0,2.6532663316582923,7244,22
09/15/2026,14:14:21,774.88,796.0,2.6532663316582923,7245,21
09/15/2026,14:14:21,774.88,796.0,2.6532663316582923,7246,13
09/15/2026,14:14:21,774.88,796.0,2.6532663316582923,7247,15
09/15/2026,14:14:21,774.88,796.0,2.6532663316582923,7248,22
09/15/2026,14:14:21,774.88,796.0,2.6532663316582923,7249,30
09/15/2026,14:14:21,774.88,796.0,2.6532663316582923,7250,24
09/15/2026,14:14:21,774.88,796.0,2.6532663316582923,7251,18
09/15/2026,14:14:21,774.88,796.0,2.6532663316582923,7252,25
09/15/2026,14:14:21,774.88,796.0,2.6532663316582923,7253,31
09/15/2026,14:14:21,774.88,796.0,2.6532663316582923,7254,24
09/15/2026,14:14:21,774.88,796.0,2.6532663316582923,7255,22
09/15/2026,14:14:21,774.88,796.0,2.6532663316582923,7256,20
09/15/2026,14:14:21,774.88,796.0,2.6532663316582923,7257,31
09/15/2026,14:14:21,774.88,796.0,2.6532663316582923,7258,22
09/15/2026,14:14:21,774.88,796.0,2.6532663316582923,7259,21
09/15/2026,14:14:21,774.88,796.0,2.6532663316582923,7260,21
09/15/2026,14:14:21,774.88,796.0,2.6532663316582923,7261,19
09/15/2026,14:14:21,774.88,796.0,2.6532663316582923,7262,24
09/15/2026,14:14:21,774.88,796.0,2.6532663316582923,7263,16
09/15/2026,14:14:21,774.88,796.0,2.6532663316582923,7264,23
09/15/2026,14:14:21,774.88,796.0,2.6532663316582923,7265,20
09/15/2026,14:14:21,774.88,796.0,2.6532663316582923,7266,15
09/15/2026,14:14:21,774.88,796.0,2.6532663316582923,7267,21
09/15/2026,14:14:21,774.88,796.0,2.6532663316582923,7268,24
09/15/2026,14:14:21,774.88,796.0,2.6532663316582923,7269,34
09/15/2026,14:14:21,774.88,796.0,2.6532663316582923,7270,35
09/15/2026,14:14:21,774.88,796.0,2.6532663316582923,7271,20
09/15/2026,14:14:21,774.88,796.0,2.6532663316582923,7272,28
09/15/2026,14:14:21,774.88,796.0,2.6532663316582923,7273,24
09/15/2026,14:14:21,774.88,796.0,2.6532663316582923,7274,24
09/15/2026,14:14:21,774.88,796.0,2.6532663316582923,7275,29
09/15/2026,14:14:21,774.88,796.0,2.6532663316582923,7276,21
09/15/2026,14:14:21,774.88,796.0,2.6532663316582923,7277,19
09/15/2026,14:14:21,774.88,796.0,2.6532663316582923,7278,22
09/15/2026,14:14:21,774.88,796.0,2.6532663316582923,7279,31
09/15/2026,14:14:21,774.88,796.0,2.6532663316582923,7280,27
09/15/2026,14:14:21,774.88,796.0,2.6532663316582923,7281,18
09/15/2026,14:14:21,774.88,796.0,2.6532663316582923,7282,23
09/15/2026,14:14:21,774.88,796.0,2.6532663316582923,7283,18
09/15/2026,14:14:21,774.88,796.0,2.6532663316582923,7284,25
09/15/2026,14:14:21,774.88,796.0,2.6532663316582923,7285,26
09/15/2026,14:14:21,774.88,796.0,2.6532663316582923,7286,28
09/15/2026,14:14:21,774.88,796.0,2.6532663316582923,7287,22
09/15/2026,14:14:21,774.88,796.0,2.6532663316582923,7288,22
09/15/2026,14:14:21,774.88,796.0,2.6532663316582923,7289,18
09/15/2026,14:14:21,774.88,796.0,2.6532663316582923,7290,18
09/15/2026,14:14:21,774.88,796.0,2.6532663316582923,7291,27
09/15/2026,14:14:21,774.88,796.0,2.6532663316582923,7292,31
09/15/2026,14:14:21,774.88,796.0,2.6532663316582923,7293,19
09/15/2026,14:14:21,774.88,796.0,2.6532663316582923,7294,30
09/15/2026,14:14:21,774.88,796.0,2.6532663316582923,7295,28
09/15/2026,14:14:21,774.88,796.0,2.6532663316582923,7296,26
09/15/2026,14:14:21,774.88,796.0,2.6532663316582923,7297,25
09/15/2026,14:14:21,774.88,796.0,2.6532663316582923,7298,29
09/15/2026,14:14:21,774.88,796.0,2.6532663316582923,7299,33
09/15/2026,14:14:21,774.88,796.0,2.6532663316582923,7300,30
09/15/2026,14:14:21,774.88,796.0,2.6532663316582923,7301,30
09/15/2026,14:14:21,774.88,796.0,2.6532663316582923,7302,29
09/15/2026,14:14:21,774.88,796.0,2.6532663316582923,7303,29
09/15/2026,14:14:21,774.88,796.0,2.6532663316582923,7304,29
09/15/2026,14:14:21,774.88,796.0,2.6532663316582923,7305,28
09/15/2026,14:14:21,774.88,796.0,2.6532663316582923,7306,34
09/15/2026,14:14:21,774.88,796.0,2.6532663316582923,7307,29
09/15/2026,14:14:21,774.88,796.0,2.6532663316582923,7308,26
09/15/2026,14:14:21,774.88,796.0,2.6532663316582923,7309,29
09/15/2026,14:14:21,774.88,796.0,2.6532663316582923,7310,26
09/15/2026,14:14:21,774.88,796.0,2.6532663316582923,7311,37
09/15/2026,14:14:21,774.88,796.0,2.6532663316582923,7312,28
09/15/2026,14:14:21,774.88,796.0,2.6532663316582923,7313,30
09/15/2026,14:14:21,774.88,796.0,2.6532663316582923,7314,32
09/15/2026,14:14:21,774.88,796.0,2.6532663316582923,7315,29
09/15/2026,14:14:21,774.88,796.0,2.6532663316582923,7316,40
09/15/2026,14:14:21,774.88,796.0,2.6532663316582923,7317,33
09/15/2026,14:14:21,774.88,796.0,2.6532663316582923,7318,34
09/15/2026,14:14:21,774.88,796.0,2.6532663316582923,7319,37
09/15/2026,14:14:21,774.88,796.0,2.6532663316582923,7320,35
09/15/2026,14:14:21,774.88,796.0,2.6532663316582923,7321,40
09/15/2026,14:14:21,774.88,796.0,2.6532663316582923,7322,29
09/15/2026,14:14:21,774.88,796.0,2.6532663316582923,7323,39
09/15/2026,14:14:21,774.88,796.0,2.6532663316582923,7324,22
09/15/2026,14:14:21,774.88,796.0,2.6532663316582923,7325,21
09/15/2026,14:14:21,774.88,796.0,2.6532663316582923,7326,29
09/15/2026,14:14:21,774.88,796.0,2.6532663316582923,7327,21
09/15/2026,14:14:21,774.88,796.0,2.6532663316582923,7328,33
09/15/2026,14:14:21,774.88,796.0,2.6532663316582923,7329,28
09/15/2026,14:14:21,774.88,796.0,2.6532663316582923,7330,27
09/15/2026,14:14:21,774.88,796.0,2.6532663316582923,7331,25
09/15/2026,14:14:21,774.88,796.0,2.6532663316582923,7332,40
09/15/2026,14:14:21,774.88,796.0,2.6532663316582923,7333,41
09/15/2026,14:14:21,774.88,796.0,2.6532663316582923,7334,37
09/15/2026,14:14:21,774.88,796.0,2.6532663316582923,7335,29
09/15/2026,14:14:21,774.88,796.0,2.6532663316582923,7336,29
09/15/2026,14:14:21,774.88,796.0,2.6532663316582923,7337,35
09/15/2026,14:14:21,774.88,796.0,2.6532663316582923,7338,32
09/15/2026,14:14:21,774.88,796.0,2.6532663316582923,7339,45
09/15/2026,14:14:21,774.88,796.0,2.6532663316582923,7340,32
09/15/2026,14:14:21,774.88,796.0,2.6532663316582923,7341,41
09/15/2026,14:14:21,774.88,796.0,2.6532663316582923,7342,38
09/15/2026,14:14:21,774.88,796.0,2.6532663316582923,7343,34
09/15/2026,14:14:21,774.88,796.0,2.6532663316582923,7344,35
09/15/2026,14:14:21,774.88,796.0,2.6532663316582923,7345,30
09/15/2026,14:14:21,774.88,796.0,2.6532663316582923,7346,33
09/15/2026,14:14:21,774.88,796.0,2.6532663316582923,7347,32
09/15/2026,14:14:21,774.88,796.0,2.6532663316582923,7348,34
09/15/2026,14:14:21,774.88,796.0,2.6532663316582923,7349,34
09/15/2026,14:14:21,774.88,796.0,2.6532663316582923,7350,33
09/15/2026,14:14:21,774.88,796.0,2.6532663316582923,7351,30
09/15/2026,14:14:21,774.88,796.0,2.6532663316582923,7352,37
09/15/2026,14:14:21,774.88,796.0,2.6532663316582923,7353,38
09/15/2026,14:14:21,774.88,796.0,2.6532663316582923,7354,37
09/15/2026,14:14:21,774.88,796.0,2.6532663316582923,7355,34
09/15/2026,14:14:21,774.88,796.0,2.6532663316582923,7356,44
09/15/2026,14:14:21,774.88,796.0,2.6532663316582923,7357,36
09/15/2026,14:14:21,774.88,796.0,2.6532663316582923,7358,42
09/15/2026,14:14:21,774.88,796.0,2.6532663316582923,7359,45
09/15/2026,14:14:21,774.88,796.0,2.6532663316582923,7360,35
09/15/2026,14:14:21,774.88,796.0,2.6532663316582923,7361,36
09/15/2026,14:14:21,774.88,796.0,2.6532663316582923,7362,37
09/15/2026,14:14:21,774.88,796.0,2.6532663316582923,7363,45
09/15/2026,14:14:21,774.88,796.0,2.6532663316582923,7364,32
09/15/2026,14:14:21,774.88,796.0,2.6532663316582923,7365,27
09/15/2026,14:14:21,774.88,796.0,2.6532663316582923,7366,32
09/15/2026,14:14:21,774.88,796.0,2.6532663316582923,7367,37
09/15/2026,14:14:21,774.88,796.0,2.6532663316582923,7368,38
09/15/2026,14:14:21,774.88,796.0,2.6532663316582923,7369,39
09/15/2026,14:14:21,774.88,796.0,2.6532663316582923,7370,47
09/15/2026,14:14:21,774.88,796.0,2.6532663316582923,7371,37
09/15/2026,14:14:21,774.88,796.0,2.6532663316582923,7372,36
09/15/2026,14:14:21,774.88,796.0,2.6532663316582923,7373,35
09/15/2026,14:14:21,774.88,796.0,2.6532663316582923,7374,43
09/15/2026,14:14:21,774.88,796.0,2.6532663316582923,7375,47
09/15/2026,14:14:21,774.88,796.0,2.6532663316582923,7376,39
09/15/2026,14:14:21,774.88,796.0,2.6532663316582923,7377,46
09/15/2026,14:14:21,774.88,796.0,2.6532663316582923,7378,37
09/15/2026,14:14:21,774.88,796.0,2.6532663316582923,7379,46
09/15/2026,14:14:21,774.88,796.0,2.6532663316582923,7380,45
09/15/2026,14:14:21,774.88,796.0,2.6532663316582923,7381,28
09/15/2026,14:14:21,774.88,796.0,2.6532663316582923,7382,39
09/15/2026,14:14:21,774.88,796.0,2.6532663316582923,7383,41
09/15/2026,14:14:21,774.88,796.0,2.6532663316582923,7384,44
09/15/2026,14:14:21,774.88,796.0,2.6532663316582923,7385,46
09/15/2026,14:14:21,774.88,796.0,2.6532663316582923,7386,34
09/15/2026,14:14:21,774.88,796.0,2.6532663316582923,7387,35
09/15/2026,14:14:21,774.88,796.0,2.6532663316582923,7388,39
09/15/2026,14:14:21,774.88,796.0,2.6532663316582923,7389,45
09/15/2026,14:14:21,774.88,796.0,2.6532663316582923,7390,52
09/15/2026,14:14:21,774.88,796.0,2.6532663316582923,7391,45
09/15/2026,14:14:21,774.88,796.0,2.6532663316582923,7392,56
09/15/2026,14:14:21,774.88,796.0,2.6532663316582923,7393,40
09/15/2026,14:14:21,774.88,796.0,2.6532663316582923,7394,49
09/15/2026,14:14:21,774.88,796.0,2.6532663316582923,7395,34
09/15/2026,14:14:21,774.88,796.0,2.6532663316582923,7396,42
09/15/2026,14:14:21,774.88,796.0,2.6532663316582923,7397,33
09/15/2026,14:14:21,774.88,796.0,2.6532663316582923,7398,45
09/15/2026,14:14:21,774.88,796.0,2.6532663316582923,7399,40
09/15/2026,14:14:21,774.88,796.0,2.6532663316582923,7400,33
09/15/2026,14:14:21,774.88,796.0,2.6532663316582923,7401,52
09/15/2026,14:14:21,774.88,796.0,2.6532663316582923,7402,43
09/15/2026,14:14:21,774.88,796.0,2.6532663316582923,7403,28
09/15/2026,14:14:21,774.88,796.0,2.6532663316582923,7404,47
09/15/2026,14:14:21,774.88,796.0,2.6532663316582923,7405,46
09/15/2026,14:14:21,774.88,796.0,2.6532663316582923,7406,64
09/15/2026,14:14:21,774.88,796.0,2.6532663316582923,7407,48
09/15/2026,14:14:21,774.88,796.0,2.6532663316582923,7408,43
09/15/2026,14:14:21,774.88,796.0,2.6532663316582923,7409,41
09/15/2026,14:14:21,774.88,796.0,2.6532663316582923,7410,48
09/15/2026,14:14:21,774.88,796.0,2.6532663316582923,7411,41
09/15/2026,14:14:21,774.88,796.0,2.6532663316582923,7412,52
09/15/2026,14:14:21,774.88,796.0,2.6532663316582923,7413,44
09/15/2026,14:14:21,774.88,796.0,2.6532663316582923,7414,50
09/15/2026,14:14:21,774.88,796.0,2.6532663316582923,7415,46
09/15/2026,14:14:21,774.88,796.0,2.6532663316582923,7416,41
09/15/2026,14:14:21,774.88,796.0,2.6532663316582923,7417,64
09/15/2026,14:14:21,774.88,796.0,2.6532663316582923,7418,44
09/15/2026,14:14:21,774.88,796.0,2.6532663316582923,7419,54
09/15/2026,14:14:21,774.88,796.0,2.6532663316582923,7420,51
09/15/2026,14:14:21,774.88,796.0,2.6532663316582923,7421,49
09/15/2026,14:14:21,774.88,796.0,2.6532663316582923,7422,54
09/15/2026,14:14:21,774.88,796.0,2.6532663316582923,7423,38
09/15/2026,14:14:21,774.88,796.0,2.6532663316582923,7424,54
09/15/2026,14:14:21,774.88,796.0,2.6532663316582923,7425,56
09/15/2026,14:14:21,774.88,796.0,2.6532663316582923,7426,55
09/15/2026,14:14:21,774.88,796.0,2.6532663316582923,7427,51
09/15/2026,14:14:21,774.88,796.0,2.6532663316582923,7428,62
09/15/2026,14:14:21,774.88,796.0,2.6532663316582923,7429,41
09/15/2026,14:14:21,774.88,796.0,2.6532663316582923,7430,68
09/15/2026,14:14:21,774.88,796.0,2.6532663316582923,7431,71
09/15/2026,14:14:21,774.88,796.0,2.6532663316582923,7432,60
09/15/2026,14:14:21,774.88,796.0,2.6532663316582923,7433,59
09/15/2026,14:14:21,774.88,796.0,2.6532663316582923,7434,53
09/15/2026,14:14:21,774.88,796.0,2.6532663316582923,7435,44
09/15/2026,14:14:21,774.88,796.0,2.6532663316582923,7436,54
09/15/2026,14:14:21,774.88,796.0,2.6532663316582923,7437,42
09/15/2026,14:14:21,774.88,796.0,2.6532663316582923,7438,61
09/15/2026,14:14:21,774.88,796.0,2.6532663316582923,7439,58
09/15/2026,14:14:21,774.88,796.0,2.6532663316582923,7440,47
09/15/2026,14:14:21,774.88,796.0,2.6532663316582923,7441,49
09/15/2026,14:14:21,774.88,796.0,2.6532663316582923,7442,53
09/15/2026,14:14:21,774.88,796.0,2.6532663316582923,7443,43
09/15/2026,14:14:21,774.88,796.0,2.6532663316582923,7444,61
09/15/2026,14:14:21,774.88,796.0,2.6532663316582923,7445,64
09/15/2026,14:14:21,774.88,796.0,2.6532663316582923,7446,54
09/15/2026,14:14:21,774.88,796.0,2.6532663316582923,7447,60
09/15/2026,14:14:21,774.88,796.0,2.6532663316582923,7448,45
09/15/2026,14:14:21,774.88,796.0,2.6532663316582923,7449,61
09/15/2026,14:14:21,774.88,796.0,2.6532663316582923,7450,70
09/15/2026,14:14:21,774.88,796.0,2.6532663316582923,7451,52
09/15/2026,14:14:21,774.88,796.0,2.6532663316582923,7452,62
09/15/2026,14:14:21,774.88,796.0,2.6532663316582923,7453,52
09/15/2026,14:14:21,774.88,796.0,2.6532663316582923,7454,59
09/15/2026,14:14:21,774.88,796.0,2.6532663316582923,7455,74
09/15/2026,14:14:21,774.88,796.0,2.6532663316582923,7456,69
09/15/2026,14:14:21,774.88,796.0,2.6532663316582923,7457,62
09/15/2026,14:14:21,774.88,796.0,2.6532663316582923,7458,58
09/15/2026,14:14:21,774.88,796.0,2.6532663316582923,7459,50
09/15/2026,14:14:21,774.88,796.0,2.6532663316582923,7460,61
09/15/2026,14:14:21,774.88,796.0,2.6532663316582923,7461,64
09/15/2026,14:14:21,774.88,796.0,2.6532663316582923,7462,64
09/15/2026,14:14:21,774.88,796.0,2.6532663316582923,7463,62
09/15/2026,14:14:21,774.88,796.0,2.6532663316582923,7464,63
09/15/2026,14:14:21,774.88,796.0,2.6532663316582923,7465,62
09/15/2026,14:14:21,774.88,796.0,2.6532663316582923,7466,65
09/15/2026,14:14:21,774.88,796.0,2.6532663316582923,7467,68
09/15/2026,14:14:21,774.88,796.0,2.6532663316582923,7468,63
09/15/2026,14:14:21,774.88,796.0,2.6532663316582923,7469,61
09/15/2026,14:14:21,774.88,796.0,2.6532663316582923,7470,64
09/15/2026,14:14:21,774.88,796.0,2.6532663316582923,7471,55
09/15/2026,14:14:21,774.88,796.0,2.6532663316582923,7472,56
09/15/2026,14:14:21,774.88,796.0,2.6532663316582923,7473,71
09/15/2026,14:14:21,774.88,796.0,2.6532663316582923,7474,62
09/15/2026,14:14:21,774.88,796.0,2.6532663316582923,7475,57
09/15/2026,14:14:21,774.88,796.0,2.6532663316582923,7476,63
09/15/2026,14:14:21,774.88,796.0,2.6532663316582923,7477,55
09/15/2026,14:14:21,774.88,796.0,2.6532663316582923,7478,57
09/15/2026,14:14:21,774.88,796.0,2.6532663316582923,7479,57
09/15/2026,14:14:21,774.88,796.0,2.6532663316582923,7480,52
09/15/2026,14:14:21,774.88,796.0,2.6532663316582923,7481,62
09/15/2026,14:14:21,774.88,796.0,2.6532663316582923,7482,76
09/15/2026,14:14:21,774.88,796.0,2.6532663316582923,7483,55
09/15/2026,14:14:21,774.88,796.0,2.6532663316582923,7484,61
09/15/2026,14:14:21,774.88,796.0,2.6532663316582923,7485,63
09/15/2026,14:14:21,774.88,796.0,2.6532663316582923,7486,75
09/15/2026,14:14:21,774.88,796.0,2.6532663316582923,7487,61
09/15/2026,14:14:21,774.88,796.0,2.6532663316582923,7488,75
09/15/2026,14:14:21,774.88,796.0,2.6532663316582923,7489,77
09/15/2026,14:14:21,774.88,796.0,2.6532663316582923,7490,76
09/15/2026,14:14:21,774.88,796.0,2.6532663316582923,7491,70
09/15/2026,14:14:21,774.88,796.0,2.6532663316582923,7492,65
09/15/2026,14:14:21,774.88,796.0,2.6532663316582923,7493,63
09/15/2026,14:14:21,774.88,796.0,2.6532663316582923,7494,63
09/15/2026,14:14:21,774.88,796.0,2.6532663316582923,7495,86
09/15/2026,14:14:21,774.88,796.0,2.6532663316582923,7496,78
09/15/2026,14:14:21,774.88,796.0,2.6532663316582923,7497,64
09/15/2026,14:14:21,774.88,796.0,2.6532663316582923,7498,68
09/15/2026,14:14:21,774.88,796.0,2.6532663316582923,7499,65
09/15/2026,14:14:21,774.88,796.0,2.6532663316582923,7500,80
09/15/2026,14:14:21,774.88,796.0,2.6532663316582923,7501,67
09/15/2026,14:14:21,774.88,796.0,2.6532663316582923,7502,89
09/15/2026,14:14:21,774.88,796.0,2.6532663316582923,7503,86
09/15/2026,14:14:21,774.88,796.0,2.6532663316582923,7504,79
09/15/2026,14:14:21,774.88,796.0,2.6532663316582923,7505,71
09/15/2026,14:14:21,774.88,796.0,2.6532663316582923,7506,67
09/15/2026,14:14:21,774.88,796.0,2.6532663316582923,7507,67
09/15/2026,14:14:21,774.88,796.0,2.6532663316582923,7508,74
09/15/2026,14:14:21,774.88,796.0,2.6532663316582923,7509,72
09/15/2026,14:14:21,774.88,796.0,2.6532663316582923,7510,63
09/15/2026,14:14:21,774.88,796.0,2.6532663316582923,7511,88
09/15/2026,14:14:21,774.88,796.0,2.6532663316582923,7512,61
09/15/2026,14:14:21,774.88,796.0,2.6532663316582923,7513,68
09/15/2026,14:14:21,774.88,796.0,2.6532663316582923,7514,66
09/15/2026,14:14:21,774.88,796.0,2.6532663316582923,7515,66
09/15/2026,14:14:21,774.88,796.0,2.6532663316582923,7516,82
09/15/2026,14:14:21,774.88,796.0,2.6532663316582923,7517,50
09/15/2026,14:14:21,774.88,796.0,2.6532663316582923,7518,85
09/15/2026,14:14:21,774.88,796.0,2.6532663316582923,7519,59
09/15/2026,14:14:21,774.88,796.0,2.6532663316582923,7520,89
09/15/2026,14:14:21,774.88,796.0,2.6532663316582923,7521,89
09/15/2026,14:14:21,774.88,796.0,2.6532663316582923,7522,88
09/15/2026,14:14:21,774.88,796.0,2.6532663316582923,7523,76
09/15/2026,14:14:21,774.88,796.0,2.6532663316582923,7524,60
09/15/2026,14:14:21,774.88,796.0,2.6532663316582923,7525,83
09/15/2026,14:14:21,774.88,796.0,2.6532663316582923,7526,76
09/15/2026,14:14:21,774.88,796.0,2.6532663316582923,7527,82
09/15/2026,14:14:21,774.88,796.0,2.6532663316582923,7528,70
09/15/2026,14:14:21,774.88,796.0,2.6532663316582923,7529,88
09/15/2026,14:14:21,774.88,796.0,2.6532663316582923,7530,80
09/15/2026,14:14:21,774.88,796.0,2.6532663316582923,7531,72
09/15/2026,14:14:21,774.88,796.0,2.6532663316582923,7532,69
09/15/2026,14:14:21,774.88,796.0,2.6532663316582923,7533,73
09/15/2026,14:14:21,774.88,796.0,2.6532663316582923,7534,78
09/15/2026,14:14:21,774.88,796.0,2.6532663316582923,7535,85
09/15/2026,14:14:21,774.88,796.0,2.6532663316582923,7536,73
09/15/2026,14:14:21,774.88,796.0,2.6532663316582923,7537,82
09/15/2026,14:14:21,774.88,796.0,2.6532663316582923,7538,79
09/15/2026,14:14:21,774.88,796.0,2.6532663316582923,7539,99
09/15/2026,14:14:21,774.88,796.0,2.6532663316582923,7540,73
09/15/2026,14:14:21,774.88,796.0,2.6532663316582923,7541,70
09/15/2026,14:14:21,774.88,796.0,2.6532663316582923,7542,78
09/15/2026,14:14:21,774.88,796.0,2.6532663316582923,7543,83
09/15/2026,14:14:21,774.88,796.0,2.6532663316582923,7544,70
09/15/2026,14:14:21,774.88,796.0,2.6532663316582923,7545,91
09/15/2026,14:14:21,774.88,796.0,2.6532663316582923,7546,90
09/15/2026,14:14:21,774.88,796.0,2.6532663316582923,7547,88
09/15/2026,14:14:21,774.88,796.0,2.6532663316582923,7548,80
09/15/2026,14:14:21,774.88,796.0,2.6532663316582923,7549,78
09/15/2026,14:14:21,774.88,796.0,2.6532663316582923,7550,78
09/15/2026,14:14:21,774.88,796.0,2.6532663316582923,7551,66
09/15/2026,14:14:21,774.88,796.0,2.6532663316582923,7552,86
09/15/2026,14:14:21,774.88,796.0,2.6532663316582923,7553,90
09/15/2026,14:14:21,774.88,796.0,2.6532663316582923,7554,84
09/15/2026,14:14:21,774.88,796.0,2.6532663316582923,7555,78
09/15/2026,14:14:21,774.88,796.0,2.6532663316582923,7556,75
09/15/2026,14:14:21,774.88,796.0,2.6532663316582923,7557,87
09/15/2026,14:14:21,774.88,796.0,2.6532663316582923,7558,77
09/15/2026,14:14:21,774.88,796.0,2.6532663316582923,7559,88
09/15/2026,14:14:21,774.88,796.0,2.6532663316582923,7560,91
09/15/2026,14:14:21,774.88,796.0,2.6532663316582923,7561,79
09/15/2026,14:14:21,774.88,796.0,2.6532663316582923,7562,63
09/15/2026,14:14:21,774.88,796.0,2.6532663316582923,7563,102
09/15/2026,14:14:21,774.88,796.0,2.6532663316582923,7564,88
09/15/2026,14:14:21,774.88,796.0,2.6532663316582923,7565,90
09/15/2026,14:14:21,774.88,796.0,2.6532663316582923,7566,71
09/15/2026,14:14:21,774.88,796.0,2.6532663316582923,7567,83
09/15/2026,14:14:21,774.88,796.0,2.6532663316582923,7568,80
09/15/2026,14:14:21,774.88,796.0,2.6532663316582923,7569,72
09/15/2026,14:14:21,774.88,796.0,2.6532663316582923,7570,78
09/15/2026,14:14:21,774.88,796.0,2.6532663316582923,7571,88
09/15/2026,14:14:21,774.88,796.0,2.6532663316582923,7572,85
09/15/2026,14:14:21,774.88,796.0,2.6532663316582923,7573,79
09/15/2026,14:14:21,774.88,796.0,2.6532663316582923,7574,84
09/15/2026,14:14:21,774.88,796.0,2.6532663316582923,7575,72
09/15/2026,14:14:21,774.88,796.0,2.6532663316582923,7576,76
09/15/2026,14:14:21,774.88,796.0,2.6532663316582923,7577,66
09/15/2026,14:14:21,774.88,796.0,2.6532663316582923,7578,84
09/15/2026,14:14:21,774.88,796.0,2.6532663316582923,7579,87
09/15/2026,14:14:21,774.88,796.0,2.6532663316582923,7580,85
09/15/2026,14:14:21,774.88,796.0,2.6532663316582923,7581,77
09/15/2026,14:14:21,774.88,796.0,2.6532663316582923,7582,62
09/15/2026,14:14:21,774.88,796.0,2.6532663316582923,7583,77
09/15/2026,14:14:21,774.88,796.0,2.6532663316582923,7584,68
09/15/2026,14:14:21,774.88,796.0,2.6532663316582923,7585,65
09/15/2026,14:14:21,774.88,796.0,2.6532663316582923,7586,81
09/15/2026,14:14:21,774.88,796.0,2.6532663316582923,7587,98
09/15/2026,14:14:21,774.88,796.0,2.6532663316582923,7588,81
09/15/2026,14:14:21,774.88,796.0,2.6532663316582923,7589,87
09/15/2026,14:14:21,774.88,796.0,2.6532663316582923,7590,103
09/15/2026,14:14:21,774.88,796.0,2.6532663316582923,7591,90
09/15/2026,14:14:21,774.88,796.0,2.6532663316582923,7592,82
09/15/2026,14:14:21,774.88,796.0,2.6532663316582923,7593,88
09/15/2026,14:14:21,774.88,796.0,2.6532663316582923,7594,103
09/15/2026,14:14:21,774.88,796.0,2.6532663316582923,7595,82
09/15/2026,14:14:21,774.88,796.0,2.6532663316582923,7596,97
09/15/2026,14:14:21,774.88,796.0,2.6532663316582923,7597,68
09/15/2026,14:14:21,774.88,796.0,2.6532663316582923,7598,99
09/15/2026,14:14:21,774.88,796.0,2.6532663316582923,7599,95
09/15/2026,14:14:21,774.88,796.0,2.6532663316582923,7600,98
09/15/2026,14:14:21,774.88,796.0,2.6532663316582923,7601,91
09/15/2026,14:14:21,774.88,796.0,2.6532663316582923,7602,91
09/15/2026,14:14:21,774.88,796.0,2.6532663316582923,7603,67
09/15/2026,14:14:21,774.88,796.0,2.6532663316582923,7604,93
09/15/2026,14:14:21,774.88,796.0,2.6532663316582923,7605,80
09/15/2026,14:14:21,774.88,796.0,2.6532663316582923,7606,78
09/15/2026,14:14:21,774.88,796.0,2.6532663316582923,7607,93
09/15/2026,14:14:21,774.88,796.0,2.6532663316582923,7608,85
09/15/2026,14:14:21,774.88,796.0,2.6532663316582923,7609,102
09/15/2026,14:14:21,774.88,796.0,2.6532663316582923,7610,86
09/15/2026,14:14:21,774.88,796.0,2.6532663316582923,7611,105
09/15/2026,14:14:21,774.88,796.0,2.6532663316582923,7612,98
09/15/2026,14:14:21,774.88,796.0,2.6532663316582923,7613,81
09/15/2026,14:14:21,774.88,796.0,2.6532663316582923,7614,89
09/15/2026,14:14:21,774.88,796.0,2.6532663316582923,7615,91
09/15/2026,14:14:21,774.88,796.0,2.6532663316582923,7616,85
09/15/2026,14:14:21,774.88,796.0,2.6532663316582923,7617,87
09/15/2026,14:14:21,774.88,796.0,2.6532663316582923,7618,99
09/15/2026,14:14:21,774.88,796.0,2.6532663316582923,7619,91
09/15/2026,14:14:21,774.88,796.0,2.6532663316582923,7620,98
09/15/2026,14:14:21,774.88,796.0,2.6532663316582923,7621,84
09/15/2026,14:14:21,774.88,796.0,2.6532663316582923,7622,88
09/15/2026,14:14:21,774.88,796.0,2.6532663316582923,7623,86
09/15/2026,14:14:21,774.88,796.0,2.6532663316582923,7624,83
09/15/2026,14:14:21,774.88,796.0,2.6532663316582923,7625,101
09/15/2026,14:14:21,774.88,796.0,2.6532663316582923,7626,91
09/15/2026,14:14:21,774.88,796.0,2.6532663316582923,7627,95
09/15/2026,14:14:21,774.88,796.0,2.6532663316582923,7628,89
09/15/2026,14:14:21,774.88,796.0,2.6532663316582923,7629,90
09/15/2026,14:14:21,774.88,796.0,2.6532663316582923,7630,98
09/15/2026,14:14:21,774.88,796.0,2.6532663316582923,7631,85
09/15/2026,14:14:21,774.88,796.0,2.6532663316582923,7632,83
09/15/2026,14:14:21,774.88,796.0,2.6532663316582923,7633,101
09/15/2026,14:14:21,774.88,796.0,2.6532663316582923,7634,75
09/15/2026,14:14:21,774.88,796.0,2.6532663316582923,7635,96
09/15/2026,14:14:21,774.88,796.0,2.6532663316582923,7636,85
09/15/2026,14:14:21,774.88,796.0,2.6532663316582923,7637,100
09/15/2026,14:14:21,774.88,796.0,2.6532663316582923,7638,102
09/15/2026,14:14:21,774.88,796.0,2.6532663316582923,7639,93
09/15/2026,14:14:21,774.88,796.0,2.6532663316582923,7640,73
09/15/2026,14:14:21,774.88,796.0,2.6532663316582923,7641,87
09/15/2026,14:14:21,774.88,796.0,2.6532663316582923,7642,88
09/15/2026,14:14:21,774.88,796.0,2.6532663316582923,7643,78
09/15/2026,14:14:21,774.88,796.0,2.6532663316582923,7644,94
09/15/2026,14:14:21,774.88,796.0,2.6532663316582923,7645,87
09/15/2026,14:14:21,774.88,796.0,2.6532663316582923,7646,98
09/15/2026,14:14:21,774.88,796.0,2.6532663316582923,7647,100
09/15/2026,14:14:21,774.88,796.0,2.6532663316582923,7648,75
09/15/2026,14:14:21,774.88,796.0,2.6532663316582923,7649,68
09/15/2026,14:14:21,774.88,796.0,2.6532663316582923,7650,80
09/15/2026,14:14:21,774.88,796.0,2.6532663316582923,7651,85
09/15/2026,14:14:21,774.88,796.0,2.6532663316582923,7652,92
09/15/2026,14:14:21,774.88,796.0,2.6532663316582923,7653,94
09/15/2026,14:14:21,774.88,796.0,2.6532663316582923,7654,94
09/15/2026,14:14:21,774.88,796.0,2.6532663316582923,7655,109
09/15/2026,14:14:21,774.88,796.0,2.6532663316582923,7656,73
09/15/2026,14:14:21,774.88,796.0,2.6532663316582923,7657,86
09/15/2026,14:14:21,774.88,796.0,2.6532663316582923,7658,81
09/15/2026,14:14:21,774.88,796.0,2.6532663316582923,7659,101
09/15/2026,14:14:21,774.88,796.0,2.6532663316582923,7660,94
09/15/2026,14:14:21,774.88,796.0,2.6532663316582923,7661,74
09/15/2026,14:14:21,774.88,796.0,2.6532663316582923,7662,88
09/15/2026,14:14:21,774.88,796.0,2.6532663316582923,7663,97
09/15/2026,14:14:21,774.88,796.0,2.6532663316582923,7664,91
09/15/2026,14:14:21,774.88,796.0,2.6532663316582923,7665,86
09/15/2026,14:14:21,774.88,796.0,2.6532663316582923,7666,93
09/15/2026,14:14:21,774.88,796.0,2.6532663316582923,7667,81
09/15/2026,14:14:21,774.88,796.0,2.6532663316582923,7668,84
09/15/2026,14:14:21,774.88,796.0,2.6532663316582923,7669,99
09/15/2026,14:14:21,774.88,796.0,2.6532663316582923,7670,105
09/15/2026,14:14:21,774.88,796.0,2.6532663316582923,7671,88
09/15/2026,14:14:21,774.88,796.0,2.6532663316582923,7672,100
09/15/2026,14:14:21,774.88,796.0,2.6532663316582923,7673,83
09/15/2026,14:14:21,774.88,796.0,2.6532663316582923,7674,95
09/15/2026,14:14:21,774.88,796.0,2.6532663316582923,7675,72
09/15/2026,14:14:21,774.88,796.0,2.6532663316582923,7676,110
09/15/2026,14:14:21,774.88,796.0,2.6532663316582923,7677,106
09/15/2026,14:14:21,774.88,796.0,2.6532663316582923,7678,87
09/15/2026,14:14:21,774.88,796.0,2.6532663316582923,7679,85
09/15/2026,14:14:21,774.88,796.0,2.6532663316582923,7680,84
09/15/2026,14:14:21,774.88,796.0,2.6532663316582923,7681,88
09/15/2026,14:14:21,774.88,796.0,2.6532663316582923,7682,86
09/15/2026,14:14:21,774.88,796.0,2.6532663316582923,7683,86
09/15/2026,14:14:21,774.88,796.0,2.6532663316582923,7684,85
09/15/2026,14:14:21,774.88,796.0,2.6532663316582923,7685,96
09/15/2026,14:14:21,774.88,796.0,2.6532663316582923,7686,84
09/15/2026,14:14:21,774.88,796.0,2.6532663316582923,7687,85
09/15/2026,14:14:21,774.88,796.0,2.6532663316582923,7688,89
09/15/2026,14:14:21,774.88,796.0,2.6532663316582923,7689,98
09/15/2026,14:14:21,774.88,796.0,2.6532663316582923,7690,92
09/15/2026,14:14:21,774.88,796.0,2.6532663316582923,7691,94
09/15/2026,14:14:21,774.88,796.0,2.6532663316582923,7692,91
09/15/2026,14:14:21,774.88,796.0,2.6532663316582923,7693,79
09/15/2026,14:14:21,774.88,796.0,2.6532663316582923,7694,88
09/15/2026,14:14:21,774.88,796.0,2.6532663316582923,7695,97
09/15/2026,14:14:21,774.88,796.0,2.6532663316582923,7696,78
09/15/2026,14:14:21,774.88,796.0,2.6532663316582923,7697,85
09/15/2026,14:14:21,774.88,796.0,2.6532663316582923,7698,105
09/15/2026,14:14:21,774.88,796.0,2.6532663316582923,7699,101
09/15/2026,14:14:21,774.88,796.0,2.6532663316582923,7700,95
09/15/2026,14:14:21,774.88,796.0,2.6532663316582923,7701,98
09/15/2026,14:14:21,774.88,796.0,2.6532663316582923,7702,98
09/15/2026,14:14:21,774.88,796.0,2.6532663316582923,7703,88
09/15/2026,14:14:21,774.88,796.0,2.6532663316582923,7704,103
09/15/2026,14:14:21,774.88,796.0,2.6532663316582923,7705,76
09/15/2026,14:14:21,774.88,796.0,2.6532663316582923,7706,111
09/15/2026,14:14:21,774.88,796.0,2.6532663316582923,7707,103
09/15/2026,14:14:21,774.88,796.0,2.6532663316582923,7708,83
09/15/2026,14:14:21,774.88,796.0,2.6532663316582923,7709,71
09/15/2026,14:14:21,774.88,796.0,2.6532663316582923,7710,89
09/15/2026,14:14:21,774.88,796.0,2.6532663316582923,7711,97
09/15/2026,14:14:21,774.88,796.0,2.6532663316582923,7712,98
09/15/2026,14:14:21,774.88,796.0,2.6532663316582923,7713,82
09/15/2026,14:14:21,774.88,796.0,2.6532663316582923,7714,108
09/15/2026,14:14:21,774.88,796.0,2.6532663316582923,7715,91
09/15/2026,14:14:21,774.88,796.0,2.6532663316582923,7716,86
09/15/2026,14:14:21,774.88,796.0,2.6532663316582923,7717,86
09/15/2026,14:14:21,774.88,796.0,2.6532663316582923,7718,79
09/15/2026,14:14:21,774.88,796.0,2.6532663316582923,7719,80
09/15/2026,14:14:21,774.88,796.0,2.6532663316582923,7720,79
09/15/2026,14:14:21,774.88,796.0,2.6532663316582923,7721,85
09/15/2026,14:14:21,774.88,796.0,2.6532663316582923,7722,80
09/15/2026,14:14:21,774.88,796.0,2.6532663316582923,7723,79
09/15/2026,14:14:21,774.88,796.0,2.6532663316582923,7724,82
09/15/2026,14:14:21,774.88,796.0,2.6532663316582923,7725,91
09/15/2026,14:14:21,774.88,796.0,2.6532663316582923,7726,95
09/15/2026,14:14:21,774.88,796.0,2.6532663316582923,7727,87
09/15/2026,14:14:21,774.88,796.0,2.6532663316582923,7728,90
09/15/2026,14:14:21,774.88,796.0,2.6532663316582923,7729,63
09/15/2026,14:14:21,774.88,796.0,2.6532663316582923,7730,88
09/15/2026,14:14:21,774.88,796.0,2.6532663316582923,7731,85
09/15/2026,14:14:21,774.88,796.0,2.6532663316582923,7732,87
09/15/2026,14:14:21,774.88,796.0,2.6532663316582923,7733,86
09/15/2026,14:14:21,774.88,796.0,2.6532663316582923,7734,84
09/15/2026,14:14:21,774.88,796.0,2.6532663316582923,7735,95
09/15/2026,14:14:21,774.88,796.0,2.6532663316582923,7736,100
09/15/2026,14:14:21,774.88,796.0,2.6532663316582923,7737,97
09/15/2026,14:14:21,774.88,796.0,2.6532663316582923,7738,81
09/15/2026,14:14:21,774.88,796.0,2.6532663316582923,7739,89
09/15/2026,14:14:21,774.88,796.0,2.6532663316582923,7740,99
09/15/2026,14:14:21,774.88,796.0,2.6532663316582923,7741,92
09/15/2026,14:14:21,774.88,796.0,2.6532663316582923,7742,79
09/15/2026,14:14:21,774.88,796.0,2.6532663316582923,7743,96
09/15/2026,14:14:21,774.88,796.0,2.6532663316582923,7744,84
09/15/2026,14:14:21,774.88,796.0,2.6532663316582923,7745,77
09/15/2026,14:14:21,774.88,796.0,2.6532663316582923,7746,102
09/15/2026,14:14:21,774.88,796.0,2.6532663316582923,7747,73
09/15/2026,14:14:21,774.88,796.0,2.6532663316582923,7748,85
09/15/2026,14:14:21,774.88,796.0,2.6532663316582923,7749,84
09/15/2026,14:14:21,774.88,796.0,2.6532663316582923,7750,88
09/15/2026,14:14:21,774.88,796.0,2.6532663316582923,7751,83
09/15/2026,14:14:21,774.88,796.0,2.6532663316582923,7752,88
09/15/2026,14:14:21,774.88,796.0,2.6532663316582923,7753,84
09/15/2026,14:14:21,774.88,796.0,2.6532663316582923,7754,80
09/15/2026,14:14:21,774.88,796.0,2.6532663316582923,7755,72
09/15/2026,14:14:21,774.88,796.0,2.6532663316582923,7756,79
09/15/2026,14:14:21,774.88,796.0,2.6532663316582923,7757,75
09/15/2026,14:14:21,774.88,796.0,2.6532663316582923,7758,78
09/15/2026,14:14:21,774.88,796.0,2.6532663316582923,7759,94
09/15/2026,14:14:21,774.88,796.0,2.6532663316582923,7760,68
09/15/2026,14:14:21,774.88,796.0,2.6532663316582923,7761,73
09/15/2026,14:14:21,774.88,796.0,2.6532663316582923,7762,73
09/15/2026,14:14:21,774.88,796.0,2.6532663316582923,7763,67
09/15/2026,14:14:21,774.88,796.0,2.6532663316582923,7764,67
09/15/2026,14:14:21,774.88,796.0,2.6532663316582923,7765,68
09/15/2026,14:14:21,774.88,796.0,2.6532663316582923,7766,95
09/15/2026,14:14:21,774.88,796.0,2.6532663316582923,7767,84
09/15/2026,14:14:21,774.88,796.0,2.6532663316582923,7768,86
09/15/2026,14:14:21,774.88,796.0,2.6532663316582923,7769,92
09/15/2026,14:14:21,774.88,796.0,2.6532663316582923,7770,80
09/15/2026,14:14:21,774.88,796.0,2.6532663316582923,7771,83
09/15/2026,14:14:21,774.88,796.0,2.6532663316582923,7772,91
09/15/2026,14:14:21,774.88,796.0,2.6532663316582923,7773,88
09/15/2026,14:14:21,774.88,796.0,2.6532663316582923,7774,75
09/15/2026,14:14:21,774.88,796.0,2.6532663316582923,7775,86
09/15/2026,14:14:21,774.88,796.0,2.6532663316582923,7776,69
09/15/2026,14:14:21,774.88,796.0,2.6532663316582923,7777,72
09/15/2026,14:14:21,774.88,796.0,2.6532663316582923,7778,71
09/15/2026,14:14:21,774.88,796.0,2.6532663316582923,7779,85
09/15/2026,14:14:21,774.88,796.0,2.6532663316582923,7780,72
09/15/2026,14:14:21,774.88,796.0,2.6532663316582923,7781,79
09/15/2026,14:14:21,774.88,796.0,2.6532663316582923,7782,72
09/15/2026,14:14:21,774.88,796.0,2.6532663316582923,7783,52
09/15/2026,14:14:21,774.88,796.0,2.6532663316582923,7784,83
09/15/2026,14:14:21,774.88,796.0,2.6532663316582923,7785,73
09/15/2026,14:14:21,774.88,796.0,2.6532663316582923,7786,82
09/15/2026,14:14:21,774.88,796.0,2.6532663316582923,7787,66
09/15/2026,14:14:21,774.88,796.0,2.6532663316582923,7788,73
09/15/2026,14:14:21,774.88,796.0,2.6532663316582923,7789,85
09/15/2026,14:14:21,774.88,796.0,2.6532663316582923,7790,74
09/15/2026,14:14:21,774.88,796.0,2.6532663316582923,7791,79
09/15/2026,14:14:21,774.88,796.0,2.6532663316582923,7792,73
09/15/2026,14:14:21,774.88,796.0,2.6532663316582923,7793,97
09/15/2026,14:14:21,774.88,796.0,2.6532663316582923,7794,76
09/15/2026,14:14:21,774.88,796.0,2.6532663316582923,7795,70
09/15/2026,14:14:21,774.88,796.0,2.6532663316582923,7796,80
09/15/2026,14:14:21,774.88,796.0,2.6532663316582923,7797,64
09/15/2026,14:14:21,774.88,796.0,2.6532663316582923,7798,76
09/15/2026,14:14:21,774.88,796.0,2.6532663316582923,7799,62
09/15/2026,14:14:21,774.88,796.0,2.6532663316582923,7800,80
09/15/2026,14:14:21,774.88,796.0,2.6532663316582923,7801,73
09/15/2026,14:14:21,774.88,796.0,2.6532663316582923,7802,73
09/15/2026,14:14:21,774.88,796.0,2.6532663316582923,7803,73
09/15/2026,14:14:21,774.88,796.0,2.6532663316582923,7804,71
09/15/2026,14:14:21,774.88,796.0,2.6532663316582923,7805,76
09/15/2026,14:14:21,774.88,796.0,2.6532663316582923,7806,68
09/15/2026,14:14:21,774.88,796.0,2.6532663316582923,7807,88
09/15/2026,14:14:21,774.88,796.0,2.6532663316582923,7808,81
09/15/2026,14:14:21,774.88,796.0,2.6532663316582923,7809,77
09/15/2026,14:14:21,774.88,796.0,2.6532663316582923,7810,69
09/15/2026,14:14:21,774.88,796.0,2.6532663316582923,7811,74
09/15/2026,14:14:21,774.88,796.0,2.6532663316582923,7812,69
09/15/2026,14:14:21,774.88,796.0,2.6532663316582923,7813,71
09/15/2026,14:14:21,774.88,796.0,2.6532663316582923,7814,65
09/15/2026,14:14:21,774.88,796.0,2.6532663316582923,7815,72
09/15/2026,14:14:21,774.88,796.0,2.6532663316582923,7816,66
09/15/2026,14:14:21,774.88,796.0,2.6532663316582923,7817,67
09/15/2026,14:14:21,774.88,796.0,2.6532663316582923,7818,72
09/15/2026,14:14:21,774.88,796.0,2.6532663316582923,7819,70
09/15/2026,14:14:21,774.88,796.0,2.6532663316582923,7820,76
09/15/2026,14:14:21,774.88,796.0,2.6532663316582923,7821,77
09/15/2026,14:14:21,774.88,796.0,2.6532663316582923,7822,63
09/15/2026,14:14:21,774.88,796.0,2.6532663316582923,7823,74
09/15/2026,14:14:21,774.88,796.0,2.6532663316582923,7824,81
09/15/2026,14:14:21,774.88,796.0,2.6532663316582923,7825,74
09/15/2026,14:14:21,774.88,796.0,2.6532663316582923,7826,72
09/15/2026,14:14:21,774.88,796.0,2.6532663316582923,7827,69
09/15/2026,14:14:21,774.88,796.0,2.6532663316582923,7828,49
09/15/2026,14:14:21,774.88,796.0,2.6532663316582923,7829,69
09/15/2026,14:14:21,774.88,796.0,2.6532663316582923,7830,74
09/15/2026,14:14:21,774.88,796.0,2.6532663316582923,7831,63
09/15/2026,14:14:21,774.88,796.0,2.6532663316582923,7832,63
09/15/2026,14:14:21,774.88,796.0,2.6532663316582923,7833,69
09/15/2026,14:14:21,774.88,796.0,2.6532663316582923,7834,62
09/15/2026,14:14:21,774.88,796.0,2.6532663316582923,7835,65
09/15/2026,14:14:21,774.88,796.0,2.6532663316582923,7836,74
09/15/2026,14:14:21,774.88,796.0,2.6532663316582923,7837,63
09/15/2026,14:14:21,774.88,796.0,2.6532663316582923,7838,55
09/15/2026,14:14:21,774.88,796.0,2.6532663316582923,7839,60
09/15/2026,14:14:21,774.88,796.0,2.6532663316582923,7840,80
09/15/2026,14:14:21,774.88,796.0,2.6532663316582923,7841,64
09/15/2026,14:14:21,774.88,796.0,2.6532663316582923,7842,74
09/15/2026,14:14:21,774.88,796.0,2.6532663316582923,7843,63
09/15/2026,14:14:21,774.88,796.0,2.6532663316582923,7844,66
09/15/2026,14:14:21,774.88,796.0,2.6532663316582923,7845,65
09/15/2026,14:14:21,774.88,796.0,2.6532663316582923,7846,59
09/15/2026,14:14:21,774.88,796.0,2.6532663316582923,7847,54
09/15/2026,14:14:21,774.88,796.0,2.6532663316582923,7848,69
09/15/2026,14:14:21,774.88,796.0,2.6532663316582923,7849,65
09/15/2026,14:14:21,774.88,796.0,2.6532663316582923,7850,80
09/15/2026,14:14:21,774.88,796.0,2.6532663316582923,7851,55
09/15/2026,14:14:21,774.88,796.0,2.6532663316582923,7852,66
09/15/2026,14:14:21,774.88,796.0,2.6532663316582923,7853,72
09/15/2026,14:14:21,774.88,796.0,2.6532663316582923,7854,74
09/15/2026,14:14:21,774.88,796.0,2.6532663316582923,7855,67
09/15/2026,14:14:21,774.88,796.0,2.6532663316582923,7856,56
09/15/2026,14:14:21,774.88,796.0,2.6532663316582923,7857,65
09/15/2026,14:14:21,774.88,796.0,2.6532663316582923,7858,72
09/15/2026,14:14:21,774.88,796.0,2.6532663316582923,7859,61
09/15/2026,14:14:21,774.88,796.0,2.6532663316582923,7860,60
09/15/2026,14:14:21,774.88,796.0,2.6532663316582923,7861,57
09/15/2026,14:14:21,774.88,796.0,2.6532663316582923,7862,63
09/15/2026,14:14:21,774.88,796.0,2.6532663316582923,7863,62
09/15/2026,14:14:21,774.88,796.0,2.6532663316582923,7864,58
09/15/2026,14:14:21,774.88,796.0,2.6532663316582923,7865,59
09/15/2026,14:14:21,774.88,796.0,2.6532663316582923,7866,56
09/15/2026,14:14:21,774.88,796.0,2.6532663316582923,7867,56
09/15/2026,14:14:21,774.88,796.0,2.6532663316582923,7868,63
09/15/2026,14:14:21,774.88,796.0,2.6532663316582923,7869,62
09/15/2026,14:14:21,774.88,796.0,2.6532663316582923,7870,66
09/15/2026,14:14:21,774.88,796.0,2.6532663316582923,7871,53
09/15/2026,14:14:21,774.88,796.0,2.6532663316582923,7872,64
09/15/2026,14:14:21,774.88,796.0,2.6532663316582923,7873,67
09/15/2026,14:14:21,774.88,796.0,2.6532663316582923,7874,60
09/15/2026,14:14:21,774.88,796.0,2.6532663316582923,7875,57
09/15/2026,14:14:21,774.88,796.0,2.6532663316582923,7876,50
09/15/2026,14:14:21,774.88,796.0,2.6532663316582923,7877,56
09/15/2026,14:14:21,774.88,796.0,2.6532663316582923,7878,56
09/15/2026,14:14:21,774.88,796.0,2.6532663316582923,7879,52
09/15/2026,14:14:21,774.88,796.0,2.6532663316582923,7880,55
09/15/2026,14:14:21,774.88,796.0,2.6532663316582923,7881,58
09/15/2026,14:14:21,774.88,796.0,2.6532663316582923,7882,63
09/15/2026,14:14:21,774.88,796.0,2.6532663316582923,7883,54
09/15/2026,14:14:21,774.88,796.0,2.6532663316582923,7884,53
09/15/2026,14:14:21,774.88,796.0,2.6532663316582923,7885,63
09/15/2026,14:14:21,774.88,796.0,2.6532663316582923,7886,51
09/15/2026,14:14:21,774.88,796.0,2.6532663316582923,7887,55
09/15/2026,14:14:21,774.88,796.0,2.6532663316582923,7888,44
09/15/2026,14:14:21,774.88,796.0,2.6532663316582923,7889,56
09/15/2026,14:14:21,774.88,796.0,2.6532663316582923,7890,65
09/15/2026,14:14:21,774.88,796.0,2.6532663316582923,7891,38
09/15/2026,14:14:21,774.88,796.0,2.6532663316582923,7892,63
09/15/2026,14:14:21,774.88,796.0,2.6532663316582923,7893,43
09/15/2026,14:14:21,774.88,796.0,2.6532663316582923,7894,61
09/15/2026,14:14:21,774.88,796.0,2.6532663316582923,7895,54
09/15/2026,14:14:21,774.88,796.0,2.6532663316582923,7896,44
09/15/2026,14:14:21,774.88,796.0,2.6532663316582923,7897,52
09/15/2026,14:14:21,774.88,796.0,2.6532663316582923,7898,42
09/15/2026,14:14:21,774.88,796.0,2.6532663316582923,7899,50
09/15/2026,14:14:21,774.88,796.0,2.6532663316582923,7900,45
09/15/2026,14:14:21,774.88,796.0,2.6532663316582923,7901,62
09/15/2026,14:14:21,774.88,796.0,2.6532663316582923,7902,51
09/15/2026,14:14:21,774.88,796.0,2.6532663316582923,7903,42
09/15/2026,14:14:21,774.88,796.0,2.6532663316582923,7904,56
09/15/2026,14:14:21,774.88,796.0,2.6532663316582923,7905,44
09/15/2026,14:14:21,774.88,796.0,2.6532663316582923,7906,61
09/15/2026,14:14:21,774.88,796.0,2.6532663316582923,7907,59
09/15/2026,14:14:21,774.88,796.0,2.6532663316582923,7908,46
09/15/2026,14:14:21,774.88,796.0,2.6532663316582923,7909,47
09/15/2026,14:14:21,774.88,796.0,2.6532663316582923,7910,50
09/15/2026,14:14:21,774.88,796.0,2.6532663316582923,7911,61
09/15/2026,14:14:21,774.88,796.0,2.6532663316582923,7912,62
09/15/2026,14:14:21,774.88,796.0,2.6532663316582923,7913,48
09/15/2026,14:14:21,774.88,796.0,2.6532663316582923,7914,54
09/15/2026,14:14:21,774.88,796.0,2.6532663316582923,7915,51
09/15/2026,14:14:21,774.88,796.0,2.6532663316582923,7916,48
09/15/2026,14:14:21,774.88,796.0,2.6532663316582923,7917,60
09/15/2026,14:14:21,774.88,796.0,2.6532663316582923,7918,51
09/15/2026,14:14:21,774.88,796.0,2.6532663316582923,7919,49
09/15/2026,14:14:21,774.88,796.0,2.6532663316582923,7920,49
09/15/2026,14:14:21,774.88,796.0,2.6532663316582923,7921,55
09/15/2026,14:14:21,774.88,796.0,2.6532663316582923,7922,42
09/15/2026,14:14:21,774.88,796.0,2.6532663316582923,7923,53
09/15/2026,14:14:21,774.88,796.0,2.6532663316582923,7924,48
09/15/2026,14:14:21,774.88,796.0,2.6532663316582923,7925,58
09/15/2026,14:14:21,774.88,796.0,2.6532663316582923,7926,42
09/15/2026,14:14:21,774.88,796.0,2.6532663316582923,7927,49
09/15/2026,14:14:21,774.88,796.0,2.6532663316582923,7928,46
09/15/2026,14:14:21,774.88,796.0,2.6532663316582923,7929,45
09/15/2026,14:14:21,774.88,796.0,2.6532663316582923,7930,38
09/15/2026,14:14:21,774.88,796.0,2.6532663316582923,7931,42
09/15/2026,14:14:21,774.88,796.0,2.6532663316582923,7932,44
09/15/2026,14:14:21,774.88,796.0,2.6532663316582923,7933,42
09/15/2026,14:14:21,774.88,796.0,2.6532663316582923,7934,53
09/15/2026,14:14:21,774.88,796.0,2.6532663316582923,7935,49
09/15/2026,14:14:21,774.88,796.0,2.6532663316582923,7936,46
09/15/2026,14:14:21,774.88,796.0,2.6532663316582923,7937,40
09/15/2026,14:14:21,774.88,796.0,2.6532663316582923,7938,43
09/15/2026,14:14:21,774.88,796.0,2.6532663316582923,7939,50
09/15/2026,14:14:21,774.88,796.0,2.6532663316582923,7940,50
09/15/2026,14:14:21,774.88,796.0,2.6532663316582923,7941,41
09/15/2026,14:14:21,774.88,796.0,2.6532663316582923,7942,36
09/15/2026,14:14:21,774.88,796.0,2.6532663316582923,7943,38
09/15/2026,14:14:21,774.88,796.0,2.6532663316582923,7944,40
09/15/2026,14:14:21,774.88,796.0,2.6532663316582923,7945,44
09/15/2026,14:14:21,774.88,796.0,2.6532663316582923,7946,47
09/15/2026,14:14:21,774.88,796.0,2.6532663316582923,7947,39
09/15/2026,14:14:21,774.88,796.0,2.6532663316582923,7948,59
09/15/2026,14:14:21,774.88,796.0,2.6532663316582923,7949,39
09/15/2026,14:14:21,774.88,796.0,2.6532663316582923,7950,31
09/15/2026,14:14:21,774.88,796.0,2.6532663316582923,7951,44
09/15/2026,14:14:21,774.88,796.0,2.6532663316582923,7952,39
09/15/2026,14:14:21,774.88,796.0,2.6532663316582923,7953,44
09/15/2026,14:14:21,774.88,796.0,2.6532663316582923,7954,35
09/15/2026,14:14:21,774.88,796.0,2.6532663316582923,7955,49
09/15/2026,14:14:21,774.88,796.0,2.6532663316582923,7956,39
09/15/2026,14:14:21,774.88,796.0,2.6532663316582923,7957,49
09/15/2026,14:14:21,774.88,796.0,2.6532663316582923,7958,50
09/15/2026,14:14:21,774.88,796.0,2.6532663316582923,7959,37
09/15/2026,14:14:21,774.88,796.0,2.6532663316582923,7960,45
09/15/2026,14:14:21,774.88,796.0,2.6532663316582923,7961,42
09/15/2026,14:14:21,774.88,796.0,2.6532663316582923,7962,46
09/15/2026,14:14:21,774.88,796.0,2.6532663316582923,7963,43
09/15/2026,14:14:21,774.88,796.0,2.6532663316582923,7964,41
09/15/2026,14:14:21,774.88,796.0,2.6532663316582923,7965,29
09/15/2026,14:14:21,774.88,796.0,2.6532663316582923,7966,29
09/15/2026,14:14:21,774.88,796.0,2.6532663316582923,7967,35
09/15/2026,14:14:21,774.88,796.0,2.6532663316582923,7968,35
09/15/2026,14:14:21,774.88,796.0,2.6532663316582923,7969,46
09/15/2026,14:14:21,774.88,796.0,2.6532663316582923,7970,35
09/15/2026,14:14:21,774.88,796.0,2.6532663316582923,7971,43
09/15/2026,14:14:21,774.88,796.0,2.6532663316582923,7972,37
09/15/2026,14:14:21,774.88,796.0,2.6532663316582923,7973,35
09/15/2026,14:14:21,774.88,796.0,2.6532663316582923,7974,31
09/15/2026,14:14:21,774.88,796.0,2.6532663316582923,7975,33
09/15/2026,14:14:21,774.88,796.0,2.6532663316582923,7976,29
09/15/2026,14:14:21,774.88,796.0,2.6532663316582923,7977,41
09/15/2026,14:14:21,774.88,796.0,2.6532663316582923,7978,31
09/15/2026,14:14:21,774.88,796.0,2.6532663316582923,7979,37
09/15/2026,14:14:21,774.88,796.0,2.6532663316582923,7980,34
09/15/2026,14:14:21,774.88,796.0,2.6532663316582923,7981,32
09/15/2026,14:14:21,774.88,796.0,2.6532663316582923,7982,31
09/15/2026,14:14:21,774.88,796.0,2.6532663316582923,7983,33
09/15/2026,14:14:21,774.88,796.0,2.6532663316582923,7984,33
09/15/2026,14:14:21,774.88,796.0,2.6532663316582923,7985,37
09/15/2026,14:14:21,774.88,796.0,2.6532663316582923,7986,31
09/15/2026,14:14:21,774.88,796.0,2.6532663316582923,7987,22
09/15/2026,14:14:21,774.88,796.0,2.6532663316582923,7988,34
09/15/2026,14:14:21,774.88,796.0,2.6532663316582923,7989,33
09/15/2026,14:14:21,774.88,796.0,2.6532663316582923,7990,25
09/15/2026,14:14:21,774.88,796.0,2.6532663316582923,7991,22
09/15/2026,14:14:21,774.88,796.0,2.6532663316582923,7992,31
09/15/2026,14:14:21,774.88,796.0,2.6532663316582923,7993,29
09/15/2026,14:14:21,774.88,796.0,2.6532663316582923,7994,34
09/15/2026,14:14:21,774.88,796.0,2.6532663316582923,7995,30
09/15/2026,14:14:21,774.88,796.0,2.6532663316582923,7996,26
09/15/2026,14:14:21,774.88,796.0,2.6532663316582923,7997,38
09/15/2026,14:14:21,774.88,796.0,2.6532663316582923,7998,32
09/15/2026,14:14:21,774.88,796.0,2.6532663316582923,7999,33
09/15/2026,14:14:21,774.88,796.0,2.6532663316582923,8000,33
09/15/2026,14:14:21,774.88,796.0,2.6532663316582923,8001,37
09/15/2026,14:14:21,774.88,796.0,2.6532663316582923,8002,33
09/15/2026,14:14:21,774.88,796.0,2.6532663316582923,8003,24
09/15/2026,14:14:21,774.88,796.0,2.6532663316582923,8004,34
09/15/2026,14:14:21,774.88,796.0,2.6532663316582923,8005,31
09/15/2026,14:14:21,774.88,796.0,2.6532663316582923,8006,32
09/15/2026,14:14:21,774.88,796.0,2.6532663316582923,8007,37
09/15/2026,14:14:21,774.88,796.0,2.6532663316582923,8008,24
09/15/2026,14:14:21,774.88,796.0,2.6532663316582923,8009,31
09/15/2026,14:14:21,774.88,796.0,2.6532663316582923,8010,29
09/15/2026,14:14:21,774.88,796.0,2.6532663316582923,8011,26
09/15/2026,14:14:21,774.88,796.0,2.6532663316582923,8012,25
09/15/2026,14:14:21,774.88,796.0,2.6532663316582923,8013,38
09/15/2026,14:14:21,774.88,796.0,2.6532663316582923,8014,30
09/15/2026,14:14:21,774.88,796.0,2.6532663316582923,8015,29
09/15/2026,14:14:21,774.88,796.0,2.6532663316582923,8016,31
09/15/2026,14:14:21,774.88,796.0,2.6532663316582923,8017,25
09/15/2026,14:14:21,774.88,796.0,2.6532663316582923,8018,29
09/15/2026,14:14:21,774.88,796.0,2.6532663316582923,8019,28
09/15/2026,14:14:21,774.88,796.0,2.6532663316582923,8020,25
09/15/2026,14:14:21,774.88,796.0,2.6532663316582923,8021,30
09/15/2026,14:14:21,774.88,796.0,2.6532663316582923,8022,30
09/15/2026,14:14:21,774.88,796.0,2.6532663316582923,8023,30
09/15/2026,14:14:21,774.88,796.0,2.6532663316582923,8024,22
09/15/2026,14:14:21,774.88,796.0,2.6532663316582923,8025,31
09/15/2026,14:14:21,774.88,796.0,2.6532663316582923,8026,27
09/15/2026,14:14:21,774.88,796.0,2.6532663316582923,8027,31
09/15/2026,14:14:21,774.88,796.0,2.6532663316582923,8028,29
09/15/2026,14:14:21,774.88,796.0,2.6532663316582923,8029,29
09/15/2026,14:14:21,774.88,796.0,2.6532663316582923,8030,30
09/15/2026,14:14:21,774.88,796.0,2.6532663316582923,8031,26
09/15/2026,14:14:21,774.88,796.0,2.6532663316582923,8032,22
09/15/2026,14:14:21,774.88,796.0,2.6532663316582923,8033,35
09/15/2026,14:14:21,774.88,796.0,2.6532663316582923,8034,27
09/15/2026,14:14:21,774.88,796.0,2.6532663316582923,8035,21
09/15/2026,14:14:21,774.88,796.0,2.6532663316582923,8036,24
09/15/2026,14:14:21,774.88,796.0,2.6532663316582923,8037,26
09/15/2026,14:14:21,774.88,796.0,2.6532663316582923,8038,30
09/15/2026,14:14:21,774.88,796.0,2.6532663316582923,8039,15
09/15/2026,14:14:21,774.88,796.0,2.6532663316582923,8040,28
09/15/2026,14:14:21,774.88,796.0,2.6532663316582923,8041,20
09/15/2026,14:14:21,774.88,796.0,2.6532663316582923,8042,22
09/15/2026,14:14:21,774.88,796.0,2.6532663316582923,8043,18
09/15/2026,14:14:21,774.88,796.0,2.6532663316582923,8044,16
09/15/2026,14:14:21,774.88,796.0,2.6532663316582923,8045,26
09/15/2026,14:14:21,774.88,796.0,2.6532663316582923,8046,21
09/15/2026,14:14:21,774.88,796.0,2.6532663316582923,8047,28
09/15/2026,14:14:21,774.88,796.0,2.6532663316582923,8048,19
09/15/2026,14:14:21,774.88,796.0,2.6532663316582923,8049,23
09/15/2026,14:14:21,774.88,796.0,2.6532663316582923,8050,21
09/15/2026,14:14:21,774.88,796.0,2.6532663316582923,8051,26
09/15/2026,14:14:21,774.88,796.0,2.6532663316582923,8052,26
09/15/2026,14:14:21,774.88,796.0,2.6532663316582923,8053,18
09/15/2026,14:14:21,774.88,796.0,2.6532663316582923,8054,35
09/15/2026,14:14:21,774.88,796.0,2.6532663316582923,8055,23
09/15/2026,14:14:21,774.88,796.0,2.6532663316582923,8056,21
09/15/2026,14:14:21,774.88,796.0,2.6532663316582923,8057,24
09/15/2026,14:14:21,774.88,796.0,2.6532663316582923,8058,21
09/15/2026,14:14:21,774.88,796.0,2.6532663316582923,8059,16
09/15/2026,14:14:21,774.88,796.0,2.6532663316582923,8060,26
09/15/2026,14:14:21,774.88,796.0,2.6532663316582923,8061,28
09/15/2026,14:14:21,774.88,796.0,2.6532663316582923,8062,22
09/15/2026,14:14:21,774.88,796.0,2.6532663316582923,8063,23
09/15/2026,14:14:21,774.88,796.0,2.6532663316582923,8064,29
09/15/2026,14:14:21,774.88,796.0,2.6532663316582923,8065,8
09/15/2026,14:14:21,774.88,796.0,2.6532663316582923,8066,22
09/15/2026,14:14:21,774.88,796.0,2.6532663316582923,8067,19
09/15/2026,14:14:21,774.88,796.0,2.6532663316582923,8068,23
09/15/2026,14:14:21,774.88,796.0,2.6532663316582923,8069,18
09/15/2026,14:14:21,774.88,796.0,2.6532663316582923,8070,16
09/15/2026,14:14:21,774.88,796.0,2.6532663316582923,8071,23
09/15/2026,14:14:21,774.88,796.0,2.6532663316582923,8072,18
09/15/2026,14:14:21,774.88,796.0,2.6532663316582923,8073,28
09/15/2026,14:14:21,774.88,796.0,2.6532663316582923,8074,25
09/15/2026,14:14:21,774.88,796.0,2.6532663316582923,8075,17
09/15/2026,14:14:21,774.88,796.0,2.6532663316582923,8076,22
09/15/2026,14:14:21,774.88,796.0,2.6532663316582923,8077,24
09/15/2026,14:14:21,774.88,796.0,2.6532663316582923,8078,16
09/15/2026,14:14:21,774.88,796.0,2.6532663316582923,8079,20
09/15/2026,14:14:21,774.88,796.0,2.6532663316582923,8080,31
09/15/2026,14:14:21,774.88,796.0,2.6532663316582923,8081,18
09/15/2026,14:14:21,774.88,796.0,2.6532663316582923,8082,20
09/15/2026,14:14:21,774.88,796.0,2.6532663316582923,8083,24
09/15/2026,14:14:21,774.88,796.0,2.6532663316582923,8084,34
09/15/2026,14:14:21,774.88,796.0,2.6532663316582923,8085,14
09/15/2026,14:14:21,774.88,796.0,2.6532663316582923,8086,22
09/15/2026,14:14:21,774.88,796.0,2.6532663316582923,8087,17
09/15/2026,14:14:21,774.88,796.0,2.6532663316582923,8088,15
09/15/2026,14:14:21,774.88,796.0,2.6532663316582923,8089,22
09/15/2026,14:14:21,774.88,796.0,2.6532663316582923,8090,26
09/15/2026,14:14:21,774.88,796.0,2.6532663316582923,8091,19
09/15/2026,14:14:21,774.88,796.0,2.6532663316582923,8092,22
09/15/2026,14:14:21,774.88,796.0,2.6532663316582923,8093,14
09/15/2026,14:14:21,774.88,796.0,2.6532663316582923,8094,18
09/15/2026,14:14:21,774.88,796.0,2.6532663316582923,8095,18
09/15/2026,14:14:21,774.88,796.0,2.6532663316582923,8096,19
09/15/2026,14:14:21,774.88,796.0,2.6532663316582923,8097,15
09/15/2026,14:14:21,774.88,796.0,2.6532663316582923,8098,16
09/15/2026,14:14:21,774.88,796.0,2.6532663316582923,8099,28
09/15/2026,14:14:21,774.88,796.0,2.6532663316582923,8100,16
09/15/2026,14:14:21,774.88,796.0,2.6532663316582923,8101,28
09/15/2026,14:14:21,774.88,796.0,2.6532663316582923,8102,17
09/15/2026,14:14:21,774.88,796.0,2.6532663316582923,8103,16
09/15/2026,14:14:21,774.88,796.0,2.6532663316582923,8104,23
09/15/2026,14:14:21,774.88,796.0,2.6532663316582923,8105,11
09/15/2026,14:14:21,774.88,796.0,2.6532663316582923,8106,15
09/15/2026,14:14:21,774.88,796.0,2.6532663316582923,8107,18
09/15/2026,14:14:21,774.88,796.0,2.6532663316582923,8108,15
09/15/2026,14:14:21,774.88,796.0,2.6532663316582923,8109,18
09/15/2026,14:14:21,774.88,796.0,2.6532663316582923,8110,8
09/15/2026,14:14:21,774.88,796.0,2.6532663316582923,8111,21
09/15/2026,14:14:21,774.88,796.0,2.6532663316582923,8112,21
09/15/2026,14:14:21,774.88,796.0,2.6532663316582923,8113,30
09/15/2026,14:14:21,774.88,796.0,2.6532663316582923,8114,13
09/15/2026,14:14:21,774.88,796.0,2.6532663316582923,8115,16
09/15/2026,14:14:21,774.88,796.0,2.6532663316582923,8116,11
09/15/2026,14:14:21,774.88,796.0,2.6532663316582923,8117,19
09/15/2026,14:14:21,774.88,796.0,2.6532663316582923,8118,17
09/15/2026,14:14:21,774.88,796.0,2.6532663316582923,8119,17
09/15/2026,14:14:21,774.88,796.0,2.6532663316582923,8120,26
09/15/2026,14:14:21,774.88,796.0,2.6532663316582923,8121,13
09/15/2026,14:14:21,774.88,796.0,2.6532663316582923,8122,19
09/15/2026,14:14:21,774.88,796.0,2.6532663316582923,8123,20
09/15/2026,14:14:21,774.88,796.0,2.6532663316582923,8124,17
09/15/2026,14:14:21,774.88,796.0,2.6532663316582923,8125,20
09/15/2026,14:14:21,774.88,796.0,2.6532663316582923,8126,13
09/15/2026,14:14:21,774.88,796.0,2.6532663316582923,8127,11
09/15/2026,14:14:21,774.88,796.0,2.6532663316582923,8128,20
09/15/2026,14:14:21,774.88,796.0,2.6532663316582923,8129,11
09/15/2026,14:14:21,774.88,796.0,2.6532663316582923,8130,8
09/15/2026,14:14:21,774.88,796.0,2.6532663316582923,8131,15
09/15/2026,14:14:21,774.88,796.0,2.6532663316582923,8132,18
09/15/2026,14:14:21,774.88,796.0,2.6532663316582923,8133,12
09/15/2026,14:14:21,774.88,796.0,2.6532663316582923,8134,16
09/15/2026,14:14:21,774.88,796.0,2.6532663316582923,8135,20
09/15/2026,14:14:21,774.88,796.0,2.6532663316582923,8136,24
09/15/2026,14:14:21,774.88,796.0,2.6532663316582923,8137,11
09/15/2026,14:14:21,774.88,796.0,2.6532663316582923,8138,18
09/15/2026,14:14:21,774.88,796.0,2.6532663316582923,8139,26
09/15/2026,14:14:21,774.88,796.0,2.6532663316582923,8140,21
09/15/2026,14:14:21,774.88,796.0,2.6532663316582923,8141,22
09/15/2026,14:14:21,774.88,796.0,2.6532663316582923,8142,17
09/15/2026,14:14:21,774.88,796.0,2.6532663316582923,8143,19
09/15/2026,14:14:21,774.88,796.0,2.6532663316582923,8144,15
09/15/2026,14:14:21,774.88,796.0,2.6532663316582923,8145,18
09/15/2026,14:14:21,774.88,796.0,2.6532663316582923,8146,12
09/15/2026,14:14:21,774.88,796.0,2.6532663316582923,8147,18
09/15/2026,14:14:21,774.88,796.0,2.6532663316582923,8148,22
09/15/2026,14:14:21,774.88,796.0,2.6532663316582923,8149,20
09/15/2026,14:14:21,774.88,796.0,2.6532663316582923,8150,17
09/15/2026,14:14:21,774.88,796.0,2.6532663316582923,8151,16
09/15/2026,14:14:21,774.88,796.0,2.6532663316582923,8152,16
09/15/2026,14:14:21,774.88,796.0,2.6532663316582923,8153,18
09/15/2026,14:14:21,774.88,796.0,2.6532663316582923,8154,18
09/15/2026,14:14:21,774.88,796.0,2.6532663316582923,8155,17
09/15/2026,14:14:21,774.88,796.0,2.6532663316582923,8156,17
09/15/2026,14:14:21,774.88,796.0,2.6532663316582923,8157,7
09/15/2026,14:14:21,774.88,796.0,2.6532663316582923,8158,12
09/15/2026,14:14:21,774.88,796.0,2.6532663316582923,8159,11
09/15/2026,14:14:21,774.88,796.0,2.6532663316582923,8160,17
09/15/2026,14:14:21,774.88,796.0,2.6532663316582923,8161,19
09/15/2026,14:14:21,774.88,796.0,2.6532663316582923,8162,8
09/15/2026,14:14:21,774.88,796.0,2.6532663316582923,8163,9
09/15/2026,14:14:21,774.88,796.0,2.6532663316582923,8164,13
09/15/2026,14:14:21,774.88,796.0,2.6532663316582923,8165,13
09/15/2026,14:14:21,774.88,796.0,2.6532663316582923,8166,22
09/15/2026,14:14:21,774.88,796.0,2.6532663316582923,8167,19
09/15/2026,14:14:21,774.88,796.0,2.6532663316582923,8168,8
09/15/2026,14:14:21,774.88,796.0,2.6532663316582923,8169,13
09/15/2026,14:14:21,774.88,796.0,2.6532663316582923,8170,12
09/15/2026,14:14:21,774.88,796.0,2.6532663316582923,8171,14
09/15/2026,14:14:21,774.88,796.0,2.6532663316582923,8172,14
09/15/2026,14:14:21,774.88,796.0,2.6532663316582923,8173,18
09/15/2026,14:14:21,774.88,796.0,2.6532663316582923,8174,9
09/15/2026,14:14:21,774.88,796.0,2.6532663316582923,8175,16
09/15/2026,14:14:21,774.88,796.0,2.6532663316582923,8176,11
09/15/2026,14:14:21,774.88,796.0,2.6532663316582923,8177,13
09/15/2026,14:14:21,774.88,796.0,2.6532663316582923,8178,20
09/15/2026,14:14:21,774.88,796.0,2.6532663316582923,8179,16
09/15/2026,14:14:21,774.88,796.0,2.6532663316582923,8180,20
09/15/2026,14:14:21,774.88,796.0,2.6532663316582923,8181,12
09/15/2026,14:14:21,774.88,796.0,2.6532663316582923,8182,7
09/15/2026,14:14:21,774.88,796.0,2.6532663316582923,8183,12
09/15/2026,14:14:21,774.88,796.0,2.6532663316582923,8184,11
09/15/2026,14:14:21,774.88,796.0,2.6532663316582923,8185,13
09/15/2026,14:14:21,774.88,796.0,2.6532663316582923,8186,13
09/15/2026,14:14:21,774.88,796.0,2.6532663316582923,8187,9
09/15/2026,14:14:21,774.88,796.0,2.6532663316582923,8188,9
09/15/2026,14:14:21,774.88,796.0,2.6532663316582923,8189,12
09/15/2026,14:14:21,774.88,796.0,2.6532663316582923,8190,13
09/15/2026,14:14:21,774.88,796.0,2.6532663316582923,8191,12
09/15/2026,14:14:21,774.88,796.0,2.6532663316582923,8192,14
09/15/2026,14:14:21,774.88,796.0,2.6532663316582923,8193,12
09/15/2026,14:14:21,774.88,796.0,2.6532663316582923,8194,14
09/15/2026,14:14:21,774.88,796.0,2.6532663316582923,8195,17
09/15/2026,14:14:21,774.88,796.0,2.6532663316582923,8196,13
09/15/2026,14:14:21,774.88,796.0,2.6532663316582923,8197,11
09/15/2026,14:14:21,774.88,796.0,2.6532663316582923,8198,16
09/15/2026,14:14:21,774.88,796.0,2.6532663316582923,8199,13
09/15/2026,14:14:21,774.88,796.0,2.6532663316582923,8200,11
09/15/2026,14:14:21,774.88,796.0,2.6532663316582923,8201,9
09/15/2026,14:14:21,774.88,796.0,2.6532663316582923,8202,22
09/15/2026,14:14:21,774.88,796.0,2.6532663316582923,8203,10
09/15/2026,14:14:21,774.88,796.0,2.6532663316582923,8204,6
09/15/2026,14:14:21,774.88,796.0,2.6532663316582923,8205,10
09/15/2026,14:14:21,774.88,796.0,2.6532663316582923,8206,9
09/15/2026,14:14:21,774.88,796.0,2.6532663316582923,8207,13
09/15/2026,14:14:21,774.88,796.0,2.6532663316582923,8208,13
09/15/2026,14:14:21,774.88,796.0,2.6532663316582923,8209,18
09/15/2026,14:14:21,774.88,796.0,2.6532663316582923,8210,13
09/15/2026,14:14:21,774.88,796.0,2.6532663316582923,8211,13
09/15/2026,14:14:21,774.88,796.0,2.6532663316582923,8212,8
09/15/2026,14:14:21,774.88,796.0,2.6532663316582923,8213,16
09/15/2026,14:14:21,774.88,796.0,2.6532663316582923,8214,13
09/15/2026,14:14:21,774.88,796.0,2.6532663316582923,8215,10
09/15/2026,14:14:21,774.88,796.0,2.6532663316582923,8216,10
09/15/2026,14:14:21,774.88,796.0,2.6532663316582923,8217,9
09/15/2026,14:14:21,774.88,796.0,2.6532663316582923,8218,8
09/15/2026,14:14:21,774.88,796.0,2.6532663316582923,8219,11
09/15/2026,14:14:21,774.88,796.0,2.6532663316582923,8220,10
09/15/2026,14:14:21,774.88,796.0,2.6532663316582923,8221,11
09/15/2026,14:14:21,774.88,796.0,2.6532663316582923,8222,13
09/15/2026,14:14:21,774.88,796.0,2.6532663316582923,8223,12
09/15/2026,14:14:21,774.88,796.0,2.6532663316582923,8224,14
09/15/2026,14:14:21,774.88,796.0,2.6532663316582923,8225,13
09/15/2026,14:14:21,774.88,796.0,2.6532663316582923,8226,8
09/15/2026,14:14:21,774.88,796.0,2.6532663316582923,8227,14
09/15/2026,14:14:21,774.88,796.0,2.6532663316582923,8228,11
09/15/2026,14:14:21,774.88,796.0,2.6532663316582923,8229,7
09/15/2026,14:14:21,774.88,796.0,2.6532663316582923,8230,13
09/15/2026,14:14:21,774.88,796.0,2.6532663316582923,8231,12
09/15/2026,14:14:21,774.88,796.0,2.6532663316582923,8232,8
09/15/2026,14:14:21,774.88,796.0,2.6532663316582923,8233,8
09/15/2026,14:14:21,774.88,796.0,2.6532663316582923,8234,14
09/15/2026,14:14:21,774.88,796.0,2.6532663316582923,8235,8
09/15/2026,14:14:21,774.88,796.0,2.6532663316582923,8236,10
09/15/2026,14:14:21,774.88,796.0,2.6532663316582923,8237,10
09/15/2026,14:14:21,774.88,796.0,2.6532663316582923,8238,11
09/15/2026,14:14:21,774.88,796.0,2.6532663316582923,8239,15
09/15/2026,14:14:21,774.88,796.0,2.6532663316582923,8240,9
09/15/2026,14:14:21,774.88,796.0,2.6532663316582923,8241,14
09/15/2026,14:14:21,774.88,796.0,2.6532663316582923,8242,12
09/15/2026,14:14:21,774.88,796.0,2.6532663316582923,8243,8
09/15/2026,14:14:21,774.88,796.0,2.6532663316582923,8244,5
09/15/2026,14:14:21,774.88,796.0,2.6532663316582923,8245,8
09/15/2026,14:14:21,774.88,796.0,2.6532663316582923,8246,7
09/15/2026,14:14:21,774.88,796.0,2.6532663316582923,8247,12
09/15/2026,14:14:21,774.88,796.0,2.6532663316582923,8248,11
09/15/2026,14:14:21,774.88,796.0,2.6532663316582923,8249,8
09/15/2026,14:14:21,774.88,796.0,2.6532663316582923,8250,6
09/15/2026,14:14:21,774.88,796.0,2.6532663316582923,8251,6
09/15/2026,14:14:21,774.88,796.0,2.6532663316582923,8252,5
09/15/2026,14:14:21,774.88,796.0,2.6532663316582923,8253,13
09/15/2026,14:14:21,774.88,796.0,2.6532663316582923,8254,6
09/15/2026,14:14:21,774.88,796.0,2.6532663316582923,8255,10
09/15/2026,14:14:21,774.88,796.0,2.6532663316582923,8256,5
09/15/2026,14:14:21,774.88,796.0,2.6532663316582923,8257,9
09/15/2026,14:14:21,774.88,796.0,2.6532663316582923,8258,5
09/15/2026,14:14:21,774.88,796.0,2.6532663316582923,8259,8
09/15/2026,14:14:21,774.88,796.0,2.6532663316582923,8260,7
09/15/2026,14:14:21,774.88,796.0,2.6532663316582923,8261,10
09/15/2026,14:14:21,774.88,796.0,2.6532663316582923,8262,7
09/15/2026,14:14:21,774.88,796.0,2.6532663316582923,8263,7
09/15/2026,14:14:21,774.88,796.0,2.6532663316582923,8264,5
09/15/2026,14:14:21,774.88,796.0,2.6532663316582923,8265,10
09/15/2026,14:14:21,774.88,796.0,2.6532663316582923,8266,12
09/15/2026,14:14:21,774.88,796.0,2.6532663316582923,8267,8
09/15/2026,14:14:21,774.88,796.0,2.6532663316582923,8268,10
09/15/2026,14:14:21,774.88,796.0,2.6532663316582923,8269,4
09/15/2026,14:14:21,774.88,796.0,2.6532663316582923,8270,8
09/15/2026,14:14:21,774.88,796.0,2.6532663316582923,8271,7
09/15/2026,14:14:21,774.88,796.0,2.6532663316582923,8272,9
09/15/2026,14:14:21,774.88,796.0,2.6532663316582923,8273,6
09/15/2026,14:14:21,774.88,796.0,2.6532663316582923,8274,7
09/15/2026,14:14:21,774.88,796.0,2.6532663316582923,8275,8
09/15/2026,14:14:21,774.88,796.0,2.6532663316582923,8276,10
09/15/2026,14:14:21,774.88,796.0,2.6532663316582923,8277,10
09/15/2026,14:14:21,774.88,796.0,2.6532663316582923,8278,2
09/15/2026,14:14:21,774.88,796.0,2.6532663316582923,8279,10
09/15/2026,14:14:21,774.88,796.0,2.6532663316582923,8280,4
09/15/2026,14:14:21,774.88,796.0,2.6532663316582923,8281,7
09/15/2026,14:14:21,774.88,796.0,2.6532663316582923,8282,9
09/15/2026,14:14:21,774.88,796.0,2.6532663316582923,8283,14
09/15/2026,14:14:21,774.88,796.0,2.6532663316582923,8284,7
09/15/2026,14:14:21,774.88,796.0,2.6532663316582923,8285,8
09/15/2026,14:14:21,774.88,796.0,2.6532663316582923,8286,11
09/15/2026,14:14:21,774.88,796.0,2.6532663316582923,8287,14
09/15/2026,14:14:21,774.88,796.0,2.6532663316582923,8288,5
09/15/2026,14:14:21,774.88,796.0,2.6532663316582923,8289,8
09/15/2026,14:14:21,774.88,796.0,2.6532663316582923,8290,8
09/15/2026,14:14:21,774.88,796.0,2.6532663316582923,8291,4
09/15/2026,14:14:21,774.88,796.0,2.6532663316582923,8292,9
09/15/2026,14:14:21,774.88,796.0,2.6532663316582923,8293,8
09/15/2026,14:14:21,774.88,796.0,2.6532663316582923,8294,11
09/15/2026,14:14:21,774.88,796.0,2.6532663316582923,8295,6
09/15/2026,14:14:21,774.88,796.0,2.6532663316582923,8296,9
09/15/2026,14:14:21,774.88,796.0,2.6532663316582923,8297,11
09/15/2026,14:14:21,774.88,796.0,2.6532663316582923,8298,16
09/15/2026,14:14:21,774.88,796.0,2.6532663316582923,8299,11
09/15/2026,14:14:21,774.88,796.0,2.6532663316582923,8300,13
09/15/2026,14:14:21,774.88,796.0,2.6532663316582923,8301,5
09/15/2026,14:14:21,774.88,796.0,2.6532663316582923,8302,11
09/15/2026,14:14:21,774.88,796.0,2.6532663316582923,8303,5
09/15/2026,14:14:21,774.88,796.0,2.6532663316582923,8304,8
09/15/2026,14:14:21,774.88,796.0,2.6532663316582923,8305,8
09/15/2026,14:14:21,774.88,796.0,2.6532663316582923,8306,6
09/15/2026,14:14:21,774.88,796.0,2.6532663316582923,8307,11
09/15/2026,14:14:21,774.88,796.0,2.6532663316582923,8308,11
09/15/2026,14:14:21,774.88,796.0,2.6532663316582923,8309,7
09/15/2026,14:14:21,774.88,796.0,2.6532663316582923,8310,10
09/15/2026,14:14:21,774.88,796.0,2.6532663316582923,8311,4
09/15/2026,14:14:21,774.88,796.0,2.6532663316582923,8312,8
09/15/2026,14:14:21,774.88,796.0,2.6532663316582923,8313,4
09/15/2026,14:14:21,774.88,796.0,2.6532663316582923,8314,5
09/15/2026,14:14:21,774.88,796.0,2.6532663316582923,8315,6
09/15/2026,14:14:21,774.88,796.0,2.6532663316582923,8316,13
09/15/2026,14:14:21,774.88,796.0,2.6532663316582923,8317,10
09/15/2026,14:14:21,774.88,796.0,2.6532663316582923,8318,9
09/15/2026,14:14:21,774.88,796.0,2.6532663316582923,8319,6
09/15/2026,14:14:21,774.88,796.0,2.6532663316582923,8320,6
09/15/2026,14:14:21,774.88,796.0,2.6532663316582923,8321,3
09/15/2026,14:14:21,774.88,796.0,2.6532663316582923,8322,7
09/15/2026,14:14:21,774.88,796.0,2.6532663316582923,8323,5
09/15/2026,14:14:21,774.88,796.0,2.6532663316582923,8324,10
09/15/2026,14:14:21,774.88,796.0,2.6532663316582923,8325,8
09/15/2026,14:14:21,774.88,796.0,2.6532663316582923,8326,10
09/15/2026,14:14:21,774.88,796.0,2.6532663316582923,8327,6
09/15/2026,14:14:21,774.88,796.0,2.6532663316582923,8328,8
09/15/2026,14:14:21,774.88,796.0,2.6532663316582923,8329,9
09/15/2026,14:14:21,774.88,796.0,2.6532663316582923,8330,9
09/15/2026,14:14:21,774.88,796.0,2.6532663316582923,8331,2
09/15/2026,14:14:21,774.88,796.0,2.6532663316582923,8332,5
09/15/2026,14:14:21,774.88,796.0,2.6532663316582923,8333,5
09/15/2026,14:14:21,774.88,796.0,2.6532663316582923,8334,7
09/15/2026,14:14:21,774.88,796.0,2.6532663316582923,8335,7
09/15/2026,14:14:21,774.88,796.0,2.6532663316582923,8336,8
09/15/2026,14:14:21,774.88,796.0,2.6532663316582923,8337,6
09/15/2026,14:14:21,774.88,796.0,2.6532663316582923,8338,8
09/15/2026,14:14:21,774.88,796.0,2.6532663316582923,8339,10
09/15/2026,14:14:21,774.88,796.0,2.6532663316582923,8340,10
09/15/2026,14:14:21,774.88,796.0,2.6532663316582923,8341,9
09/15/2026,14:14:21,774.88,796.0,2.6532663316582923,8342,9
09/15/2026,14:14:21,774.88,796.0,2.6532663316582923,8343,7
09/15/2026,14:14:21,774.88,796.0,2.6532663316582923,8344,9
09/15/2026,14:14:21,774.88,796.0,2.6532663316582923,8345,6
09/15/2026,14:14:21,774.88,796.0,2.6532663316582923,8346,10
09/15/2026,14:14:21,774.88,796.0,2.6532663316582923,8347,6
09/15/2026,14:14:21,774.88,796.0,2.6532663316582923,8348,5
09/15/2026,14:14:21,774.88,796.0,2.6532663316582923,8349,12
09/15/2026,14:14:21,774.88,796.0,2.6532663316582923,8350,9
09/15/2026,14:14:21,774.88,796.0,2.6532663316582923,8351,7
09/15/2026,14:14:21,774.88,796.0,2.6532663316582923,8352,9
09/15/2026,14:14:21,774.88,796.0,2.6532663316582923,8353,4
09/15/2026,14:14:21,774.88,796.0,2.6532663316582923,8354,9
09/15/2026,14:14:21,774.88,796.0,2.6532663316582923,8355,12
09/15/2026,14:14:21,774.88,796.0,2.6532663316582923,8356,11
09/15/2026,14:14:21,774.88,796.0,2.6532663316582923,8357,6
09/15/2026,14:14:21,774.88,796.0,2.6532663316582923,8358,5
09/15/2026,14:14:21,774.88,796.0,2.6532663316582923,8359,11
09/15/2026,14:14:21,774.88,796.0,2.6532663316582923,8360,14
09/15/2026,14:14:21,774.88,796.0,2.6532663316582923,8361,5
09/15/2026,14:14:21,774.88,796.0,2.6532663316582923,8362,9
09/15/2026,14:14:21,774.88,796.0,2.6532663316582923,8363,5
09/15/2026,14:14:21,774.88,796.0,2.6532663316582923,8364,13
09/15/2026,14:14:21,774.88,796.0,2.6532663316582923,8365,6
09/15/2026,14:14:21,774.88,796.0,2.6532663316582923,8366,9
09/15/2026,14:14:21,774.88,796.0,2.6532663316582923,8367,3
09/15/2026,14:14:21,774.88,796.0,2.6532663316582923,8368,7
09/15/2026,14:14:21,774.88,796.0,2.6532663316582923,8369,10
09/15/2026,14:14:21,774.88,796.0,2.6532663316582923,8370,6
09/15/2026,14:14:21,774.88,796.0,2.6532663316582923,8371,5
09/15/2026,14:14:21,774.88,796.0,2.6532663316582923,8372,13
09/15/2026,14:14:21,774.88,796.0,2.6532663316582923,8373,16
09/15/2026,14:14:21,774.88,796.0,2.6532663316582923,8374,7
09/15/2026,14:14:21,774.88,796.0,2.6532663316582923,8375,10
09/15/2026,14:14:21,774.88,796.0,2.6532663316582923,8376,5
09/15/2026,14:14:21,774.88,796.0,2.6532663316582923,8377,12
09/15/2026,14:14:21,774.88,796.0,2.6532663316582923,8378,8
09/15/2026,14:14:21,774.88,796.0,2.6532663316582923,8379,9
09/15/2026,14:14:21,774.88,796.0,2.6532663316582923,8380,6
09/15/2026,14:14:21,774.88,796.0,2.6532663316582923,8381,3
09/15/2026,14:14:21,774.88,796.0,2.6532663316582923,8382,12
09/15/2026,14:14:21,774.88,796.0,2.6532663316582923,8383,10
09/15/2026,14:14:21,774.88,796.0,2.6532663316582923,8384,9
09/15/2026,14:14:21,774.88,796.0,2.6532663316582923,8385,9
09/15/2026,14:14:21,774.88,796.0,2.6532663316582923,8386,8
09/15/2026,14:14:21,774.88,796.0,2.6532663316582923,8387,10
09/15/2026,14:14:21,774.88,796.0,2.6532663316582923,8388,11
09/15/2026,14:14:21,774.88,796.0,2.6532663316582923,8389,9
09/15/2026,14:14:21,774.88,796.0,2.6532663316582923,8390,10
09/15/2026,14:14:21,774.88,796.0,2.6532663316582923,8391,10
09/15/2026,14:14:21,774.88,796.0,2.6532663316582923,8392,6
09/15/2026,14:14:21,774.88,796.0,2.6532663316582923,8393,4
09/15/2026,14:14:21,774.88,796.0,2.6532663316582923,8394,6
09/15/2026,14:14:21,774.88,796.0,2.6532663316582923,8395,10
09/15/2026,14:14:21,774.88,796.0,2.6532663316582923,8396,11
09/15/2026,14:14:21,774.88,796.0,2.6532663316582923,8397,10
09/15/2026,14:14:21,774.88,796.0,2.6532663316582923,8398,4
09/15/2026,14:14:21,774.88,796.0,2.6532663316582923,8399,6
09/15/2026,14:14:21,774.88,796.0,2.6532663316582923,8400,6
09/15/2026,14:14:21,774.88,796.0,2.6532663316582923,8401,6
09/15/2026,14:14:21,774.88,796.0,2.6532663316582923,8402,9
09/15/2026,14:14:21,774.88,796.0,2.6532663316582923,8403,6
09/15/2026,14:14:21,774.88,796.0,2.6532663316582923,8404,6
09/15/2026,14:14:21,774.88,796.0,2.6532663316582923,8405,8
09/15/2026,14:14:21,774.88,796.0,2.6532663316582923,8406,10
09/15/2026,14:14:21,774.88,796.0,2.6532663316582923,8407,7
09/15/2026,14:14:21,774.88,796.0,2.6532663316582923,8408,10
09/15/2026,14:14:21,774.88,796.0,2.6532663316582923,8409,6
09/15/2026,14:14:21,774.88,796.0,2.6532663316582923,8410,6
09/15/2026,14:14:21,774.88,796.0,2.6532663316582923,8411,4
09/15/2026,14:14:21,774.88,796.0,2.6532663316582923,8412,5
09/15/2026,14:14:21,774.88,796.0,2.6532663316582923,8413,4
09/15/2026,14:14:21,774.88,796.0,2.6532663316582923,8414,5
09/15/2026,14:14:21,774.88,796.0,2.6532663316582923,8415,4
09/15/2026,14:14:21,774.88,796.0,2.6532663316582923,8416,6
09/15/2026,14:14:21,774.88,796.0,2.6532663316582923,8417,7
09/15/2026,14:14:21,774.88,796.0,2.6532663316582923,8418,7
09/15/2026,14:14:21,774.88,796.0,2.6532663316582923,8419,5
09/15/2026,14:14:21,774.88,796.0,2.6532663316582923,8420,4
09/15/2026,14:14:21,774.88,796.0,2.6532663316582923,8421,6
09/15/2026,14:14:21,774.88,796.0,2.6532663316582923,8422,5
09/15/2026,14:14:21,774.88,796.0,2.6532663316582923,8423,5
09/15/2026,14:14:21,774.88,796.0,2.6532663316582923,8424,10
09/15/2026,14:14:21,774.88,796.0,2.6532663316582923,8425,8
09/15/2026,14:14:21,774.88,796.0,2.6532663316582923,8426,5
09/15/2026,14:14:21,774.88,796.0,2.6532663316582923,8427,8
09/15/2026,14:14:21,774.88,796.0,2.6532663316582923,8428,4
09/15/2026,14:14:21,774.88,796.0,2.6532663316582923,8429,8
09/15/2026,14:14:21,774.88,796.0,2.6532663316582923,8430,9
09/15/2026,14:14:21,774.88,796.0,2.6532663316582923,8431,8
09/15/2026,14:14:21,774.88,796.0,2.6532663316582923,8432,3
09/15/2026,14:14:21,774.88,796.0,2.6532663316582923,8433,7
09/15/2026,14:14:21,774.88,796.0,2.6532663316582923,8434,7
09/15/2026,14:14:21,774.88,796.0,2.6532663316582923,8435,5
09/15/2026,14:14:21,774.88,796.0,2.6532663316582923,8436,4
09/15/2026,14:14:21,774.88,796.0,2.6532663316582923,8437,6
09/15/2026,14:14:21,774.88,796.0,2.6532663316582923,8438,10
09/15/2026,14:14:21,774.88,796.0,2.6532663316582923,8439,11
09/15/2026,14:14:21,774.88,796.0,2.6532663316582923,8440,6
09/15/2026,14:14:21,774.88,796.0,2.6532663316582923,8441,4
09/15/2026,14:14:21,774.88,796.0,2.6532663316582923,8442,5
09/15/2026,14:14:21,774.88,796.0,2.6532663316582923,8443,13
09/15/2026,14:14:21,774.88,796.0,2.6532663316582923,8444,7
09/15/2026,14:14:21,774.88,796.0,2.6532663316582923,8445,9
09/15/2026,14:14:21,774.88,796.0,2.6532663316582923,8446,5
09/15/2026,14:14:21,774.88,796.0,2.6532663316582923,8447,3
09/15/2026,14:14:21,774.88,796.0,2.6532663316582923,8448,7
09/15/2026,14:14:21,774.88,796.0,2.6532663316582923,8449,8
09/15/2026,14:14:21,774.88,796.0,2.6532663316582923,8450,8
09/15/2026,14:14:21,774.88,796.0,2.6532663316582923,8451,11
09/15/2026,14:14:21,774.88,796.0,2.6532663316582923,8452,5
09/15/2026,14:14:21,774.88,796.0,2.6532663316582923,8453,13
09/15/2026,14:14:21,774.88,796.0,2.6532663316582923,8454,6
09/15/2026,14:14:21,774.88,796.0,2.6532663316582923,8455,7
09/15/2026,14:14:21,774.88,796.0,2.6532663316582923,8456,9
09/15/2026,14:14:21,774.88,796.0,2.6532663316582923,8457,7
09/15/2026,14:14:21,774.88,796.0,2.6532663316582923,8458,11
09/15/2026,14:14:21,774.88,796.0,2.6532663316582923,8459,6
09/15/2026,14:14:21,774.88,796.0,2.6532663316582923,8460,11
09/15/2026,14:14:21,774.88,796.0,2.6532663316582923,8461,8
09/15/2026,14:14:21,774.88,796.0,2.6532663316582923,8462,4
09/15/2026,14:14:21,774.88,796.0,2.6532663316582923,8463,5
09/15/2026,14:14:21,774.88,796.0,2.6532663316582923,8464,9
09/15/2026,14:14:21,774.88,796.0,2.6532663316582923,8465,8
09/15/2026,14:14:21,774.88,796.0,2.6532663316582923,8466,11
09/15/2026,14:14:21,774.88,796.0,2.6532663316582923,8467,5
09/15/2026,14:14:21,774.88,796.0,2.6532663316582923,8468,4
09/15/2026,14:14:21,774.88,796.0,2.6532663316582923,8469,4
09/15/2026,14:14:21,774.88,796.0,2.6532663316582923,8470,10
09/15/2026,14:14:21,774.88,796.0,2.6532663316582923,8471,2
09/15/2026,14:14:21,774.88,796.0,2.6532663316582923,8472,6
09/15/2026,14:14:21,774.88,796.0,2.6532663316582923,8473,2
09/15/2026,14:14:21,774.88,796.0,2.6532663316582923,8474,8
09/15/2026,14:14:21,774.88,796.0,2.6532663316582923,8475,4
09/15/2026,14:14:21,774.88,796.0,2.6532663316582923,8476,9
09/15/2026,14:14:21,774.88,796.0,2.6532663316582923,8477,7
09/15/2026,14:14:21,774.88,796.0,2.6532663316582923,8478,7
09/15/2026,14:14:21,774.88,796.0,2.6532663316582923,8479,7
09/15/2026,14:14:21,774.88,796.0,2.6532663316582923,8480,6
09/15/2026,14:14:21,774.88,796.0,2.6532663316582923,8481,10
09/15/2026,14:14:21,774.88,796.0,2.6532663316582923,8482,9
09/15/2026,14:14:21,774.88,796.0,2.6532663316582923,8483,9
09/15/2026,14:14:21,774.88,796.0,2.6532663316582923,8484,6
09/15/2026,14:14:21,774.88,796.0,2.6532663316582923,8485,13
09/15/2026,14:14:21,774.88,796.0,2.6532663316582923,8486,6
09/15/2026,14:14:21,774.88,796.0,2.6532663316582923,8487,6
09/15/2026,14:14:21,774.88,796.0,2.6532663316582923,8488,9
09/15/2026,14:14:21,774.88,796.0,2.6532663316582923,8489,12
09/15/2026,14:14:21,774.88,796.0,2.6532663316582923,8490,2
09/15/2026,14:14:21,774.88,796.0,2.6532663316582923,8491,7
09/15/2026,14:14:21,774.88,796.0,2.6532663316582923,8492,11
09/15/2026,14:14:21,774.88,796.0,2.6532663316582923,8493,4
09/15/2026,14:14:21,774.88,796.0,2.6532663316582923,8494,3
09/15/2026,14:14:21,774.88,796.0,2.6532663316582923,8495,10
09/15/2026,14:14:21,774.88,796.0,2.6532663316582923,8496,2
09/15/2026,14:14:21,774.88,796.0,2.6532663316582923,8497,8
09/15/2026,14:14:21,774.88,796.0,2.6532663316582923,8498,7
09/15/2026,14:14:21,774.88,796.0,2.6532663316582923,8499,5
09/15/2026,14:14:21,774.88,796.0,2.6532663316582923,8500,4
09/15/2026,14:14:21,774.88,796.0,2.6532663316582923,8501,6
09/15/2026,14:14:21,774.88,796.0,2.6532663316582923,8502,1
09/15/2026,14:14:21,774.88,796.0,2.6532663316582923,8503,6
09/15/2026,14:14:21,774.88,796.0,2.6532663316582923,8504,4
09/15/2026,14:14:21,774.88,796.0,2.6532663316582923,8505,14
09/15/2026,14:14:21,774.88,796.0,2.6532663316582923,8506,7
09/15/2026,14:14:21,774.88,796.0,2.6532663316582923,8507,6
09/15/2026,14:14:21,774.88,796.0,2.6532663316582923,8508,8
09/15/2026,14:14:21,774.88,796.0,2.6532663316582923,8509,6
09/15/2026,14:14:21,774.88,796.0,2.6532663316582923,8510,3
09/15/2026,14:14:21,774.88,796.0,2.6532663316582923,8511,9
09/15/2026,14:14:21,774.88,796.0,2.6532663316582923,8512,6
09/15/2026,14:14:21,774.88,796.0,2.6532663316582923,8513,3
09/15/2026,14:14:21,774.88,796.0,2.6532663316582923,8514,3
09/15/2026,14:14:21,774.88,796.0,2.6532663316582923,8515,2
09/15/2026,14:14:21,774.88,796.0,2.6532663316582923,8516,6
09/15/2026,14:14:21,774.88,796.0,2.6532663316582923,8517,9
09/15/2026,14:14:21,774.88,796.0,2.6532663316582923,8518,5
09/15/2026,14:14:21,774.88,796.0,2.6532663316582923,8519,10
09/15/2026,14:14:21,774.88,796.0,2.6532663316582923,8520,3
09/15/2026,14:14:21,774.88,796.0,2.6532663316582923,8521,8
09/15/2026,14:14:21,774.88,796.0,2.6532663316582923,8522,12
09/15/2026,14:14:21,774.88,796.0,2.6532663316582923,8523,6
09/15/2026,14:14:21,774.88,796.0,2.6532663316582923,8524,7
09/15/2026,14:14:21,774.88,796.0,2.6532663316582923,8525,8
09/15/2026,14:14:21,774.88,796.0,2.6532663316582923,8526,7
09/15/2026,14:14:21,774.88,796.0,2.6532663316582923,8527,8
09/15/2026,14:14:21,774.88,796.0,2.6532663316582923,8528,6
09/15/2026,14:14:21,774.88,796.0,2.6532663316582923,8529,6
09/15/2026,14:14:21,774.88,796.0,2.6532663316582923,8530,7
09/15/2026,14:14:21,774.88,796.0,2.6532663316582923,8531,10
09/15/2026,14:14:21,774.88,796.0,2.6532663316582923,8532,6
09/15/2026,14:14:21,774.88,796.0,2.6532663316582923,8533,4
09/15/2026,14:14:21,774.88,796.0,2.6532663316582923,8534,5
09/15/2026,14:14:21,774.88,796.0,2.6532663316582923,8535,6
09/15/2026,14:14:21,774.88,796.0,2.6532663316582923,8536,6
09/15/2026,14:14:21,774.88,796.0,2.6532663316582923,8537,6
09/15/2026,14:14:21,774.88,796.0,2.6532663316582923,8538,7
09/15/2026,14:14:21,774.88,796.0,2.6532663316582923,8539,7
09/15/2026,14:14:21,774.88,796.0,2.6532663316582923,8540,8
09/15/2026,14:14:21,774.88,796.0,2.6532663316582923,8541,6
09/15/2026,14:14:21,774.88,796.0,2.6532663316582923,8542,5
09/15/2026,14:14:21,774.88,796.0,2.6532663316582923,8543,4
09/15/2026,14:14:21,774.88,796.0,2.6532663316582923,8544,10
09/15/2026,14:14:21,774.88,796.0,2.6532663316582923,8545,6
09/15/2026,14:14:21,774.88,796.0,2.6532663316582923,8546,7
09/15/2026,14:14:21,774.88,796.0,2.6532663316582923,8547,2
09/15/2026,14:14:21,774.88,796.0,2.6532663316582923,8548,5
09/15/2026,14:14:21,774.88,796.0,2.6532663316582923,8549,5
09/15/2026,14:14:21,774.88,796.0,2.6532663316582923,8550,9
09/15/2026,14:14:21,774.88,796.0,2.6532663316582923,8551,1
09/15/2026,14:14:21,774.88,796.0,2.6532663316582923,8552,6
09/15/2026,14:14:21,774.88,796.0,2.6532663316582923,8553,10
09/15/2026,14:14:21,774.88,796.0,2.6532663316582923,8554,3
09/15/2026,14:14:21,774.88,796.0,2.6532663316582923,8555,5
09/15/2026,14:14:21,774.88,796.0,2.6532663316582923,8556,3
09/15/2026,14:14:21,774.88,796.0,2.6532663316582923,8557,9
09/15/2026,14:14:21,774.88,796.0,2.6532663316582923,8558,8
09/15/2026,14:14:21,774.88,796.0,2.6532663316582923,8559,4
09/15/2026,14:14:21,774.88,796.0,2.6532663316582923,8560,8
09/15/2026,14:14:21,774.88,796.0,2.6532663316582923,8561,5
09/15/2026,14:14:21,774.88,796.0,2.6532663316582923,8562,6
09/15/2026,14:14:21,774.88,796.0,2.6532663316582923,8563,8
09/15/2026,14:14:21,774.88,796.0,2.6532663316582923,8564,3
09/15/2026,14:14:21,774.88,796.0,2.6532663316582923,8565,5
09/15/2026,14:14:21,774.88,796.0,2.6532663316582923,8566,8
09/15/2026,14:14:21,774.88,796.0,2.6532663316582923,8567,6
09/15/2026,14:14:21,774.88,796.0,2.6532663316582923,8568,5
09/15/2026,14:14:21,774.88,796.0,2.6532663316582923,8569,6
09/15/2026,14:14:21,774.88,796.0,2.6532663316582923,8570,5
09/15/2026,14:14:21,774.88,796.0,2.6532663316582923,8571,5
09/15/2026,14:14:21,774.88,796.0,2.6532663316582923,8572,5
09/15/2026,14:14:21,774.88,796.0,2.6532663316582923,8573,8
09/15/2026,14:14:21,774.88,796.0,2.6532663316582923,8574,9
09/15/2026,14:14:21,774.88,796.0,2.6532663316582923,8575,5
09/15/2026,14:14:21,774.88,796.0,2.6532663316582923,8576,8
09/15/2026,14:14:21,774.88,796.0,2.6532663316582923,8577,7
09/15/2026,14:14:21,774.88,796.0,2.6532663316582923,8578,4
09/15/2026,14:14:21,774.88,796.0,2.6532663316582923,8579,6
09/15/2026,14:14:21,774.88,796.0,2.6532663316582923,8580,8
09/15/2026,14:14:21,774.88,796.0,2.6532663316582923,8581,8
09/15/2026,14:14:21,774.88,796.0,2.6532663316582923,8582,9
09/15/2026,14:14:21,774.88,796.0,2.6532663316582923,8583,11
09/15/2026,14:14:21,774.88,796.0,2.6532663316582923,8584,5
09/15/2026,14:14:21,774.88,796.0,2.6532663316582923,8585,4
09/15/2026,14:14:21,774.88,796.0,2.6532663316582923,8586,1
09/15/2026,14:14:21,774.88,796.0,2.6532663316582923,8587,12
09/15/2026,14:14:21,774.88,796.0,2.6532663316582923,8588,13
09/15/2026,14:14:21,774.88,796.0,2.6532663316582923,8589,6
09/15/2026,14:14:21,774.88,796.0,2.6532663316582923,8590,5
09/15/2026,14:14:21,774.88,796.0,2.6532663316582923,8591,7
09/15/2026,14:14:21,774.88,796.0,2.6532663316582923,8592,4
09/15/2026,14:14:21,774.88,796.0,2.6532663316582923,8593,10
09/15/2026,14:14:21,774.88,796.0,2.6532663316582923,8594,4
09/15/2026,14:14:21,774.88,796.0,2.6532663316582923,8595,7
09/15/2026,14:14:21,774.88,796.0,2.6532663316582923,8596,4
09/15/2026,14:14:21,774.88,796.0,2.6532663316582923,8597,6
09/15/2026,14:14:21,774.88,796.0,2.6532663316582923,8598,6
09/15/2026,14:14:21,774.88,796.0,2.6532663316582923,8599,7
09/15/2026,14:14:21,774.88,796.0,2.6532663316582923,8600,8
09/15/2026,14:14:21,774.88,796.0,2.6532663316582923,8601,5
09/15/2026,14:14:21,774.88,796.0,2.6532663316582923,8602,8
09/15/2026,14:14:21,774.88,796.0,2.6532663316582923,8603,10
09/15/2026,14:14:21,774.88,796.0,2.6532663316582923,8604,5
09/15/2026,14:14:21,774.88,796.0,2.6532663316582923,8605,7
09/15/2026,14:14:21,774.88,796.0,2.6532663316582923,8606,16
09/15/2026,14:14:21,774.88,796.0,2.6532663316582923,8607,3
09/15/2026,14:14:21,774.88,796.0,2.6532663316582923,8608,12
09/15/2026,14:14:21,774.88,796.0,2.6532663316582923,8609,5
09/15/2026,14:14:21,774.88,796.0,2.6532663316582923,8610,6
09/15/2026,14:14:21,774.88,796.0,2.6532663316582923,8611,10
09/15/2026,14:14:21,774.88,796.0,2.6532663316582923,8612,2
09/15/2026,14:14:21,774.88,796.0,2.6532663316582923,8613,4
09/15/2026,14:14:21,774.88,796.0,2.6532663316582923,8614,11
09/15/2026,14:14:21,774.88,796.0,2.6532663316582923,8615,10
09/15/2026,14:14:21,774.88,796.0,2.6532663316582923,8616,9
09/15/2026,14:14:21,774.88,796.0,2.6532663316582923,8617,7
09/15/2026,14:14:21,774.88,796.0,2.6532663316582923,8618,5
09/15/2026,14:14:21,774.88,796.0,2.6532663316582923,8619,6
09/15/2026,14:14:21,774.88,796.0,2.6532663316582923,8620,6
09/15/2026,14:14:21,774.88,796.0,2.6532663316582923,8621,8
09/15/2026,14:14:21,774.88,796.0,2.6532663316582923,8622,9
09/15/2026,14:14:21,774.88,796.0,2.6532663316582923,8623,1
09/15/2026,14:14:21,774.88,796.0,2.6532663316582923,8624,2
09/15/2026,14:14:21,774.88,796.0,2.6532663316582923,8625,5
09/15/2026,14:14:21,774.88,796.0,2.6532663316582923,8626,4
09/15/2026,14:14:21,774.88,796.0,2.6532663316582923,8627,4
09/15/2026,14:14:21,774.88,796.0,2.6532663316582923,8628,8
09/15/2026,14:14:21,774.88,796.0,2.6532663316582923,8629,8
09/15/2026,14:14:21,774.88,796.0,2.6532663316582923,8630,9
09/15/2026,14:14:21,774.88,796.0,2.6532663316582923,8631,9
09/15/2026,14:14:21,774.88,796.0,2.6532663316582923,8632,3
09/15/2026,14:14:21,774.88,796.0,2.6532663316582923,8633,6
09/15/2026,14:14:21,774.88,796.0,2.6532663316582923,8634,11
09/15/2026,14:14:21,774.88,796.0,2.6532663316582923,8635,5
09/15/2026,14:14:21,774.88,796.0,2.6532663316582923,8636,7
09/15/2026,14:14:21,774.88,796.0,2.6532663316582923,8637,6
09/15/2026,14:14:21,774.88,796.0,2.6532663316582923,8638,5
09/15/2026,14:14:21,774.88,796.0,2.6532663316582923,8639,7
09/15/2026,14:14:21,774.88,796.0,2.6532663316582923,8640,6
09/15/2026,14:14:21,774.88,796.0,2.6532663316582923,8641,8
09/15/2026,14:14:21,774.88,796.0,2.6532663316582923,8642,7
09/15/2026,14:14:21,774.88,796.0,2.6532663316582923,8643,4
09/15/2026,14:14:21,774.88,796.0,2.6532663316582923,8644,5
09/15/2026,14:14:21,774.88,796.0,2.6532663316582923,8645,7
09/15/2026,14:14:21,774.88,796.0,2.6532663316582923,8646,11
09/15/2026,14:14:21,774.88,796.0,2.6532663316582923,8647,5
09/15/2026,14:14:21,774.88,796.0,2.6532663316582923,8648,8
09/15/2026,14:14:21,774.88,796.0,2.6532663316582923,8649,8
09/15/2026,14:14:21,774.88,796.0,2.6532663316582923,8650,8
09/15/2026,14:14:21,774.88,796.0,2.6532663316582923,8651,5
09/15/2026,14:14:21,774.88,796.0,2.6532663316582923,8652,4
09/15/2026,14:14:21,774.88,796.0,2.6532663316582923,8653,7
09/15/2026,14:14:21,774.88,796.0,2.6532663316582923,8654,7
09/15/2026,14:14:21,774.88,796.0,2.6532663316582923,8655,3
09/15/2026,14:14:21,774.88,796.0,2.6532663316582923,8656,5
09/15/2026,14:14:21,774.88,796.0,2.6532663316582923,8657,6
09/15/2026,14:14:21,774.88,796.0,2.6532663316582923,8658,6
09/15/2026,14:14:21,774.88,796.0,2.6532663316582923,8659,5
09/15/2026,14:14:21,774.88,796.0,2.6532663316582923,8660,1
09/15/2026,14:14:21,774.88,796.0,2.6532663316582923,8661,5
09/15/2026,14:14:21,774.88,796.0,2.6532663316582923,8662,5
09/15/2026,14:14:21,774.88,796.0,2.6532663316582923,8663,7
09/15/2026,14:14:21,774.88,796.0,2.6532663316582923,8664,8
09/15/2026,14:14:21,774.88,796.0,2.6532663316582923,8665,3
09/15/2026,14:14:21,774.88,796.0,2.6532663316582923,8666,4
09/15/2026,14:14:21,774.88,796.0,2.6532663316582923,8667,7
09/15/2026,14:14:21,774.88,796.0,2.6532663316582923,8668,5
09/15/2026,14:14:21,774.88,796.0,2.6532663316582923,8669,7
09/15/2026,14:14:21,774.88,796.0,2.6532663316582923,8670,6
09/15/2026,14:14:21,774.88,796.0,2.6532663316582923,8671,4
09/15/2026,14:14:21,774.88,796.0,2.6532663316582923,8672,6
09/15/2026,14:14:21,774.88,796.0,2.6532663316582923,8673,8
09/15/2026,14:14:21,774.88,796.0,2.6532663316582923,8674,10
09/15/2026,14:14:21,774.88,796.0,2.6532663316582923,8675,4
09/15/2026,14:14:21,774.88,796.0,2.6532663316582923,8676,4
09/15/2026,14:14:21,774.88,796.0,2.6532663316582923,8677,3
09/15/2026,14:14:21,774.88,796.0,2.6532663316582923,8678,4
09/15/2026,14:14:21,774.88,796.0,2.6532663316582923,8679,2
09/15/2026,14:14:21,774.88,796.0,2.6532663316582923,8680,11
09/15/2026,14:14:21,774.88,796.0,2.6532663316582923,8681,4
09/15/2026,14:14:21,774.88,796.0,2.6532663316582923,8682,5
09/15/2026,14:14:21,774.88,796.0,2.6532663316582923,8683,12
09/15/2026,14:14:21,774.88,796.0,2.6532663316582923,8684,12
09/15/2026,14:14:21,774.88,796.0,2.6532663316582923,8685,3
09/15/2026,14:14:21,774.88,796.0,2.6532663316582923,8686,6
09/15/2026,14:14:21,774.88,796.0,2.6532663316582923,8687,5
09/15/2026,14:14:21,774.88,796.0,2.6532663316582923,8688,4
09/15/2026,14:14:21,774.88,796.0,2.6532663316582923,8689,8
09/15/2026,14:14:21,774.88,796.0,2.6532663316582923,8690,8
09/15/2026,14:14:21,774.88,796.0,2.6532663316582923,8691,8
09/15/2026,14:14:21,774.88,796.0,2.6532663316582923,8692,6
09/15/2026,14:14:21,774.88,796.0,2.6532663316582923,8693,7
09/15/2026,14:14:21,774.88,796.0,2.6532663316582923,8694,5
09/15/2026,14:14:21,774.88,796.0,2.6532663316582923,8695,3
09/15/2026,14:14:21,774.88,796.0,2.6532663316582923,8696,9
09/15/2026,14:14:21,774.88,796.0,2.6532663316582923,8697,9
09/15/2026,14:14:21,774.88,796.0,2.6532663316582923,8698,7
09/15/2026,14:14:21,774.88,796.0,2.6532663316582923,8699,6
09/15/2026,14:14:21,774.88,796.0,2.6532663316582923,8700,4
09/15/2026,14:14:21,774.88,796.0,2.6532663316582923,8701,3
09/15/2026,14:14:21,774.88,796.0,2.6532663316582923,8702,4
09/15/2026,14:14:21,774.88,796.0,2.6532663316582923,8703,9
09/15/2026,14:14:21,774.88,796.0,2.6532663316582923,8704,9
09/15/2026,14:14:21,774.88,796.0,2.6532663316582923,8705,8
09/15/2026,14:14:21,774.88,796.0,2.6532663316582923,8706,8
09/15/2026,14:14:21,774.88,796.0,2.6532663316582923,8707,2
09/15/2026,14:14:21,774.88,796.0,2.6532663316582923,8708,6
09/15/2026,14:14:21,774.88,796.0,2.6532663316582923,8709,4
09/15/2026,14:14:21,774.88,796.0,2.6532663316582923,8710,8
09/15/2026,14:14:21,774.88,796.0,2.6532663316582923,8711,10
09/15/2026,14:14:21,774.88,796.0,2.6532663316582923,8712,11
09/15/2026,14:14:21,774.88,796.0,2.6532663316582923,8713,2
09/15/2026,14:14:21,774.88,796.0,2.6532663316582923,8714,9
09/15/2026,14:14:21,774.88,796.0,2.6532663316582923,8715,6
09/15/2026,14:14:21,774.88,796.0,2.6532663316582923,8716,6
09/15/2026,14:14:21,774.88,796.0,2.6532663316582923,8717,9
09/15/2026,14:14:21,774.88,796.0,2.6532663316582923,8718,3
09/15/2026,14:14:21,774.88,796.0,2.6532663316582923,8719,8
09/15/2026,14:14:21,774.88,796.0,2.6532663316582923,8720,5
09/15/2026,14:14:21,774.88,796.0,2.6532663316582923,8721,7
09/15/2026,14:14:21,774.88,796.0,2.6532663316582923,8722,11
09/15/2026,14:14:21,774.88,796.0,2.6532663316582923,8723,9
09/15/2026,14:14:21,774.88,796.0,2.6532663316582923,8724,2
09/15/2026,14:14:21,774.88,796.0,2.6532663316582923,8725,4
09/15/2026,14:14:21,774.88,796.0,2.6532663316582923,8726,11
09/15/2026,14:14:21,774.88,796.0,2.6532663316582923,8727,8
09/15/2026,14:14:21,774.88,796.0,2.6532663316582923,8728,6
09/15/2026,14:14:21,774.88,796.0,2.6532663316582923,8729,7
09/15/2026,14:14:21,774.88,796.0,2.6532663316582923,8730,5
09/15/2026,14:14:21,774.88,796.0,2.6532663316582923,8731,2
09/15/2026,14:14:21,774.88,796.0,2.6532663316582923,8732,9
09/15/2026,14:14:21,774.88,796.0,2.6532663316582923,8733,7
09/15/2026,14:14:21,774.88,796.0,2.6532663316582923,8734,8
09/15/2026,14:14:21,774.88,796.0,2.6532663316582923,8735,8
09/15/2026,14:14:21,774.88,796.0,2.6532663316582923,8736,6
09/15/2026,14:14:21,774.88,796.0,2.6532663316582923,8737,4
09/15/2026,14:14:21,774.88,796.0,2.6532663316582923,8738,4
09/15/2026,14:14:21,774.88,796.0,2.6532663316582923,8739,7
09/15/2026,14:14:21,774.88,796.0,2.6532663316582923,8740,4
09/15/2026,14:14:21,774.88,796.0,2.6532663316582923,8741,6
09/15/2026,14:14:21,774.88,796.0,2.6532663316582923,8742,5
09/15/2026,14:14:21,774.88,796.0,2.6532663316582923,8743,5
09/15/2026,14:14:21,774.88,796.0,2.6532663316582923,8744,5
09/15/2026,14:14:21,774.88,796.0,2.6532663316582923,8745,6
09/15/2026,14:14:21,774.88,796.0,2.6532663316582923,8746,4
09/15/2026,14:14:21,774.88,796.0,2.6532663316582923,8747,6
09/15/2026,14:14:21,774.88,796.0,2.6532663316582923,8748,4
09/15/2026,14:14:21,774.88,796.0,2.6532663316582923,8749,4
09/15/2026,14:14:21,774.88,796.0,2.6532663316582923,8750,5
09/15/2026,14:14:21,774.88,796.0,2.6532663316582923,8751,3
09/15/2026,14:14:21,774.88,796.0,2.6532663316582923,8752,3
09/15/2026,14:14:21,774.88,796.0,2.6532663316582923,8753,5
09/15/2026,14:14:21,774.88,796.0,2.6532663316582923,8754,3
09/15/2026,14:14:21,774.88,796.0,2.6532663316582923,8755,10
09/15/2026,14:14:21,774.88,796.0,2.6532663316582923,8756,5
09/15/2026,14:14:21,774.88,796.0,2.6532663316582923,8757,6
09/15/2026,14:14:21,774.88,796.0,2.6532663316582923,8758,5
09/15/2026,14:14:21,774.88,796.0,2.6532663316582923,8759,11
09/15/2026,14:14:21,774.88,796.0,2.6532663316582923,8760,5
09/15/2026,14:14:21,774.88,796.0,2.6532663316582923,8761,5
09/15/2026,14:14:21,774.88,796.0,2.6532663316582923,8762,8
09/15/2026,14:14:21,774.88,796.0,2.6532663316582923,8763,3
09/15/2026,14:14:21,774.88,796.0,2.6532663316582923,8764,6
09/15/2026,14:14:21,774.88,796.0,2.6532663316582923,8765,8
09/15/2026,14:14:21,774.88,796.0,2.6532663316582923,8766,5
09/15/2026,14:14:21,774.88,796.0,2.6532663316582923,8767,5
09/15/2026,14:14:21,774.88,796.0,2.6532663316582923,8768,7
09/15/2026,14:14:21,774.88,796.0,2.6532663316582923,8769,4
09/15/2026,14:14:21,774.88,796.0,2.6532663316582923,8770,12
09/15/2026,14:14:21,774.88,796.0,2.6532663316582923,8771,7
09/15/2026,14:14:21,774.88,796.0,2.6532663316582923,8772,8
09/15/2026,14:14:21,774.88,796.0,2.6532663316582923,8773,4
09/15/2026,14:14:21,774.88,796.0,2.6532663316582923,8774,4
09/15/2026,14:14:21,774.88,796.0,2.6532663316582923,8775,5
09/15/2026,14:14:21,774.88,796.0,2.6532663316582923,8776,6
09/15/2026,14:14:21,774.88,796.0,2.6532663316582923,8777,6
09/15/2026,14:14:21,774.88,796.0,2.6532663316582923,8778,4
09/15/2026,14:14:21,774.88,796.0,2.6532663316582923,8779,7
09/15/2026,14:14:21,774.88,796.0,2.6532663316582923,8780,7
09/15/2026,14:14:21,774.88,796.0,2.6532663316582923,8781,7
09/15/2026,14:14:21,774.88,796.0,2.6532663316582923,8782,5
09/15/2026,14:14:21,774.88,796.0,2.6532663316582923,8783,9
09/15/2026,14:14:21,774.88,796.0,2.6532663316582923,8784,7
09/15/2026,14:14:21,774.88,796.0,2.6532663316582923,8785,5
09/15/2026,14:14:21,774.88,796.0,2.6532663316582923,8786,8
09/15/2026,14:14:21,774.88,796.0,2.6532663316582923,8787,7
09/15/2026,14:14:21,774.88,796.0,2.6532663316582923,8788,8
09/15/2026,14:14:21,774.88,796.0,2.6532663316582923,8789,7
09/15/2026,14:14:21,774.88,796.0,2.6532663316582923,8790,6
09/15/2026,14:14:21,774.88,796.0,2.6532663316582923,8791,4
09/15/2026,14:14:21,774.88,796.0,2.6532663316582923,8792,1
09/15/2026,14:14:21,774.88,796.0,2.6532663316582923,8793,6
09/15/2026,14:14:21,774.88,796.0,2.6532663316582923,8794,8
09/15/2026,14:14:21,774.88,796.0,2.6532663316582923,8795,7
09/15/2026,14:14:21,774.88,796.0,2.6532663316582923,8796,3
09/15/2026,14:14:21,774.88,796.0,2.6532663316582923,8797,10
09/15/2026,14:14:21,774.88,796.0,2.6532663316582923,8798,6
09/15/2026,14:14:21,774.88,796.0,2.6532663316582923,8799,1
09/15/2026,14:14:21,774.88,796.0,2.6532663316582923,8800,6
09/15/2026,14:14:21,774.88,796.0,2.6532663316582923,8801,5
09/15/2026,14:14:21,774.88,796.0,2.6532663316582923,8802,4
09/15/2026,14:14:21,774.88,796.0,2.6532663316582923,8803,5
09/15/2026,14:14:21,774.88,796.0,2.6532663316582923,8804,4
09/15/2026,14:14:21,774.88,796.0,2.6532663316582923,8805,6
09/15/2026,14:14:21,774.88,796.0,2.6532663316582923,8806,7
09/15/2026,14:14:21,774.88,796.0,2.6532663316582923,8807,7
09/15/2026,14:14:21,774.88,796.0,2.6532663316582923,8808,6
09/15/2026,14:14:21,774.88,796.0,2.6532663316582923,8809,7
09/15/2026,14:14:21,774.88,796.0,2.6532663316582923,8810,9
09/15/2026,14:14:21,774.88,796.0,2.6532663316582923,8811,5
09/15/2026,14:14:21,774.88,796.0,2.6532663316582923,8812,7
09/15/2026,14:14:21,774.88,796.0,2.6532663316582923,8813,7
09/15/2026,14:14:21,774.88,796.0,2.6532663316582923,8814,3
09/15/2026,14:14:21,774.88,796.0,2.6532663316582923,8815,7
09/15/2026,14:14:21,774.88,796.0,2.6532663316582923,8816,4
09/15/2026,14:14:21,774.88,796.0,2.6532663316582923,8817,10
09/15/2026,14:14:21,774.88,796.0,2.6532663316582923,8818,7
09/15/2026,14:14:21,774.88,796.0,2.6532663316582923,8819,6
09/15/2026,14:14:21,774.88,796.0,2.6532663316582923,8820,11
09/15/2026,14:14:21,774.88,796.0,2.6532663316582923,8821,8
09/15/2026,14:14:21,774.88,796.0,2.6532663316582923,8822,7
09/15/2026,14:14:21,774.88,796.0,2.6532663316582923,8823,6
09/15/2026,14:14:21,774.88,796.0,2.6532663316582923,8824,6
09/15/2026,14:14:21,774.88,796.0,2.6532663316582923,8825,3
09/15/2026,14:14:21,774.88,796.0,2.6532663316582923,8826,3
09/15/2026,14:14:21,774.88,796.0,2.6532663316582923,8827,6
09/15/2026,14:14:21,774.88,796.0,2.6532663316582923,8828,7
09/15/2026,14:14:21,774.88,796.0,2.6532663316582923,8829,6
09/15/2026,14:14:21,774.88,796.0,2.6532663316582923,8830,4
09/15/2026,14:14:21,774.88,796.0,2.6532663316582923,8831,5
09/15/2026,14:14:21,774.88,796.0,2.6532663316582923,8832,5
09/15/2026,14:14:21,774.88,796.0,2.6532663316582923,8833,7
09/15/2026,14:14:21,774.88,796.0,2.6532663316582923,8834,6
09/15/2026,14:14:21,774.88,796.0,2.6532663316582923,8835,4
09/15/2026,14:14:21,774.88,796.0,2.6532663316582923,8836,3
09/15/2026,14:14:21,774.88,796.0,2.6532663316582923,8837,6
09/15/2026,14:14:21,774.88,796.0,2.6532663316582923,8838,4
09/15/2026,14:14:21,774.88,796.0,2.6532663316582923,8839,4
09/15/2026,14:14:21,774.88,796.0,2.6532663316582923,8840,4
09/15/2026,14:14:21,774.88,796.0,2.6532663316582923,8841,4
09/15/2026,14:14:21,774.88,796.0,2.6532663316582923,8842,3
09/15/2026,14:14:21,774.88,796.0,2.6532663316582923,8843,6
09/15/2026,14:14:21,774.88,796.0,2.6532663316582923,8844,8
09/15/2026,14:14:21,774.88,796.0,2.6532663316582923,8845,1
09/15/2026,14:14:21,774.88,796.0,2.6532663316582923,8846,3
09/15/2026,14:14:21,774.88,796.0,2.6532663316582923,8847,3
09/15/2026,14:14:21,774.88,796.0,2.6532663316582923,8848,8
09/15/2026,14:14:21,774.88,796.0,2.6532663316582923,8849,5
09/15/2026,14:14:21,774.88,796.0,2.6532663316582923,8850,8
09/15/2026,14:14:21,774.88,796.0,2.6532663316582923,8851,6
09/15/2026,14:14:21,774.88,796.0,2.6532663316582923,8852,2
09/15/2026,14:14:21,774.88,796.0,2.6532663316582923,8853,7
09/15/2026,14:14:21,774.88,796.0,2.6532663316582923,8854,3
09/15/2026,14:14:21,774.88,796.0,2.6532663316582923,8855,9
09/15/2026,14:14:21,774.88,796.0,2.6532663316582923,8856,3
09/15/2026,14:14:21,774.88,796.0,2.6532663316582923,8857,4
09/15/2026,14:14:21,774.88,796.0,2.6532663316582923,8858,10
09/15/2026,14:14:21,774.88,796.0,2.6532663316582923,8859,5
09/15/2026,14:14:21,774.88,796.0,2.6532663316582923,8860,5
09/15/2026,14:14:21,774.88,796.0,2.6532663316582923,8861,4
09/15/2026,14:14:21,774.88,796.0,2.6532663316582923,8862,3
09/15/2026,14:14:21,774.88,796.0,2.6532663316582923,8863,2
09/15/2026,14:14:21,774.88,796.0,2.6532663316582923,8864,7
09/15/2026,14:14:21,774.88,796.0,2.6532663316582923,8865,10
09/15/2026,14:14:21,774.88,796.0,2.6532663316582923,8866,6
09/15/2026,14:14:21,774.88,796.0,2.6532663316582923,8867,2
09/15/2026,14:14:21,774.88,796.0,2.6532663316582923,8868,5
09/15/2026,14:14:21,774.88,796.0,2.6532663316582923,8869,6
09/15/2026,14:14:21,774.88,796.0,2.6532663316582923,8870,4
09/15/2026,14:14:21,774.88,796.0,2.6532663316582923,8871,4
09/15/2026,14:14:21,774.88,796.0,2.6532663316582923,8872,7
09/15/2026,14:14:21,774.88,796.0,2.6532663316582923,8873,8
09/15/2026,14:14:21,774.88,796.0,2.6532663316582923,8874,10
09/15/2026,14:14:21,774.88,796.0,2.6532663316582923,8875,5
09/15/2026,14:14:21,774.88,796.0,2.6532663316582923,8876,9
09/15/2026,14:14:21,774.88,796.0,2.6532663316582923,8877,4
09/15/2026,14:14:21,774.88,796.0,2.6532663316582923,8878,4
09/15/2026,14:14:21,774.88,796.0,2.6532663316582923,8879,2
09/15/2026,14:14:21,774.88,796.0,2.6532663316582923,8880,5
09/15/2026,14:14:21,774.88,796.0,2.6532663316582923,8881,4
09/15/2026,14:14:21,774.88,796.0,2.6532663316582923,8882,5
09/15/2026,14:14:21,774.88,796.0,2.6532663316582923,8883,6
09/15/2026,14:14:21,774.88,796.0,2.6532663316582923,8884,10
09/15/2026,14:14:21,774.88,796.0,2.6532663316582923,8885,7
09/15/2026,14:14:21,774.88,796.0,2.6532663316582923,8886,5
09/15/2026,14:14:21,774.88,796.0,2.6532663316582923,8887,6
09/15/2026,14:14:21,774.88,796.0,2.6532663316582923,8888,5
09/15/2026,14:14:21,774.88,796.0,2.6532663316582923,8889,5
09/15/2026,14:14:21,774.88,796.0,2.6532663316582923,8890,5
09/15/2026,14:14:21,774.88,796.0,2.6532663316582923,8891,1
09/15/2026,14:14:21,774.88,796.0,2.6532663316582923,8892,8
09/15/2026,14:14:21,774.88,796.0,2.6532663316582923,8893,5
09/15/2026,14:14:21,774.88,796.0,2.6532663316582923,8894,5
09/15/2026,14:14:21,774.88,796.0,2.6532663316582923,8895,2
09/15/2026,14:14:21,774.88,796.0,2.6532663316582923,8896,8
09/15/2026,14:14:21,774.88,796.0,2.6532663316582923,8897,9
09/15/2026,14:14:21,774.88,796.0,2.6532663316582923,8898,4
09/15/2026,14:14:21,774.88,796.0,2.6532663316582923,8899,4
09/15/2026,14:14:21,774.88,796.0,2.6532663316582923,8900,5
09/15/2026,14:14:21,774.88,796.0,2.6532663316582923,8901,1
09/15/2026,14:14:21,774.88,796.0,2.6532663316582923,8902,8
09/15/2026,14:14:21,774.88,796.0,2.6532663316582923,8903,3
09/15/2026,14:14:21,774.88,796.0,2.6532663316582923,8904,5
09/15/2026,14:14:21,774.88,796.0,2.6532663316582923,8905,6
09/15/2026,14:14:21,774.88,796.0,2.6532663316582923,8906,11
09/15/2026,14:14:21,774.88,796.0,2.6532663316582923,8907,7
09/15/2026,14:14:21,774.88,796.0,2.6532663316582923,8908,6
09/15/2026,14:14:21,774.88,796.0,2.6532663316582923,8909,6
09/15/2026,14:14:21,774.88,796.0,2.6532663316582923,8910,6
09/15/2026,14:14:21,774.88,796.0,2.6532663316582923,8911,3
09/15/2026,14:14:21,774.88,796.0,2.6532663316582923,8912,10
09/15/2026,14:14:21,774.88,796.0,2.6532663316582923,8913,4
09/15/2026,14:14:21,774.88,796.0,2.6532663316582923,8914,7
09/15/2026,14:14:21,774.88,796.0,2.6532663316582923,8915,4
09/15/2026,14:14:21,774.88,796.0,2.6532663316582923,8916,4
09/15/2026,14:14:21,774.88,796.0,2.6532663316582923,8917,8
09/15/2026,14:14:21,774.88,796.0,2.6532663316582923,8918,6
09/15/2026,14:14:21,774.88,796.0,2.6532663316582923,8919,10
09/15/2026,14:14:21,774.88,796.0,2.6532663316582923,8920,6
09/15/2026,14:14:21,774.88,796.0,2.6532663316582923,8921,8
09/15/2026,14:14:21,774.88,796.0,2.6532663316582923,8922,1
09/15/2026,14:14:21,774.88,796.0,2.6532663316582923,8923,7
09/15/2026,14:14:21,774.88,796.0,2.6532663316582923,8924,8
09/15/2026,14:14:21,774.88,796.0,2.6532663316582923,8925,6
09/15/2026,14:14:21,774.88,796.0,2.6532663316582923,8926,8
09/15/2026,14:14:21,774.88,796.0,2.6532663316582923,8927,3
09/15/2026,14:14:21,774.88,796.0,2.6532663316582923,8928,2
09/15/2026,14:14:21,774.88,796.0,2.6532663316582923,8929,3
09/15/2026,14:14:21,774.88,796.0,2.6532663316582923,8930,8
09/15/2026,14:14:21,774.88,796.0,2.6532663316582923,8931,2
09/15/2026,14:14:21,774.88,796.0,2.6532663316582923,8932,10
09/15/2026,14:14:21,774.88,796.0,2.6532663316582923,8933,7
09/15/2026,14:14:21,774.88,796.0,2.6532663316582923,8934,9
09/15/2026,14:14:21,774.88,796.0,2.6532663316582923,8935,1
09/15/2026,14:14:21,774.88,796.0,2.6532663316582923,8936,4
09/15/2026,14:14:21,774.88,796.0,2.6532663316582923,8937,5
09/15/2026,14:14:21,774.88,796.0,2.6532663316582923,8938,3
09/15/2026,14:14:21,774.88,796.0,2.6532663316582923,8939,10
09/15/2026,14:14:21,774.88,796.0,2.6532663316582923,8940,12
09/15/2026,14:14:21,774.88,796.0,2.6532663316582923,8941,6
09/15/2026,14:14:21,774.88,796.0,2.6532663316582923,8942,9
09/15/2026,14:14:21,774.88,796.0,2.6532663316582923,8943,7
09/15/2026,14:14:21,774.88,796.0,2.6532663316582923,8944,5
09/15/2026,14:14:21,774.88,796.0,2.6532663316582923,8945,5
09/15/2026,14:14:21,774.88,796.0,2.6532663316582923,8946,10
09/15/2026,14:14:21,774.88,796.0,2.6532663316582923,8947,4
09/15/2026,14:14:21,774.88,796.0,2.6532663316582923,8948,10
09/15/2026,14:14:21,774.88,796.0,2.6532663316582923,8949,5
09/15/2026,14:14:21,774.88,796.0,2.6532663316582923,8950,8
09/15/2026,14:14:21,774.88,796.0,2.6532663316582923,8951,6
09/15/2026,14:14:21,774.88,796.0,2.6532663316582923,8952,2
09/15/2026,14:14:21,774.88,796.0,2.6532663316582923,8953,0
09/15/2026,14:14:21,774.88,796.0,2.6532663316582923,8954,6
09/15/2026,14:14:21,774.88,796.0,2.6532663316582923,8955,10
09/15/2026,14:14:21,774.88,796.0,2.6532663316582923,8956,3
09/15/2026,14:14:21,774.88,796.0,2.6532663316582923,8957,7
09/15/2026,14:14:21,774.88,796.0,2.6532663316582923,8958,4
09/15/2026,14:14:21,774.88,796.0,2.6532663316582923,8959,4
09/15/2026,14:14:21,774.88,796.0,2.6532663316582923,8960,4
09/15/2026,14:14:21,774.88,796.0,2.6532663316582923,8961,2
09/15/2026,14:14:21,774.88,796.0,2.6532663316582923,8962,4
09/15/2026,14:14:21,774.88,796.0,2.6532663316582923,8963,4
09/15/2026,14:14:21,774.88,796.0,2.6532663316582923,8964,4
09/15/2026,14:14:21,774.88,796.0,2.6532663316582923,8965,4
09/15/2026,14:14:21,774.88,796.0,2.6532663316582923,8966,2
09/15/2026,14:14:21,774.88,796.0,2.6532663316582923,8967,4
09/15/2026,14:14:21,774.88,796.0,2.6532663316582923,8968,3
09/15/2026,14:14:21,774.88,796.0,2.6532663316582923,8969,7
09/15/2026,14:14:21,774.88,796.0,2.6532663316582923,8970,5
09/15/2026,14:14:21,774.88,796.0,2.6532663316582923,8971,4
09/15/2026,14:14:21,774.88,796.0,2.6532663316582923,8972,5
09/15/2026,14:14:21,774.88,796.0,2.6532663316582923,8973,6
09/15/2026,14:14:21,774.88,796.0,2.6532663316582923,8974,7
09/15/2026,14:14:21,774.88,796.0,2.6532663316582923,8975,5
09/15/2026,14:14:21,774.88,796.0,2.6532663316582923,8976,3
09/15/2026,14:14:21,774.88,796.0,2.6532663316582923,8977,6
09/15/2026,14:14:21,774.88,796.0,2.6532663316582923,8978,3
09/15/2026,14:14:21,774.88,796.0,2.6532663316582923,8979,4
09/15/2026,14:14:21,774.88,796.0,2.6532663316582923,8980,4
09/15/2026,14:14:21,774.88,796.0,2.6532663316582923,8981,4
09/15/2026,14:14:21,774.88,796.0,2.6532663316582923,8982,6
09/15/2026,14:14:21,774.88,796.0,2.6532663316582923,8983,2
09/15/2026,14:14:21,774.88,796.0,2.6532663316582923,8984,5
09/15/2026,14:14:21,774.88,796.0,2.6532663316582923,8985,7
09/15/2026,14:14:21,774.88,796.0,2.6532663316582923,8986,2
09/15/2026,14:14:21,774.88,796.0,2.6532663316582923,8987,4
09/15/2026,14:14:21,774.88,796.0,2.6532663316582923,8988,4
09/15/2026,14:14:21,774.88,796.0,2.6532663316582923,8989,4
09/15/2026,14:14:21,774.88,796.0,2.6532663316582923,8990,4
09/15/2026,14:14:21,774.88,796.0,2.6532663316582923,8991,1
09/15/2026,14:14:21,774.88,796.0,2.6532663316582923,8992,6
09/15/2026,14:14:21,774.88,796.0,2.6532663316582923,8993,8
09/15/2026,14:14:21,774.88,796.0,2.6532663316582923,8994,6
09/15/2026,14:14:21,774.88,796.0,2.6532663316582923,8995,5
09/15/2026,14:14:21,774.88,796.0,2.6532663316582923,8996,3
09/15/2026,14:14:21,774.88,796.0,2.6532663316582923,8997,7
09/15/2026,14:14:21,774.88,796.0,2.6532663316582923,8998,5
09/15/2026,14:14:21,774.88,796.0,2.6532663316582923,8999,7
09/15/2026,14:14:21,774.88,796.0,2.6532663316582923,9000,5
09/15/2026,14:14:21,774.88,796.0,2.6532663316582923,9001,4
09/15/2026,14:14:21,774.88,796.0,2.6532663316582923,9002,7
09/15/2026,14:14:21,774.88,796.0,2.6532663316582923,9003,7
09/15/2026,14:14:21,774.88,796.0,2.6532663316582923,9004,6
09/15/2026,14:14:21,774.88,796.0,2.6532663316582923,9005,6
09/15/2026,14:14:21,774.88,796.0,2.6532663316582923,9006,3
09/15/2026,14:14:21,774.88,796.0,2.6532663316582923,9007,1
09/15/2026,14:14:21,774.88,796.0,2.6532663316582923,9008,5
09/15/2026,14:14:21,774.88,796.0,2.6532663316582923,9009,8
09/15/2026,14:14:21,774.88,796.0,2.6532663316582923,9010,4
09/15/2026,14:14:21,774.88,796.0,2.6532663316582923,9011,2
09/15/2026,14:14:21,774.88,796.0,2.6532663316582923,9012,5
09/15/2026,14:14:21,774.88,796.0,2.6532663316582923,9013,4
09/15/2026,14:14:21,774.88,796.0,2.6532663316582923,9014,3
09/15/2026,14:14:21,774.88,796.0,2.6532663316582923,9015,3
09/15/2026,14:14:21,774.88,796.0,2.6532663316582923,9016,6
09/15/2026,14:14:21,774.88,796.0,2.6532663316582923,9017,2
09/15/2026,14:14:21,774.88,796.0,2.6532663316582923,9018,2
09/15/2026,14:14:21,774.88,796.0,2.6532663316582923,9019,5
09/15/2026,14:14:21,774.88,796.0,2.6532663316582923,9020,6
09/15/2026,14:14:21,774.88,796.0,2.6532663316582923,9021,8
09/15/2026,14:14:21,774.88,796.0,2.6532663316582923,9022,1
09/15/2026,14:14:21,774.88,796.0,2.6532663316582923,9023,11
09/15/2026,14:14:21,774.88,796.0,2.6532663316582923,9024,5
09/15/2026,14:14:21,774.88,796.0,2.6532663316582923,9025,6
09/15/2026,14:14:21,774.88,796.0,2.6532663316582923,9026,4
09/15/2026,14:14:21,774.88,796.0,2.6532663316582923,9027,8
09/15/2026,14:14:21,774.88,796.0,2.6532663316582923,9028,4
09/15/2026,14:14:21,774.88,796.0,2.6532663316582923,9029,5
09/15/2026,14:14:21,774.88,796.0,2.6532663316582923,9030,5
09/15/2026,14:14:21,774.88,796.0,2.6532663316582923,9031,5
09/15/2026,14:14:21,774.88,796.0,2.6532663316582923,9032,4
09/15/2026,14:14:21,774.88,796.0,2.6532663316582923,9033,5
09/15/2026,14:14:21,774.88,796.0,2.6532663316582923,9034,11
09/15/2026,14:14:21,774.88,796.0,2.6532663316582923,9035,6
09/15/2026,14:14:21,774.88,796.0,2.6532663316582923,9036,4
09/15/2026,14:14:21,774.88,796.0,2.6532663316582923,9037,2
09/15/2026,14:14:21,774.88,796.0,2.6532663316582923,9038,8
09/15/2026,14:14:21,774.88,796.0,2.6532663316582923,9039,5
09/15/2026,14:14:21,774.88,796.0,2.6532663316582923,9040,4
09/15/2026,14:14:21,774.88,796.0,2.6532663316582923,9041,4
09/15/2026,14:14:21,774.88,796.0,2.6532663316582923,9042,4
09/15/2026,14:14:21,774.88,796.0,2.6532663316582923,9043,6
09/15/2026,14:14:21,774.88,796.0,2.6532663316582923,9044,3
09/15/2026,14:14:21,774.88,796.0,2.6532663316582923,9045,6
09/15/2026,14:14:21,774.88,796.0,2.6532663316582923,9046,5
09/15/2026,14:14:21,774.88,796.0,2.6532663316582923,9047,5
09/15/2026,14:14:21,774.88,796.0,2.6532663316582923,9048,3
09/15/2026,14:14:21,774.88,796.0,2.6532663316582923,9049,4
09/15/2026,14:14:21,774.88,796.0,2.6532663316582923,9050,2
09/15/2026,14:14:21,774.88,796.0,2.6532663316582923,9051,10
09/15/2026,14:14:21,774.88,796.0,2.6532663316582923,9052,2
09/15/2026,14:14:21,774.88,796.0,2.6532663316582923,9053,7
09/15/2026,14:14:21,774.88,796.0,2.6532663316582923,9054,6
09/15/2026,14:14:21,774.88,796.0,2.6532663316582923,9055,3
09/15/2026,14:14:21,774.88,796.0,2.6532663316582923,9056,5
09/15/2026,14:14:21,774.88,796.0,2.6532663316582923,9057,3
09/15/2026,14:14:21,774.88,796.0,2.6532663316582923,9058,4
09/15/2026,14:14:21,774.88,796.0,2.6532663316582923,9059,2
09/15/2026,14:14:21,774.88,796.0,2.6532663316582923,9060,6
09/15/2026,14:14:21,774.88,796.0,2.6532663316582923,9061,5
09/15/2026,14:14:21,774.88,796.0,2.6532663316582923,9062,5
09/15/2026,14:14:21,774.88,796.0,2.6532663316582923,9063,6
09/15/2026,14:14:21,774.88,796.0,2.6532663316582923,9064,8
09/15/2026,14:14:21,774.88,796.0,2.6532663316582923,9065,5
09/15/2026,14:14:21,774.88,796.0,2.6532663316582923,9066,4
09/15/2026,14:14:21,774.88,796.0,2.6532663316582923,9067,2
09/15/2026,14:14:21,774.88,796.0,2.6532663316582923,9068,3
09/15/2026,14:14:21,774.88,796.0,2.6532663316582923,9069,3
09/15/2026,14:14:21,774.88,796.0,2.6532663316582923,9070,5
09/15/2026,14:14:21,774.88,796.0,2.6532663316582923,9071,3
09/15/2026,14:14:21,774.88,796.0,2.6532663316582923,9072,2
09/15/2026,14:14:21,774.88,796.0,2.6532663316582923,9073,3
09/15/2026,14:14:21,774.88,796.0,2.6532663316582923,9074,2
09/15/2026,14:14:21,774.88,796.0,2.6532663316582923,9075,7
09/15/2026,14:14:21,774.88,796.0,2.6532663316582923,9076,5
09/15/2026,14:14:21,774.88,796.0,2.6532663316582923,9077,1
09/15/2026,14:14:21,774.88,796.0,2.6532663316582923,9078,7
09/15/2026,14:14:21,774.88,796.0,2.6532663316582923,9079,4
09/15/2026,14:14:21,774.88,796.0,2.6532663316582923,9080,2
09/15/2026,14:14:21,774.88,796.0,2.6532663316582923,9081,3
09/15/2026,14:14:21,774.88,796.0,2.6532663316582923,9082,3
09/15/2026,14:14:21,774.88,796.0,2.6532663316582923,9083,3
09/15/2026,14:14:21,774.88,796.0,2.6532663316582923,9084,4
09/15/2026,14:14:21,774.88,796.0,2.6532663316582923,9085,4
09/15/2026,14:14:21,774.88,796.0,2.6532663316582923,9086,5
09/15/2026,14:14:21,774.88,796.0,2.6532663316582923,9087,8
09/15/2026,14:14:21,774.88,796.0,2.6532663316582923,9088,3
09/15/2026,14:14:21,774.88,796.0,2.6532663316582923,9089,6
09/15/2026,14:14:21,774.88,796.0,2.6532663316582923,9090,4
09/15/2026,14:14:21,774.88,796.0,2.6532663316582923,9091,2
09/15/2026,14:14:21,774.88,796.0,2.6532663316582923,9092,5
09/15/2026,14:14:21,774.88,796.0,2.6532663316582923,9093,4
09/15/2026,14:14:21,774.88,796.0,2.6532663316582923,9094,2
09/15/2026,14:14:21,774.88,796.0,2.6532663316582923,9095,3
09/15/2026,14:14:21,774.88,796.0,2.6532663316582923,9096,6
09/15/2026,14:14:21,774.88,796.0,2.6532663316582923,9097,4
09/15/2026,14:14:21,774.88,796.0,2.6532663316582923,9098,7
09/15/2026,14:14:21,774.88,796.0,2.6532663316582923,9099,3
09/15/2026,14:14:21,774.88,796.0,2.6532663316582923,9100,2
09/15/2026,14:14:21,774.88,796.0,2.6532663316582923,9101,1
09/15/2026,14:14:21,774.88,796.0,2.6532663316582923,9102,5
09/15/2026,14:14:21,774.88,796.0,2.6532663316582923,9103,4
09/15/2026,14:14:21,774.88,796.0,2.6532663316582923,9104,4
09/15/2026,14:14:21,774.88,796.0,2.6532663316582923,9105,5
09/15/2026,14:14:21,774.88,796.0,2.6532663316582923,9106,1
09/15/2026,14:14:21,774.88,796.0,2.6532663316582923,9107,6
09/15/2026,14:14:21,774.88,796.0,2.6532663316582923,9108,4
09/15/2026,14:14:21,774.88,796.0,2.6532663316582923,9109,4
09/15/2026,14:14:21,774.88,796.0,2.6532663316582923,9110,7
09/15/2026,14:14:21,774.88,796.0,2.6532663316582923,9111,4
09/15/2026,14:14:21,774.88,796.0,2.6532663316582923,9112,4
09/15/2026,14:14:21,774.88,796.0,2.6532663316582923,9113,2
09/15/2026,14:14:21,774.88,796.0,2.6532663316582923,9114,3
09/15/2026,14:14:21,774.88,796.0,2.6532663316582923,9115,2
09/15/2026,14:14:21,774.88,796.0,2.6532663316582923,9116,7
09/15/2026,14:14:21,774.88,796.0,2.6532663316582923,9117,5
09/15/2026,14:14:21,774.88,796.0,2.6532663316582923,9118,8
09/15/2026,14:14:21,774.88,796.0,2.6532663316582923,9119,8
09/15/2026,14:14:21,774.88,796.0,2.6532663316582923,9120,4
09/15/2026,14:14:21,774.88,796.0,2.6532663316582923,9121,5
09/15/2026,14:14:21,774.88,796.0,2.6532663316582923,9122,6
09/15/2026,14:14:21,774.88,796.0,2.6532663316582923,9123,5
09/15/2026,14:14:21,774.88,796.0,2.6532663316582923,9124,3
09/15/2026,14:14:21,774.88,796.0,2.6532663316582923,9125,5
09/15/2026,14:14:21,774.88,796.0,2.6532663316582923,9126,4
09/15/2026,14:14:21,774.88,796.0,2.6532663316582923,9127,2
09/15/2026,14:14:21,774.88,796.0,2.6532663316582923,9128,5
09/15/2026,14:14:21,774.88,796.0,2.6532663316582923,9129,5
09/15/2026,14:14:21,774.88,796.0,2.6532663316582923,9130,4
09/15/2026,14:14:21,774.88,796.0,2.6532663316582923,9131,9
09/15/2026,14:14:21,774.88,796.0,2.6532663316582923,9132,5
09/15/2026,14:14:21,774.88,796.0,2.6532663316582923,9133,2
09/15/2026,14:14:21,774.88,796.0,2.6532663316582923,9134,5
09/15/2026,14:14:21,774.88,796.0,2.6532663316582923,9135,1
09/15/2026,14:14:21,774.88,796.0,2.6532663316582923,9136,5
09/15/2026,14:14:21,774.88,796.0,2.6532663316582923,9137,4
09/15/2026,14:14:21,774.88,796.0,2.6532663316582923,9138,4
09/15/2026,14:14:21,774.88,796.0,2.6532663316582923,9139,1
09/15/2026,14:14:21,774.88,796.0,2.6532663316582923,9140,2
09/15/2026,14:14:21,774.88,796.0,2.6532663316582923,9141,5
09/15/2026,14:14:21,774.88,796.0,2.6532663316582923,9142,5
09/15/2026,14:14:21,774.88,796.0,2.6532663316582923,9143,4
09/15/2026,14:14:21,774.88,796.0,2.6532663316582923,9144,3
09/15/2026,14:14:21,774.88,796.0,2.6532663316582923,9145,7
09/15/2026,14:14:21,774.88,796.0,2.6532663316582923,9146,4
09/15/2026,14:14:21,774.88,796.0,2.6532663316582923,9147,4
09/15/2026,14:14:21,774.88,796.0,2.6532663316582923,9148,4
09/15/2026,14:14:21,774.88,796.0,2.6532663316582923,9149,6
09/15/2026,14:14:21,774.88,796.0,2.6532663316582923,9150,2
09/15/2026,14:14:21,774.88,796.0,2.6532663316582923,9151,5
09/15/2026,14:14:21,774.88,796.0,2.6532663316582923,9152,6
09/15/2026,14:14:21,774.88,796.0,2.6532663316582923,9153,6
09/15/2026,14:14:21,774.88,796.0,2.6532663316582923,9154,3
09/15/2026,14:14:21,774.88,796.0,2.6532663316582923,9155,7
09/15/2026,14:14:21,774.88,796.0,2.6532663316582923,9156,6
09/15/2026,14:14:21,774.88,796.0,2.6532663316582923,9157,5
09/15/2026,14:14:21,774.88,796.0,2.6532663316582923,9158,6
09/15/2026,14:14:21,774.88,796.0,2.6532663316582923,9159,1
09/15/2026,14:14:21,774.88,796.0,2.6532663316582923,9160,6
09/15/2026,14:14:21,774.88,796.0,2.6532663316582923,9161,4
09/15/2026,14:14:21,774.88,796.0,2.6532663316582923,9162,4
09/15/2026,14:14:21,774.88,796.0,2.6532663316582923,9163,4
09/15/2026,14:14:21,774.88,796.0,2.6532663316582923,9164,4
09/15/2026,14:14:21,774.88,796.0,2.6532663316582923,9165,2
09/15/2026,14:14:21,774.88,796.0,2.6532663316582923,9166,5
09/15/2026,14:14:21,774.88,796.0,2.6532663316582923,9167,0
09/15/2026,14:14:21,774.88,796.0,2.6532663316582923,9168,6
09/15/2026,14:14:21,774.88,796.0,2.6532663316582923,9169,2
09/15/2026,14:14:21,774.88,796.0,2.6532663316582923,9170,6
09/15/2026,14:14:21,774.88,796.0,2.6532663316582923,9171,4
09/15/2026,14:14:21,774.88,796.0,2.6532663316582923,9172,5
09/15/2026,14:14:21,774.88,796.0,2.6532663316582923,9173,5
09/15/2026,14:14:21,774.88,796.0,2.6532663316582923,9174,7
09/15/2026,14:14:21,774.88,796.0,2.6532663316582923,9175,4
09/15/2026,14:14:21,774.88,796.0,2.6532663316582923,9176,0
09/15/2026,14:14:21,774.88,796.0,2.6532663316582923,9177,4
09/15/2026,14:14:21,774.88,796.0,2.6532663316582923,9178,3
09/15/2026,14:14:21,774.88,796.0,2.6532663316582923,9179,1
09/15/2026,14:14:21,774.88,796.0,2.6532663316582923,9180,4
09/15/2026,14:14:21,774.88,796.0,2.6532663316582923,9181,3
09/15/2026,14:14:21,774.88,796.0,2.6532663316582923,9182,4
09/15/2026,14:14:21,774.88,796.0,2.6532663316582923,9183,4
09/15/2026,14:14:21,774.88,796.0,2.6532663316582923,9184,6
09/15/2026,14:14:21,774.88,796.0,2.6532663316582923,9185,4
09/15/2026,14:14:21,774.88,796.0,2.6532663316582923,9186,4
09/15/2026,14:14:21,774.88,796.0,2.6532663316582923,9187,2
09/15/2026,14:14:21,774.88,796.0,2.6532663316582923,9188,3
09/15/2026,14:14:21,774.88,796.0,2.6532663316582923,9189,3
09/15/2026,14:14:21,774.88,796.0,2.6532663316582923,9190,6
09/15/2026,14:14:21,774.88,796.0,2.6532663316582923,9191,3
09/15/2026,14:14:21,774.88,796.0,2.6532663316582923,9192,3
09/15/2026,14:14:21,774.88,796.0,2.6532663316582923,9193,4
09/15/2026,14:14:21,774.88,796.0,2.6532663316582923,9194,3
09/15/2026,14:14:21,774.88,796.0,2.6532663316582923,9195,5
09/15/2026,14:14:21,774.88,796.0,2.6532663316582923,9196,8
09/15/2026,14:14:21,774.88,796.0,2.6532663316582923,9197,1
09/15/2026,14:14:21,774.88,796.0,2.6532663316582923,9198,2
09/15/2026,14:14:21,774.88,796.0,2.6532663316582923,9199,6
09/15/2026,14:14:21,774.88,796.0,2.6532663316582923,9200,6
09/15/2026,14:14:21,774.88,796.0,2.6532663316582923,9201,6
09/15/2026,14:14:21,774.88,796.0,2.6532663316582923,9202,4
09/15/2026,14:14:21,774.88,796.0,2.6532663316582923,9203,4
09/15/2026,14:14:21,774.88,796.0,2.6532663316582923,9204,4
09/15/2026,14:14:21,774.88,796.0,2.6532663316582923,9205,6
09/15/2026,14:14:21,774.88,796.0,2.6532663316582923,9206,3
09/15/2026,14:14:21,774.88,796.0,2.6532663316582923,9207,3
09/15/2026,14:14:21,774.88,796.0,2.6532663316582923,9208,2
09/15/2026,14:14:21,774.88,796.0,2.6532663316582923,9209,0
09/15/2026,14:14:21,774.88,796.0,2.6532663316582923,9210,2
09/15/2026,14:14:21,774.88,796.0,2.6532663316582923,9211,2
09/15/2026,14:14:21,774.88,796.0,2.6532663316582923,9212,3
09/15/2026,14:14:21,774.88,796.0,2.6532663316582923,9213,4
09/15/2026,14:14:21,774.88,796.0,2.6532663316582923,9214,5
09/15/2026,14:14:21,774.88,796.0,2.6532663316582923,9215,3
09/15/2026,14:14:21,774.88,796.0,2.6532663316582923,9216,7
09/15/2026,14:14:21,774.88,796.0,2.6532663316582923,9217,4
09/15/2026,14:14:21,774.88,796.0,2.6532663316582923,9218,6
09/15/2026,14:14:21,774.88,796.0,2.6532663316582923,9219,5
09/15/2026,14:14:21,774.88,796.0,2.6532663316582923,9220,3
09/15/2026,14:14:21,774.88,796.0,2.6532663316582923,9221,3
09/15/2026,14:14:21,774.88,796.0,2.6532663316582923,9222,3
09/15/2026,14:14:21,774.88,796.0,2.6532663316582923,9223,8
09/15/2026,14:14:21,774.88,796.0,2.6532663316582923,9224,1
09/15/2026,14:14:21,774.88,796.0,2.6532663316582923,9225,4
09/15/2026,14:14:21,774.88,796.0,2.6532663316582923,9226,3
09/15/2026,14:14:21,774.88,796.0,2.6532663316582923,9227,6
09/15/2026,14:14:21,774.88,796.0,2.6532663316582923,9228,2
09/15/2026,14:14:21,774.88,796.0,2.6532663316582923,9229,5
09/15/2026,14:14:21,774.88,796.0,2.6532663316582923,9230,5
09/15/2026,14:14:21,774.88,796.0,2.6532663316582923,9231,6
09/15/2026,14:14:21,774.88,796.0,2.6532663316582923,9232,2
09/15/2026,14:14:21,774.88,796.0,2.6532663316582923,9233,2
09/15/2026,14:14:21,774.88,796.0,2.6532663316582923,9234,5
09/15/2026,14:14:21,774.88,796.0,2.6532663316582923,9235,5
09/15/2026,14:14:21,774.88,796.0,2.6532663316582923,9236,4
09/15/2026,14:14:21,774.88,796.0,2.6532663316582923,9237,7
09/15/2026,14:14:21,774.88,796.0,2.6532663316582923,9238,1
09/15/2026,14:14:21,774.88,796.0,2.6532663316582923,9239,5
09/15/2026,14:14:21,774.88,796.0,2.6532663316582923,9240,2
09/15/2026,14:14:21,774.88,796.0,2.6532663316582923,9241,2
09/15/2026,14:14:21,774.88,796.0,2.6532663316582923,9242,3
09/15/2026,14:14:21,774.88,796.0,2.6532663316582923,9243,1
09/15/2026,14:14:21,774.88,796.0,2.6532663316582923,9244,1
09/15/2026,14:14:21,774.88,796.0,2.6532663316582923,9245,4
09/15/2026,14:14:21,774.88,796.0,2.6532663316582923,9246,0
09/15/2026,14:14:21,774.88,796.0,2.6532663316582923,9247,4
09/15/2026,14:14:21,774.88,796.0,2.6532663316582923,9248,2
09/15/2026,14:14:21,774.88,796.0,2.6532663316582923,9249,2
09/15/2026,14:14:21,774.88,796.0,2.6532663316582923,9250,3
09/15/2026,14:14:21,774.88,796.0,2.6532663316582923,9251,1
09/15/2026,14:14:21,774.88,796.0,2.6532663316582923,9252,5
09/15/2026,14:14:21,774.88,796.0,2.6532663316582923,9253,4
09/15/2026,14:14:21,774.88,796.0,2.6532663316582923,9254,5
09/15/2026,14:14:21,774.88,796.0,2.6532663316582923,9255,4
09/15/2026,14:14:21,774.88,796.0,2.6532663316582923,9256,3
09/15/2026,14:14:21,774.88,796.0,2.6532663316582923,9257,1
09/15/2026,14:14:21,774.88,796.0,2.6532663316582923,9258,6
09/15/2026,14:14:21,774.88,796.0,2.6532663316582923,9259,5
09/15/2026,14:14:21,774.88,796.0,2.6532663316582923,9260,2
09/15/2026,14:14:21,774.88,796.0,2.6532663316582923,9261,5
09/15/2026,14:14:21,774.88,796.0,2.6532663316582923,9262,4
09/15/2026,14:14:21,774.88,796.0,2.6532663316582923,9263,3
09/15/2026,14:14:21,774.88,796.0,2.6532663316582923,9264,6
09/15/2026,14:14:21,774.88,796.0,2.6532663316582923,9265,7
09/15/2026,14:14:21,774.88,796.0,2.6532663316582923,9266,9
09/15/2026,14:14:21,774.88,796.0,2.6532663316582923,9267,1
09/15/2026,14:14:21,774.88,796.0,2.6532663316582923,9268,4
09/15/2026,14:14:21,774.88,796.0,2.6532663316582923,9269,6
09/15/2026,14:14:21,774.88,796.0,2.6532663316582923,9270,3
09/15/2026,14:14:21,774.88,796.0,2.6532663316582923,9271,5
09/15/2026,14:14:21,774.88,796.0,2.6532663316582923,9272,3
09/15/2026,14:14:21,774.88,796.0,2.6532663316582923,9273,9
09/15/2026,14:14:21,774.88,796.0,2.6532663316582923,9274,6
09/15/2026,14:14:21,774.88,796.0,2.6532663316582923,9275,4
09/15/2026,14:14:21,774.88,796.0,2.6532663316582923,9276,3
09/15/2026,14:14:21,774.88,796.0,2.6532663316582923,9277,1
09/15/2026,14:14:21,774.88,796.0,2.6532663316582923,9278,4
09/15/2026,14:14:21,774.88,796.0,2.6532663316582923,9279,2
09/15/2026,14:14:21,774.88,796.0,2.6532663316582923,9280,4
09/15/2026,14:14:21,774.88,796.0,2.6532663316582923,9281,3
09/15/2026,14:14:21,774.88,796.0,2.6532663316582923,9282,1
09/15/2026,14:14:21,774.88,796.0,2.6532663316582923,9283,3
09/15/2026,14:14:21,774.88,796.0,2.6532663316582923,9284,5
09/15/2026,14:14:21,774.88,796.0,2.6532663316582923,9285,7
09/15/2026,14:14:21,774.88,796.0,2.6532663316582923,9286,2
09/15/2026,14:14:21,774.88,796.0,2.6532663316582923,9287,2
09/15/2026,14:14:21,774.88,796.0,2.6532663316582923,9288,1
09/15/2026,14:14:21,774.88,796.0,2.6532663316582923,9289,5
09/15/2026,14:14:21,774.88,796.0,2.6532663316582923,9290,2
09/15/2026,14:14:21,774.88,796.0,2.6532663316582923,9291,4
09/15/2026,14:14:21,774.88,796.0,2.6532663316582923,9292,0
09/15/2026,14:14:21,774.88,796.0,2.6532663316582923,9293,3
09/15/2026,14:14:21,774.88,796.0,2.6532663316582923,9294,3
09/15/2026,14:14:21,774.88,796.0,2.6532663316582923,9295,5
09/15/2026,14:14:21,774.88,796.0,2.6532663316582923,9296,2
09/15/2026,14:14:21,774.88,796.0,2.6532663316582923,9297,2
09/15/2026,14:14:21,774.88,796.0,2.6532663316582923,9298,1
09/15/2026,14:14:21,774.88,796.0,2.6532663316582923,9299,3
09/15/2026,14:14:21,774.88,796.0,2.6532663316582923,9300,1
09/15/2026,14:14:21,774.88,796.0,2.6532663316582923,9301,5
09/15/2026,14:14:21,774.88,796.0,2.6532663316582923,9302,4
09/15/2026,14:14:21,774.88,796.0,2.6532663316582923,9303,2
09/15/2026,14:14:21,774.88,796.0,2.6532663316582923,9304,1
09/15/2026,14:14:21,774.88,796.0,2.6532663316582923,9305,4
09/15/2026,14:14:21,774.88,796.0,2.6532663316582923,9306,1
09/15/2026,14:14:21,774.88,796.0,2.6532663316582923,9307,3
09/15/2026,14:14:21,774.88,796.0,2.6532663316582923,9308,4
09/15/2026,14:14:21,774.88,796.0,2.6532663316582923,9309,3
09/15/2026,14:14:21,774.88,796.0,2.6532663316582923,9310,7
09/15/2026,14:14:21,774.88,796.0,2.6532663316582923,9311,3
09/15/2026,14:14:21,774.88,796.0,2.6532663316582923,9312,1
09/15/2026,14:14:21,774.88,796.0,2.6532663316582923,9313,1
09/15/2026,14:14:21,774.88,796.0,2.6532663316582923,9314,2
09/15/2026,14:14:21,774.88,796.0,2.6532663316582923,9315,2
09/15/2026,14:14:21,774.88,796.0,2.6532663316582923,9316,3
09/15/2026,14:14:21,774.88,796.0,2.6532663316582923,9317,0
09/15/2026,14:14:21,774.88,796.0,2.6532663316582923,9318,2
09/15/2026,14:14:21,774.88,796.0,2.6532663316582923,9319,3
09/15/2026,14:14:21,774.88,796.0,2.6532663316582923,9320,6
09/15/2026,14:14:21,774.88,796.0,2.6532663316582923,9321,5
09/15/2026,14:14:21,774.88,796.0,2.6532663316582923,9322,5
09/15/2026,14:14:21,774.88,796.0,2.6532663316582923,9323,1
09/15/2026,14:14:21,774.88,796.0,2.6532663316582923,9324,3
09/15/2026,14:14:21,774.88,796.0,2.6532663316582923,9325,1
09/15/2026,14:14:21,774.88,796.0,2.6532663316582923,9326,3
09/15/2026,14:14:21,774.88,796.0,2.6532663316582923,9327,2
09/15/2026,14:14:21,774.88,796.0,2.6532663316582923,9328,3
09/15/2026,14:14:21,774.88,796.0,2.6532663316582923,9329,1
09/15/2026,14:14:21,774.88,796.0,2.6532663316582923,9330,4
09/15/2026,14:14:21,774.88,796.0,2.6532663316582923,9331,3
09/15/2026,14:14:21,774.88,796.0,2.6532663316582923,9332,3
09/15/2026,14:14:21,774.88,796.0,2.6532663316582923,9333,2
09/15/2026,14:14:21,774.88,796.0,2.6532663316582923,9334,5
09/15/2026,14:14:21,774.88,796.0,2.6532663316582923,9335,6
09/15/2026,14:14:21,774.88,796.0,2.6532663316582923,9336,3
09/15/2026,14:14:21,774.88,796.0,2.6532663316582923,9337,1
09/15/2026,14:14:21,774.88,796.0,2.6532663316582923,9338,1
09/15/2026,14:14:21,774.88,796.0,2.6532663316582923,9339,5
09/15/2026,14:14:21,774.88,796.0,2.6532663316582923,9340,4
09/15/2026,14:14:21,774.88,796.0,2.6532663316582923,9341,2
09/15/2026,14:14:21,774.88,796.0,2.6532663316582923,9342,1
09/15/2026,14:14:21,774.88,796.0,2.6532663316582923,9343,5
09/15/2026,14:14:21,774.88,796.0,2.6532663316582923,9344,5
09/15/2026,14:14:21,774.88,796.0,2.6532663316582923,9345,3
09/15/2026,14:14:21,774.88,796.0,2.6532663316582923,9346,2
09/15/2026,14:14:21,774.88,796.0,2.6532663316582923,9347,5
09/15/2026,14:14:21,774.88,796.0,2.6532663316582923,9348,4
09/15/2026,14:14:21,774.88,796.0,2.6532663316582923,9349,1
09/15/2026,14:14:21,774.88,796.0,2.6532663316582923,9350,3
09/15/2026,14:14:21,774.88,796.0,2.6532663316582923,9351,2
09/15/2026,14:14:21,774.88,796.0,2.6532663316582923,9352,3
09/15/2026,14:14:21,774.88,796.0,2.6532663316582923,9353,3
09/15/2026,14:14:21,774.88,796.0,2.6532663316582923,9354,2
09/15/2026,14:14:21,774.88,796.0,2.6532663316582923,9355,2
09/15/2026,14:14:21,774.88,796.0,2.6532663316582923,9356,2
09/15/2026,14:14:21,774.88,796.0,2.6532663316582923,9357,4
09/15/2026,14:14:21,774.88,796.0,2.6532663316582923,9358,1
09/15/2026,14:14:21,774.88,796.0,2.6532663316582923,9359,5
09/15/2026,14:14:21,774.88,796.0,2.6532663316582923,9360,3
09/15/2026,14:14:21,774.88,796.0,2.6532663316582923,9361,2
09/15/2026,14:14:21,774.88,796.0,2.6532663316582923,9362,4
09/15/2026,14:14:21,774.88,796.0,2.6532663316582923,9363,2
09/15/2026,14:14:21,774.88,796.0,2.6532663316582923,9364,1
09/15/2026,14:14:21,774.88,796.0,2.6532663316582923,9365,4
09/15/2026,14:14:21,774.88,796.0,2.6532663316582923,9366,2
09/15/2026,14:14:21,774.88,796.0,2.6532663316582923,9367,3
09/15/2026,14:14:21,774.88,796.0,2.6532663316582923,9368,2
09/15/2026,14:14:21,774.88,796.0,2.6532663316582923,9369,4
09/15/2026,14:14:21,774.88,796.0,2.6532663316582923,9370,7
09/15/2026,14:14:21,774.88,796.0,2.6532663316582923,9371,1
09/15/2026,14:14:21,774.88,796.0,2.6532663316582923,9372,2
09/15/2026,14:14:21,774.88,796.0,2.6532663316582923,9373,0
09/15/2026,14:14:21,774.88,796.0,2.6532663316582923,9374,3
09/15/2026,14:14:21,774.88,796.0,2.6532663316582923,9375,3
09/15/2026,14:14:21,774.88,796.0,2.6532663316582923,9376,3
09/15/2026,14:14:21,774.88,796.0,2.6532663316582923,9377,5
09/15/2026,14:14:21,774.88,796.0,2.6532663316582923,9378,0
09/15/2026,14:14:21,774.88,796.0,2.6532663316582923,9379,2
09/15/2026,14:14:21,774.88,796.0,2.6532663316582923,9380,5
09/15/2026,14:14:21,774.88,796.0,2.6532663316582923,9381,1
09/15/2026,14:14:21,774.88,796.0,2.6532663316582923,9382,5
09/15/2026,14:14:21,774.88,796.0,2.6532663316582923,9383,2
09/15/2026,14:14:21,774.88,796.0,2.6532663316582923,9384,3
09/15/2026,14:14:21,774.88,796.0,2.6532663316582923,9385,1
09/15/2026,14:14:21,774.88,796.0,2.6532663316582923,9386,3
09/15/2026,14:14:21,774.88,796.0,2.6532663316582923,9387,1
09/15/2026,14:14:21,774.88,796.0,2.6532663316582923,9388,4
09/15/2026,14:14:21,774.88,796.0,2.6532663316582923,9389,3
09/15/2026,14:14:21,774.88,796.0,2.6532663316582923,9390,3
09/15/2026,14:14:21,774.88,796.0,2.6532663316582923,9391,3
09/15/2026,14:14:21,774.88,796.0,2.6532663316582923,9392,0
09/15/2026,14:14:21,774.88,796.0,2.6532663316582923,9393,1
09/15/2026,14:14:21,774.88,796.0,2.6532663316582923,9394,2
09/15/2026,14:14:21,774.88,796.0,2.6532663316582923,9395,3
09/15/2026,14:14:21,774.88,796.0,2.6532663316582923,9396,0
09/15/2026,14:14:21,774.88,796.0,2.6532663316582923,9397,3
09/15/2026,14:14:21,774.88,796.0,2.6532663316582923,9398,0
09/15/2026,14:14:21,774.88,796.0,2.6532663316582923,9399,4
09/15/2026,14:14:21,774.88,796.0,2.6532663316582923,9400,6
09/15/2026,14:14:21,774.88,796.0,2.6532663316582923,9401,2
09/15/2026,14:14:21,774.88,796.0,2.6532663316582923,9402,3
09/15/2026,14:14:21,774.88,796.0,2.6532663316582923,9403,4
09/15/2026,14:14:21,774.88,796.0,2.6532663316582923,9404,2
09/15/2026,14:14:21,774.88,796.0,2.6532663316582923,9405,3
09/15/2026,14:14:21,774.88,796.0,2.6532663316582923,9406,4
09/15/2026,14:14:21,774.88,796.0,2.6532663316582923,9407,4
09/15/2026,14:14:21,774.88,796.0,2.6532663316582923,9408,4
09/15/2026,14:14:21,774.88,796.0,2.6532663316582923,9409,4
09/15/2026,14:14:21,774.88,796.0,2.6532663316582923,9410,2
09/15/2026,14:14:21,774.88,796.0,2.6532663316582923,9411,2
09/15/2026,14:14:21,774.88,796.0,2.6532663316582923,9412,2
09/15/2026,14:14:21,774.88,796.0,2.6532663316582923,9413,1
09/15/2026,14:14:21,774.88,796.0,2.6532663316582923,9414,3
09/15/2026,14:14:21,774.88,796.0,2.6532663316582923,9415,4
09/15/2026,14:14:21,774.88,796.0,2.6532663316582923,9416,3
09/15/2026,14:14:21,774.88,796.0,2.6532663316582923,9417,4
09/15/2026,14:14:21,774.88,796.0,2.6532663316582923,9418,2
09/15/2026,14:14:21,774.88,796.0,2.6532663316582923,9419,4
09/15/2026,14:14:21,774.88,796.0,2.6532663316582923,9420,1
09/15/2026,14:14:21,774.88,796.0,2.6532663316582923,9421,2
09/15/2026,14:14:21,774.88,796.0,2.6532663316582923,9422,0
09/15/2026,14:14:21,774.88,796.0,2.6532663316582923,9423,5
09/15/2026,14:14:21,774.88,796.0,2.6532663316582923,9424,3
09/15/2026,14:14:21,774.88,796.0,2.6532663316582923,9425,1
09/15/2026,14:14:21,774.88,796.0,2.6532663316582923,9426,0
09/15/2026,14:14:21,774.88,796.0,2.6532663316582923,9427,1
09/15/2026,14:14:21,774.88,796.0,2.6532663316582923,9428,3
09/15/2026,14:14:21,774.88,796.0,2.6532663316582923,9429,2
09/15/2026,14:14:21,774.88,796.0,2.6532663316582923,9430,2
09/15/2026,14:14:21,774.88,796.0,2.6532663316582923,9431,1
09/15/2026,14:14:21,774.88,796.0,2.6532663316582923,9432,4
09/15/2026,14:14:21,774.88,796.0,2.6532663316582923,9433,2
09/15/2026,14:14:21,774.88,796.0,2.6532663316582923,9434,3
09/15/2026,14:14:21,774.88,796.0,2.6532663316582923,9435,5
09/15/2026,14:14:21,774.88,796.0,2.6532663316582923,9436,4
09/15/2026,14:14:21,774.88,796.0,2.6532663316582923,9437,3
09/15/2026,14:14:21,774.88,796.0,2.6532663316582923,9438,2
09/15/2026,14:14:21,774.88,796.0,2.6532663316582923,9439,7
09/15/2026,14:14:21,774.88,796.0,2.6532663316582923,9440,3
09/15/2026,14:14:21,774.88,796.0,2.6532663316582923,9441,0
09/15/2026,14:14:21,774.88,796.0,2.6532663316582923,9442,5
09/15/2026,14:14:21,774.88,796.0,2.6532663316582923,9443,4
09/15/2026,14:14:21,774.88,796.0,2.6532663316582923,9444,2
09/15/2026,14:14:21,774.88,796.0,2.6532663316582923,9445,0
09/15/2026,14:14:21,774.88,796.0,2.6532663316582923,9446,3
09/15/2026,14:14:21,774.88,796.0,2.6532663316582923,9447,3
09/15/2026,14:14:21,774.88,796.0,2.6532663316582923,9448,4
09/15/2026,14:14:21,774.88,796.0,2.6532663316582923,9449,7
09/15/2026,14:14:21,774.88,796.0,2.6532663316582923,9450,4
09/15/2026,14:14:21,774.88,796.0,2.6532663316582923,9451,3
09/15/2026,14:14:21,774.88,796.0,2.6532663316582923,9452,3
09/15/2026,14:14:21,774.88,796.0,2.6532663316582923,9453,2
09/15/2026,14:14:21,774.88,796.0,2.6532663316582923,9454,3
09/15/2026,14:14:21,774.88,796.0,2.6532663316582923,9455,9
09/15/2026,14:14:21,774.88,796.0,2.6532663316582923,9456,1
09/15/2026,14:14:21,774.88,796.0,2.6532663316582923,9457,3
09/15/2026,14:14:21,774.88,796.0,2.6532663316582923,9458,0
09/15/2026,14:14:21,774.88,796.0,2.6532663316582923,9459,1
09/15/2026,14:14:21,774.88,796.0,2.6532663316582923,9460,5
09/15/2026,14:14:21,774.88,796.0,2.6532663316582923,9461,6
09/15/2026,14:14:21,774.88,796.0,2.6532663316582923,9462,0
09/15/2026,14:14:21,774.88,796.0,2.6532663316582923,9463,4
09/15/2026,14:14:21,774.88,796.0,2.6532663316582923,9464,2
09/15/2026,14:14:21,774.88,796.0,2.6532663316582923,9465,3
09/15/2026,14:14:21,774.88,796.0,2.6532663316582923,9466,1
09/15/2026,14:14:21,774.88,796.0,2.6532663316582923,9467,3
09/15/2026,14:14:21,774.88,796.0,2.6532663316582923,9468,1
09/15/2026,14:14:21,774.88,796.0,2.6532663316582923,9469,2
09/15/2026,14:14:21,774.88,796.0,2.6532663316582923,9470,5
09/15/2026,14:14:21,774.88,796.0,2.6532663316582923,9471,2
09/15/2026,14:14:21,774.88,796.0,2.6532663316582923,9472,3
09/15/2026,14:14:21,774.88,796.0,2.6532663316582923,9473,3
09/15/2026,14:14:21,774.88,796.0,2.6532663316582923,9474,2
09/15/2026,14:14:21,774.88,796.0,2.6532663316582923,9475,3
09/15/2026,14:14:21,774.88,796.0,2.6532663316582923,9476,3
09/15/2026,14:14:21,774.88,796.0,2.6532663316582923,9477,4
09/15/2026,14:14:21,774.88,796.0,2.6532663316582923,9478,3
09/15/2026,14:14:21,774.88,796.0,2.6532663316582923,9479,0
09/15/2026,14:14:21,774.88,796.0,2.6532663316582923,9480,1
09/15/2026,14:14:21,774.88,796.0,2.6532663316582923,9481,2
09/15/2026,14:14:21,774.88,796.0,2.6532663316582923,9482,4
09/15/2026,14:14:21,774.88,796.0,2.6532663316582923,9483,3
09/15/2026,14:14:21,774.88,796.0,2.6532663316582923,9484,6
09/15/2026,14:14:21,774.88,796.0,2.6532663316582923,9485,3
09/15/2026,14:14:21,774.88,796.0,2.6532663316582923,9486,3
09/15/2026,14:14:21,774.88,796.0,2.6532663316582923,9487,6
09/15/2026,14:14:21,774.88,796.0,2.6532663316582923,9488,4
09/15/2026,14:14:21,774.88,796.0,2.6532663316582923,9489,2
09/15/2026,14:14:21,774.88,796.0,2.6532663316582923,9490,1
09/15/2026,14:14:21,774.88,796.0,2.6532663316582923,9491,1
09/15/2026,14:14:21,774.88,796.0,2.6532663316582923,9492,2
09/15/2026,14:14:21,774.88,796.0,2.6532663316582923,9493,2
09/15/2026,14:14:21,774.88,796.0,2.6532663316582923,9494,4
09/15/2026,14:14:21,774.88,796.0,2.6532663316582923,9495,5
09/15/2026,14:14:21,774.88,796.0,2.6532663316582923,9496,3
09/15/2026,14:14:21,774.88,796.0,2.6532663316582923,9497,2
09/15/2026,14:14:21,774.88,796.0,2.6532663316582923,9498,3
09/15/2026,14:14:21,774.88,796.0,2.6532663316582923,9499,4
09/15/2026,14:14:21,774.88,796.0,2.6532663316582923,9500,3
09/15/2026,14:14:21,774.88,796.0,2.6532663316582923,9501,6
09/15/2026,14:14:21,774.88,796.0,2.6532663316582923,9502,2
09/15/2026,14:14:21,774.88,796.0,2.6532663316582923,9503,0
09/15/2026,14:14:21,774.88,796.0,2.6532663316582923,9504,1
09/15/2026,14:14:21,774.88,796.0,2.6532663316582923,9505,1
09/15/2026,14:14:21,774.88,796.0,2.6532663316582923,9506,3
09/15/2026,14:14:21,774.88,796.0,2.6532663316582923,9507,1
09/15/2026,14:14:21,774.88,796.0,2.6532663316582923,9508,1
09/15/2026,14:14:21,774.88,796.0,2.6532663316582923,9509,4
09/15/2026,14:14:21,774.88,796.0,2.6532663316582923,9510,2
09/15/2026,14:14:21,774.88,796.0,2.6532663316582923,9511,3
09/15/2026,14:14:21,774.88,796.0,2.6532663316582923,9512,3
09/15/2026,14:14:21,774.88,796.0,2.6532663316582923,9513,0
09/15/2026,14:14:21,774.88,796.0,2.6532663316582923,9514,4
09/15/2026,14:14:21,774.88,796.0,2.6532663316582923,9515,2
09/15/2026,14:14:21,774.88,796.0,2.6532663316582923,9516,5
09/15/2026,14:14:21,774.88,796.0,2.6532663316582923,9517,2
09/15/2026,14:14:21,774.88,796.0,2.6532663316582923,9518,3
09/15/2026,14:14:21,774.88,796.0,2.6532663316582923,9519,2
09/15/2026,14:14:21,774.88,796.0,2.6532663316582923,9520,3
09/15/2026,14:14:21,774.88,796.0,2.6532663316582923,9521,2
09/15/2026,14:14:21,774.88,796.0,2.6532663316582923,9522,3
09/15/2026,14:14:21,774.88,796.0,2.6532663316582923,9523,3
09/15/2026,14:14:21,774.88,796.0,2.6532663316582923,9524,4
09/15/2026,14:14:21,774.88,796.0,2.6532663316582923,9525,1
09/15/2026,14:14:21,774.88,796.0,2.6532663316582923,9526,3
09/15/2026,14:14:21,774.88,796.0,2.6532663316582923,9527,3
09/15/2026,14:14:21,774.88,796.0,2.6532663316582923,9528,2
09/15/2026,14:14:21,774.88,796.0,2.6532663316582923,9529,0
09/15/2026,14:14:21,774.88,796.0,2.6532663316582923,9530,2
09/15/2026,14:14:21,774.88,796.0,2.6532663316582923,9531,3
09/15/2026,14:14:21,774.88,796.0,2.6532663316582923,9532,2
09/15/2026,14:14:21,774.88,796.0,2.6532663316582923,9533,2
09/15/2026,14:14:21,774.88,796.0,2.6532663316582923,9534,0
09/15/2026,14:14:21,774.88,796.0,2.6532663316582923,9535,4
09/15/2026,14:14:21,774.88,796.0,2.6532663316582923,9536,3
09/15/2026,14:14:21,774.88,796.0,2.6532663316582923,9537,2
09/15/2026,14:14:21,774.88,796.0,2.6532663316582923,9538,3
09/15/2026,14:14:21,774.88,796.0,2.6532663316582923,9539,0
09/15/2026,14:14:21,774.88,796.0,2.6532663316582923,9540,2
09/15/2026,14:14:21,774.88,796.0,2.6532663316582923,9541,2
09/15/2026,14:14:21,774.88,796.0,2.6532663316582923,9542,2
09/15/2026,14:14:21,774.88,796.0,2.6532663316582923,9543,5
09/15/2026,14:14:21,774.88,796.0,2.6532663316582923,9544,4
09/15/2026,14:14:21,774.88,796.0,2.6532663316582923,9545,4
09/15/2026,14:14:21,774.88,796.0,2.6532663316582923,9546,1
09/15/2026,14:14:21,774.88,796.0,2.6532663316582923,9547,3
09/15/2026,14:14:21,774.88,796.0,2.6532663316582923,9548,2
09/15/2026,14:14:21,774.88,796.0,2.6532663316582923,9549,3
09/15/2026,14:14:21,774.88,796.0,2.6532663316582923,9550,3
09/15/2026,14:14:21,774.88,796.0,2.6532663316582923,9551,5
09/15/2026,14:14:21,774.88,796.0,2.6532663316582923,9552,2
09/15/2026,14:14:21,774.88,796.0,2.6532663316582923,9553,1
09/15/2026,14:14:21,774.88,796.0,2.6532663316582923,9554,6
09/15/2026,14:14:21,774.88,796.0,2.6532663316582923,9555,1
09/15/2026,14:14:21,774.88,796.0,2.6532663316582923,9556,0
09/15/2026,14:14:21,774.88,796.0,2.6532663316582923,9557,1
09/15/2026,14:14:21,774.88,796.0,2.6532663316582923,9558,2
09/15/2026,14:14:21,774.88,796.0,2.6532663316582923,9559,1
09/15/2026,14:14:21,774.88,796.0,2.6532663316582923,9560,2
09/15/2026,14:14:21,774.88,796.0,2.6532663316582923,9561,3
09/15/2026,14:14:21,774.88,796.0,2.6532663316582923,9562,2
09/15/2026,14:14:21,774.88,796.0,2.6532663316582923,9563,4
09/15/2026,14:14:21,774.88,796.0,2.6532663316582923,9564,2
09/15/2026,14:14:21,774.88,796.0,2.6532663316582923,9565,2
09/15/2026,14:14:21,774.88,796.0,2.6532663316582923,9566,0
09/15/2026,14:14:21,774.88,796.0,2.6532663316582923,9567,1
09/15/2026,14:14:21,774.88,796.0,2.6532663316582923,9568,4
09/15/2026,14:14:21,774.88,796.0,2.6532663316582923,9569,3
09/15/2026,14:14:21,774.88,796.0,2.6532663316582923,9570,0
09/15/2026,14:14:21,774.88,796.0,2.6532663316582923,9571,1
09/15/2026,14:14:21,774.88,796.0,2.6532663316582923,9572,0
09/15/2026,14:14:21,774.88,796.0,2.6532663316582923,9573,2
09/15/2026,14:14:21,774.88,796.0,2.6532663316582923,9574,3
09/15/2026,14:14:21,774.88,796.0,2.6532663316582923,9575,0
09/15/2026,14:14:21,774.88,796.0,2.6532663316582923,9576,0
09/15/2026,14:14:21,774.88,796.0,2.6532663316582923,9577,1
09/15/2026,14:14:21,774.88,796.0,2.6532663316582923,9578,2
09/15/2026,14:14:21,774.88,796.0,2.6532663316582923,9579,7
09/15/2026,14:14:21,774.88,796.0,2.6532663316582923,9580,4
09/15/2026,14:14:21,774.88,796.0,2.6532663316582923,9581,1
09/15/2026,14:14:21,774.88,796.0,2.6532663316582923,9582,2
09/15/2026,14:14:21,774.88,796.0,2.6532663316582923,9583,0
09/15/2026,14:14:21,774.88,796.0,2.6532663316582923,9584,1
09/15/2026,14:14:21,774.88,796.0,2.6532663316582923,9585,2
09/15/2026,14:14:21,774.88,796.0,2.6532663316582923,9586,5
09/15/2026,14:14:21,774.88,796.0,2.6532663316582923,9587,2
09/15/2026,14:14:21,774.88,796.0,2.6532663316582923,9588,2
09/15/2026,14:14:21,774.88,796.0,2.6532663316582923,9589,1
09/15/2026,14:14:21,774.88,796.0,2.6532663316582923,9590,1
09/15/2026,14:14:21,774.88,796.0,2.6532663316582923,9591,1
09/15/2026,14:14:21,774.88,796.0,2.6532663316582923,9592,5
09/15/2026,14:14:21,774.88,796.0,2.6532663316582923,9593,2
09/15/2026,14:14:21,774.88,796.0,2.6532663316582923,9594,4
09/15/2026,14:14:21,774.88,796.0,2.6532663316582923,9595,2
09/15/2026,14:14:21,774.88,796.0,2.6532663316582923,9596,1
09/15/2026,14:14:21,774.88,796.0,2.6532663316582923,9597,2
09/15/2026,14:14:21,774.88,796.0,2.6532663316582923,9598,3
09/15/2026,14:14:21,774.88,796.0,2.6532663316582923,9599,3
09/15/2026,14:14:21,774.88,796.0,2.6532663316582923,9600,3
09/15/2026,14:14:21,774.88,796.0,2.6532663316582923,9601,4
09/15/2026,14:14:21,774.88,796.0,2.6532663316582923,9602,1
09/15/2026,14:14:21,774.88,796.0,2.6532663316582923,9603,3
09/15/2026,14:14:21,774.88,796.0,2.6532663316582923,9604,2
09/15/2026,14:14:21,774.88,796.0,2.6532663316582923,9605,1
09/15/2026,14:14:21,774.88,796.0,2.6532663316582923,9606,6
09/15/2026,14:14:21,774.88,796.0,2.6532663316582923,9607,3
09/15/2026,14:14:21,774.88,796.0,2.6532663316582923,9608,1
09/15/2026,14:14:21,774.88,796.0,2.6532663316582923,9609,0
09/15/2026,14:14:21,774.88,796.0,2.6532663316582923,9610,1
09/15/2026,14:14:21,774.88,796.0,2.6532663316582923,9611,2
09/15/2026,14:14:21,774.88,796.0,2.6532663316582923,9612,6
09/15/2026,14:14:21,774.88,796.0,2.6532663316582923,9613,1
09/15/2026,14:14:21,774.88,796.0,2.6532663316582923,9614,6
09/15/2026,14:14:21,774.88,796.0,2.6532663316582923,9615,4
09/15/2026,14:14:21,774.88,796.0,2.6532663316582923,9616,2
09/15/2026,14:14:21,774.88,796.0,2.6532663316582923,9617,2
09/15/2026,14:14:21,774.88,796.0,2.6532663316582923,9618,1
09/15/2026,14:14:21,774.88,796.0,2.6532663316582923,9619,4
09/15/2026,14:14:21,774.88,796.0,2.6532663316582923,9620,1
09/15/2026,14:14:21,774.88,796.0,2.6532663316582923,9621,4
09/15/2026,14:14:21,774.88,796.0,2.6532663316582923,9622,2
09/15/2026,14:14:21,774.88,796.0,2.6532663316582923,9623,2
09/15/2026,14:14:21,774.88,796.0,2.6532663316582923,9624,1
09/15/2026,14:14:21,774.88,796.0,2.6532663316582923,9625,2
09/15/2026,14:14:21,774.88,796.0,2.6532663316582923,9626,4
09/15/2026,14:14:21,774.88,796.0,2.6532663316582923,9627,2
09/15/2026,14:14:21,774.88,796.0,2.6532663316582923,9628,1
09/15/2026,14:14:21,774.88,796.0,2.6532663316582923,9629,2
09/15/2026,14:14:21,774.88,796.0,2.6532663316582923,9630,1
09/15/2026,14:14:21,774.88,796.0,2.6532663316582923,9631,0
09/15/2026,14:14:21,774.88,796.0,2.6532663316582923,9632,3
09/15/2026,14:14:21,774.88,796.0,2.6532663316582923,9633,2
09/15/2026,14:14:21,774.88,796.0,2.6532663316582923,9634,4
09/15/2026,14:14:21,774.88,796.0,2.6532663316582923,9635,2
09/15/2026,14:14:21,774.88,796.0,2.6532663316582923,9636,1
09/15/2026,14:14:21,774.88,796.0,2.6532663316582923,9637,1
09/15/2026,14:14:21,774.88,796.0,2.6532663316582923,9638,2
09/15/2026,14:14:21,774.88,796.0,2.6532663316582923,9639,1
09/15/2026,14:14:21,774.88,796.0,2.6532663316582923,9640,1
09/15/2026,14:14:21,774.88,796.0,2.6532663316582923,9641,2
09/15/2026,14:14:21,774.88,796.0,2.6532663316582923,9642,2
09/15/2026,14:14:21,774.88,796.0,2.6532663316582923,9643,4
09/15/2026,14:14:21,774.88,796.0,2.6532663316582923,9644,0
09/15/2026,14:14:21,774.88,796.0,2.6532663316582923,9645,1
09/15/2026,14:14:21,774.88,796.0,2.6532663316582923,9646,3
09/15/2026,14:14:21,774.88,796.0,2.6532663316582923,9647,2
09/15/2026,14:14:21,774.88,796.0,2.6532663316582923,9648,1
09/15/2026,14:14:21,774.88,796.0,2.6532663316582923,9649,0
09/15/2026,14:14:21,774.88,796.0,2.6532663316582923,9650,6
09/15/2026,14:14:21,774.88,796.0,2.6532663316582923,9651,2
09/15/2026,14:14:21,774.88,796.0,2.6532663316582923,9652,2
09/15/2026,14:14:21,774.88,796.0,2.6532663316582923,9653,1
09/15/2026,14:14:21,774.88,796.0,2.6532663316582923,9654,2
09/15/2026,14:14:21,774.88,796.0,2.6532663316582923,9655,3
09/15/2026,14:14:21,774.88,796.0,2.6532663316582923,9656,1
09/15/2026,14:14:21,774.88,796.0,2.6532663316582923,9657,2
09/15/2026,14:14:21,774.88,796.0,2.6532663316582923,9658,0
09/15/2026,14:14:21,774.88,796.0,2.6532663316582923,9659,3
09/15/2026,14:14:21,774.88,796.0,2.6532663316582923,9660,0
09/15/2026,14:14:21,774.88,796.0,2.6532663316582923,9661,2
09/15/2026,14:14:21,774.88,796.0,2.6532663316582923,9662,2
09/15/2026,14:14:21,774.88,796.0,2.6532663316582923,9663,0
09/15/2026,14:14:21,774.88,796.0,2.6532663316582923,9664,2
09/15/2026,14:14:21,774.88,796.0,2.6532663316582923,9665,5
09/15/2026,14:14:21,774.88,796.0,2.6532663316582923,9666,0
09/15/2026,14:14:21,774.88,796.0,2.6532663316582923,9667,1
09/15/2026,14:14:21,774.88,796.0,2.6532663316582923,9668,1
09/15/2026,14:14:21,774.88,796.0,2.6532663316582923,9669,4
09/15/2026,14:14:21,774.88,796.0,2.6532663316582923,9670,2
09/15/2026,14:14:21,774.88,796.0,2.6532663316582923,9671,5
09/15/2026,14:14:21,774.88,796.0,2.6532663316582923,9672,1
09/15/2026,14:14:21,774.88,796.0,2.6532663316582923,9673,3
09/15/2026,14:14:21,774.88,796.0,2.6532663316582923,9674,3
09/15/2026,14:14:21,774.88,796.0,2.6532663316582923,9675,3
09/15/2026,14:14:21,774.88,796.0,2.6532663316582923,9676,5
09/15/2026,14:14:21,774.88,796.0,2.6532663316582923,9677,3
09/15/2026,14:14:21,774.88,796.0,2.6532663316582923,9678,3
09/15/2026,14:14:21,774.88,796.0,2.6532663316582923,9679,0
09/15/2026,14:14:21,774.88,796.0,2.6532663316582923,9680,1
09/15/2026,14:14:21,774.88,796.0,2.6532663316582923,9681,1
09/15/2026,14:14:21,774.88,796.0,2.6532663316582923,9682,1
09/15/2026,14:14:21,774.88,796.0,2.6532663316582923,9683,3
09/15/2026,14:14:21,774.88,796.0,2.6532663316582923,9684,0
09/15/2026,14:14:21,774.88,796.0,2.6532663316582923,9685,6
09/15/2026,14:14:21,774.88,796.0,2.6532663316582923,9686,2
09/15/2026,14:14:21,774.88,796.0,2.6532663316582923,9687,2
09/15/2026,14:14:21,774.88,796.0,2.6532663316582923,9688,3
09/15/2026,14:14:21,774.88,796.0,2.6532663316582923,9689,1
09/15/2026,14:14:21,774.88,796.0,2.6532663316582923,9690,2
09/15/2026,14:14:21,774.88,796.0,2.6532663316582923,9691,2
09/15/2026,14:14:21,774.88,796.0,2.6532663316582923,9692,1
09/15/2026,14:14:21,774.88,796.0,2.6532663316582923,9693,0
09/15/2026,14:14:21,774.88,796.0,2.6532663316582923,9694,4
09/15/2026,14:14:21,774.88,796.0,2.6532663316582923,9695,2
09/15/2026,14:14:21,774.88,796.0,2.6532663316582923,9696,0
09/15/2026,14:14:21,774.88,796.0,2.6532663316582923,9697,2
09/15/2026,14:14:21,774.88,796.0,2.6532663316582923,9698,1
09/15/2026,14:14:21,774.88,796.0,2.6532663316582923,9699,3
09/15/2026,14:14:21,774.88,796.0,2.6532663316582923,9700,3
09/15/2026,14:14:21,774.88,796.0,2.6532663316582923,9701,2
09/15/2026,14:14:21,774.88,796.0,2.6532663316582923,9702,0
09/15/2026,14:14:21,774.88,796.0,2.6532663316582923,9703,1
09/15/2026,14:14:21,774.88,796.0,2.6532663316582923,9704,4
09/15/2026,14:14:21,774.88,796.0,2.6532663316582923,9705,5
09/15/2026,14:14:21,774.88,796.0,2.6532663316582923,9706,2
09/15/2026,14:14:21,774.88,796.0,2.6532663316582923,9707,1
09/15/2026,14:14:21,774.88,796.0,2.6532663316582923,9708,4
09/15/2026,14:14:21,774.88,796.0,2.6532663316582923,9709,0
09/15/2026,14:14:21,774.88,796.0,2.6532663316582923,9710,0
09/15/2026,14:14:21,774.88,796.0,2.6532663316582923,9711,2
09/15/2026,14:14:21,774.88,796.0,2.6532663316582923,9712,3
09/15/2026,14:14:21,774.88,796.0,2.6532663316582923,9713,1
09/15/2026,14:14:21,774.88,796.0,2.6532663316582923,9714,1
09/15/2026,14:14:21,774.88,796.0,2.6532663316582923,9715,4
09/15/2026,14:14:21,774.88,796.0,2.6532663316582923,9716,0
09/15/2026,14:14:21,774.88,796.0,2.6532663316582923,9717,6
09/15/2026,14:14:21,774.88,796.0,2.6532663316582923,9718,1
09/15/2026,14:14:21,774.88,796.0,2.6532663316582923,9719,1
09/15/2026,14:14:21,774.88,796.0,2.6532663316582923,9720,3
09/15/2026,14:14:21,774.88,796.0,2.6532663316582923,9721,2
09/15/2026,14:14:21,774.88,796.0,2.6532663316582923,9722,3
09/15/2026,14:14:21,774.88,796.0,2.6532663316582923,9723,3
09/15/2026,14:14:21,774.88,796.0,2.6532663316582923,9724,1
09/15/2026,14:14:21,774.88,796.0,2.6532663316582923,9725,3
09/15/2026,14:14:21,774.88,796.0,2.6532663316582923,9726,3
09/15/2026,14:14:21,774.88,796.0,2.6532663316582923,9727,1
09/15/2026,14:14:21,774.88,796.0,2.6532663316582923,9728,2
09/15/2026,14:14:21,774.88,796.0,2.6532663316582923,9729,3
09/15/2026,14:14:21,774.88,796.0,2.6532663316582923,9730,2
09/15/2026,14:14:21,774.88,796.0,2.6532663316582923,9731,5
09/15/2026,14:14:21,774.88,796.0,2.6532663316582923,9732,2
09/15/2026,14:14:21,774.88,796.0,2.6532663316582923,9733,3
09/15/2026,14:14:21,774.88,796.0,2.6532663316582923,9734,2
09/15/2026,14:14:21,774.88,796.0,2.6532663316582923,9735,3
09/15/2026,14:14:21,774.88,796.0,2.6532663316582923,9736,3
09/15/2026,14:14:21,774.88,796.0,2.6532663316582923,9737,0
09/15/2026,14:14:21,774.88,796.0,2.6532663316582923,9738,1
09/15/2026,14:14:21,774.88,796.0,2.6532663316582923,9739,2
09/15/2026,14:14:21,774.88,796.0,2.6532663316582923,9740,4
09/15/2026,14:14:21,774.88,796.0,2.6532663316582923,9741,1
09/15/2026,14:14:21,774.88,796.0,2.6532663316582923,9742,4
09/15/2026,14:14:21,774.88,796.0,2.6532663316582923,9743,5
09/15/2026,14:14:21,774.88,796.0,2.6532663316582923,9744,0
09/15/2026,14:14:21,774.88,796.0,2.6532663316582923,9745,2
09/15/2026,14:14:21,774.88,796.0,2.6532663316582923,9746,1
09/15/2026,14:14:21,774.88,796.0,2.6532663316582923,9747,1
09/15/2026,14:14:21,774.88,796.0,2.6532663316582923,9748,2
09/15/2026,14:14:21,774.88,796.0,2.6532663316582923,9749,0
09/15/2026,14:14:21,774.88,796.0,2.6532663316582923,9750,6
09/15/2026,14:14:21,774.88,796.0,2.6532663316582923,9751,1
09/15/2026,14:14:21,774.88,796.0,2.6532663316582923,9752,1
09/15/2026,14:14:21,774.88,796.0,2.6532663316582923,9753,0
09/15/2026,14:14:21,774.88,796.0,2.6532663316582923,9754,1
09/15/2026,14:14:21,774.88,796.0,2.6532663316582923,9755,1
09/15/2026,14:14:21,774.88,796.0,2.6532663316582923,9756,3
09/15/2026,14:14:21,774.88,796.0,2.6532663316582923,9757,5
09/15/2026,14:14:21,774.88,796.0,2.6532663316582923,9758,0
09/15/2026,14:14:21,774.88,796.0,2.6532663316582923,9759,1
09/15/2026,14:14:21,774.88,796.0,2.6532663316582923,9760,0
09/15/2026,14:14:21,774.88,796.0,2.6532663316582923,9761,2
09/15/2026,14:14:21,774.88,796.0,2.6532663316582923,9762,2
09/15/2026,14:14:21,774.88,796.0,2.6532663316582923,9763,2
09/15/2026,14:14:21,774.88,796.0,2.6532663316582923,9764,1
09/15/2026,14:14:21,774.88,796.0,2.6532663316582923,9765,0
09/15/2026,14:14:21,774.88,796.0,2.6532663316582923,9766,4
09/15/2026,14:14:21,774.88,796.0,2.6532663316582923,9767,1
09/15/2026,14:14:21,774.88,796.0,2.6532663316582923,9768,3
09/15/2026,14:14:21,774.88,796.0,2.6532663316582923,9769,0
09/15/2026,14:14:21,774.88,796.0,2.6532663316582923,9770,3
09/15/2026,14:14:21,774.88,796.0,2.6532663316582923,9771,2
09/15/2026,14:14:21,774.88,796.0,2.6532663316582923,9772,2
09/15/2026,14:14:21,774.88,796.0,2.6532663316582923,9773,4
09/15/2026,14:14:21,774.88,796.0,2.6532663316582923,9774,2
09/15/2026,14:14:21,774.88,796.0,2.6532663316582923,9775,1
09/15/2026,14:14:21,774.88,796.0,2.6532663316582923,9776,3
09/15/2026,14:14:21,774.88,796.0,2.6532663316582923,9777,4
09/15/2026,14:14:21,774.88,796.0,2.6532663316582923,9778,0
09/15/2026,14:14:21,774.88,796.0,2.6532663316582923,9779,0
09/15/2026,14:14:21,774.88,796.0,2.6532663316582923,9780,1
09/15/2026,14:14:21,774.88,796.0,2.6532663316582923,9781,5
09/15/2026,14:14:21,774.88,796.0,2.6532663316582923,9782,2
09/15/2026,14:14:21,774.88,796.0,2.6532663316582923,9783,2
09/15/2026,14:14:21,774.88,796.0,2.6532663316582923,9784,2
09/15/2026,14:14:21,774.88,796.0,2.6532663316582923,9785,1
09/15/2026,14:14:21,774.88,796.0,2.6532663316582923,9786,1
09/15/2026,14:14:21,774.88,796.0,2.6532663316582923,9787,3
09/15/2026,14:14:21,774.88,796.0,2.6532663316582923,9788,1
09/15/2026,14:14:21,774.88,796.0,2.6532663316582923,9789,2
09/15/2026,14:14:21,774.88,796.0,2.6532663316582923,9790,2
09/15/2026,14:14:21,774.88,796.0,2.6532663316582923,9791,1
09/15/2026,14:14:21,774.88,796.0,2.6532663316582923,9792,0
09/15/2026,14:14:21,774.88,796.0,2.6532663316582923,9793,0
09/15/2026,14:14:21,774.88,796.0,2.6532663316582923,9794,0
09/15/2026,14:14:21,774.88,796.0,2.6532663316582923,9795,0
09/15/2026,14:14:21,774.88,796.0,2.6532663316582923,9796,1
09/15/2026,14:14:21,774.88,796.0,2.6532663316582923,9797,4
09/15/2026,14:14:21,774.88,796.0,2.6532663316582923,9798,5
09/15/2026,14:14:21,774.88,796.0,2.6532663316582923,9799,3
09/15/2026,14:14:21,774.88,796.0,2.6532663316582923,9800,1
09/15/2026,14:14:21,774.88,796.0,2.6532663316582923,9801,1
09/15/2026,14:14:21,774.88,796.0,2.6532663316582923,9802,3
09/15/2026,14:14:21,774.88,796.0,2.6532663316582923,9803,1
09/15/2026,14:14:21,774.88,796.0,2.6532663316582923,9804,3
09/15/2026,14:14:21,774.88,796.0,2.6532663316582923,9805,1
09/15/2026,14:14:21,774.88,796.0,2.6532663316582923,9806,1
09/15/2026,14:14:21,774.88,796.0,2.6532663316582923,9807,2
09/15/2026,14:14:21,774.88,796.0,2.6532663316582923,9808,0
09/15/2026,14:14:21,774.88,796.0,2.6532663316582923,9809,3
09/15/2026,14:14:21,774.88,796.0,2.6532663316582923,9810,1
09/15/2026,14:14:21,774.88,796.0,2.6532663316582923,9811,3
09/15/2026,14:14:21,774.88,796.0,2.6532663316582923,9812,3
09/15/2026,14:14:21,774.88,796.0,2.6532663316582923,9813,0
09/15/2026,14:14:21,774.88,796.0,2.6532663316582923,9814,3
09/15/2026,14:14:21,774.88,796.0,2.6532663316582923,9815,2
09/15/2026,14:14:21,774.88,796.0,2.6532663316582923,9816,0
09/15/2026,14:14:21,774.88,796.0,2.6532663316582923,9817,3
09/15/2026,14:14:21,774.88,796.0,2.6532663316582923,9818,1
09/15/2026,14:14:21,774.88,796.0,2.6532663316582923,9819,3
09/15/2026,14:14:21,774.88,796.0,2.6532663316582923,9820,3
09/15/2026,14:14:21,774.88,796.0,2.6532663316582923,9821,0
09/15/2026,14:14:21,774.88,796.0,2.6532663316582923,9822,4
09/15/2026,14:14:21,774.88,796.0,2.6532663316582923,9823,2
09/15/2026,14:14:21,774.88,796.0,2.6532663316582923,9824,4
09/15/2026,14:14:21,774.88,796.0,2.6532663316582923,9825,1
09/15/2026,14:14:21,774.88,796.0,2.6532663316582923,9826,3
09/15/2026,14:14:21,774.88,796.0,2.6532663316582923,9827,1
09/15/2026,14:14:21,774.88,796.0,2.6532663316582923,9828,3
09/15/2026,14:14:21,774.88,796.0,2.6532663316582923,9829,5
09/15/2026,14:14:21,774.88,796.0,2.6532663316582923,9830,3
09/15/2026,14:14:21,774.88,796.0,2.6532663316582923,9831,2
09/15/2026,14:14:21,774.88,796.0,2.6532663316582923,9832,2
09/15/2026,14:14:21,774.88,796.0,2.6532663316582923,9833,0
09/15/2026,14:14:21,774.88,796.0,2.6532663316582923,9834,2
09/15/2026,14:14:21,774.88,796.0,2.6532663316582923,9835,0
09/15/2026,14:14:21,774.88,796.0,2.6532663316582923,9836,4
09/15/2026,14:14:21,774.88,796.0,2.6532663316582923,9837,2
09/15/2026,14:14:21,774.88,796.0,2.6532663316582923,9838,0
09/15/2026,14:14:21,774.88,796.0,2.6532663316582923,9839,1
09/15/2026,14:14:21,774.88,796.0,2.6532663316582923,9840,0
09/15/2026,14:14:21,774.88,796.0,2.6532663316582923,9841,1
09/15/2026,14:14:21,774.88,796.0,2.6532663316582923,9842,3
09/15/2026,14:14:21,774.88,796.0,2.6532663316582923,9843,4
09/15/2026,14:14:21,774.88,796.0,2.6532663316582923,9844,1
09/15/2026,14:14:21,774.88,796.0,2.6532663316582923,9845,1
09/15/2026,14:14:21,774.88,796.0,2.6532663316582923,9846,1
09/15/2026,14:14:21,774.88,796.0,2.6532663316582923,9847,1
09/15/2026,14:14:21,774.88,796.0,2.6532663316582923,9848,2
09/15/2026,14:14:21,774.88,796.0,2.6532663316582923,9849,4
09/15/2026,14:14:21,774.88,796.0,2.6532663316582923,9850,0
09/15/2026,14:14:21,774.88,796.0,2.6532663316582923,9851,2
09/15/2026,14:14:21,774.88,796.0,2.6532663316582923,9852,1
09/15/2026,14:14:21,774.88,796.0,2.6532663316582923,9853,5
09/15/2026,14:14:21,774.88,796.0,2.6532663316582923,9854,2
09/15/2026,14:14:21,774.88,796.0,2.6532663316582923,9855,3
09/15/2026,14:14:21,774.88,796.0,2.6532663316582923,9856,4
09/15/2026,14:14:21,774.88,796.0,2.6532663316582923,9857,1
09/15/2026,14:14:21,774.88,796.0,2.6532663316582923,9858,2
09/15/2026,14:14:21,774.88,796.0,2.6532663316582923,9859,4
09/15/2026,14:14:21,774.88,796.0,2.6532663316582923,9860,2
09/15/2026,14:14:21,774.88,796.0,2.6532663316582923,9861,1
09/15/2026,14:14:21,774.88,796.0,2.6532663316582923,9862,2
09/15/2026,14:14:21,774.88,796.0,2.6532663316582923,9863,0
09/15/2026,14:14:21,774.88,796.0,2.6532663316582923,9864,2
09/15/2026,14:14:21,774.88,796.0,2.6532663316582923,9865,0
09/15/2026,14:14:21,774.88,796.0,2.6532663316582923,9866,2
09/15/2026,14:14:21,774.88,796.0,2.6532663316582923,9867,5
09/15/2026,14:14:21,774.88,796.0,2.6532663316582923,9868,6
09/15/2026,14:14:21,774.88,796.0,2.6532663316582923,9869,1
09/15/2026,14:14:21,774.88,796.0,2.6532663316582923,9870,1
09/15/2026,14:14:21,774.88,796.0,2.6532663316582923,9871,4
09/15/2026,14:14:21,774.88,796.0,2.6532663316582923,9872,3
09/15/2026,14:14:21,774.88,796.0,2.6532663316582923,9873,2
09/15/2026,14:14:21,774.88,796.0,2.6532663316582923,9874,1
09/15/2026,14:14:21,774.88,796.0,2.6532663316582923,9875,2
09/15/2026,14:14:21,774.88,796.0,2.6532663316582923,9876,1
09/15/2026,14:14:21,774.88,796.0,2.6532663316582923,9877,0
09/15/2026,14:14:21,774.88,796.0,2.6532663316582923,9878,1
09/15/2026,14:14:21,774.88,796.0,2.6532663316582923,9879,2
09/15/2026,14:14:21,774.88,796.0,2.6532663316582923,9880,1
09/15/2026,14:14:21,774.88,796.0,2.6532663316582923,9881,0
09/15/2026,14:14:21,774.88,796.0,2.6532663316582923,9882,3
09/15/2026,14:14:21,774.88,796.0,2.6532663316582923,9883,1
09/15/2026,14:14:21,774.88,796.0,2.6532663316582923,9884,0
09/15/2026,14:14:21,774.88,796.0,2.6532663316582923,9885,3
09/15/2026,14:14:21,774.88,796.0,2.6532663316582923,9886,4
09/15/2026,14:14:21,774.88,796.0,2.6532663316582923,9887,1
09/15/2026,14:14:21,774.88,796.0,2.6532663316582923,9888,2
09/15/2026,14:14:21,774.88,796.0,2.6532663316582923,9889,4
09/15/2026,14:14:21,774.88,796.0,2.6532663316582923,9890,0
09/15/2026,14:14:21,774.88,796.0,2.6532663316582923,9891,1
09/15/2026,14:14:21,774.88,796.0,2.6532663316582923,9892,2
09/15/2026,14:14:21,774.88,796.0,2.6532663316582923,9893,0
09/15/2026,14:14:21,774.88,796.0,2.6532663316582923,9894,1
09/15/2026,14:14:21,774.88,796.0,2.6532663316582923,9895,3
09/15/2026,14:14:21,774.88,796.0,2.6532663316582923,9896,1
09/15/2026,14:14:21,774.88,796.0,2.6532663316582923,9897,0
09/15/2026,14:14:21,774.88,796.0,2.6532663316582923,9898,2
09/15/2026,14:14:21,774.88,796.0,2.6532663316582923,9899,1
09/15/2026,14:14:21,774.88,796.0,2.6532663316582923,9900,2
09/15/2026,14:14:21,774.88,796.0,2.6532663316582923,9901,1
09/15/2026,14:14:21,774.88,796.0,2.6532663316582923,9902,3
09/15/2026,14:14:21,774.88,796.0,2.6532663316582923,9903,3
09/15/2026,14:14:21,774.88,796.0,2.6532663316582923,9904,2
09/15/2026,14:14:21,774.88,796.0,2.6532663316582923,9905,2
09/15/2026,14:14:21,774.88,796.0,2.6532663316582923,9906,2
09/15/2026,14:14:21,774.88,796.0,2.6532663316582923,9907,1
09/15/2026,14:14:21,774.88,796.0,2.6532663316582923,9908,2
09/15/2026,14:14:21,774.88,796.0,2.6532663316582923,9909,3
09/15/2026,14:14:21,774.88,796.0,2.6532663316582923,9910,1
09/15/2026,14:14:21,774.88,796.0,2.6532663316582923,9911,1
09/15/2026,14:14:21,774.88,796.0,2.6532663316582923,9912,2
09/15/2026,14:14:21,774.88,796.0,2.6532663316582923,9913,1
09/15/2026,14:14:21,774.88,796.0,2.6532663316582923,9914,0
09/15/2026,14:14:21,774.88,796.0,2.6532663316582923,9915,2
09/15/2026,14:14:21,774.88,796.0,2.6532663316582923,9916,0
09/15/2026,14:14:21,774.88,796.0,2.6532663316582923,9917,2
09/15/2026,14:14:21,774.88,796.0,2.6532663316582923,9918,2
09/15/2026,14:14:21,774.88,796.0,2.6532663316582923,9919,0
09/15/2026,14:14:21,774.88,796.0,2.6532663316582923,9920,2
09/15/2026,14:14:21,774.88,796.0,2.6532663316582923,9921,2
09/15/2026,14:14:21,774.88,796.0,2.6532663316582923,9922,0
09/15/2026,14:14:21,774.88,796.0,2.6532663316582923,9923,2
09/15/2026,14:14:21,774.88,796.0,2.6532663316582923,9924,2
09/15/2026,14:14:21,774.88,796.0,2.6532663316582923,9925,5
09/15/2026,14:14:21,774.88,796.0,2.6532663316582923,9926,1
09/15/2026,14:14:21,774.88,796.0,2.6532663316582923,9927,2
09/15/2026,14:14:21,774.88,796.0,2.6532663316582923,9928,2
09/15/2026,14:14:21,774.88,796.0,2.6532663316582923,9929,3
09/15/2026,14:14:21,774.88,796.0,2.6532663316582923,9930,0
09/15/2026,14:14:21,774.88,796.0,2.6532663316582923,9931,1
09/15/2026,14:14:21,774.88,796.0,2.6532663316582923,9932,0
09/15/2026,14:14:21,774.88,796.0,2.6532663316582923,9933,1
09/15/2026,14:14:21,774.88,796.0,2.6532663316582923,9934,0
09/15/2026,14:14:21,774.88,796.0,2.6532663316582923,9935,2
09/15/2026,14:14:21,774.88,796.0,2.6532663316582923,9936,1
09/15/2026,14:14:21,774.88,796.0,2.6532663316582923,9937,0
09/15/2026,14:14:21,774.88,796.0,2.6532663316582923,9938,2
09/15/2026,14:14:21,774.88,796.0,2.6532663316582923,9939,0
09/15/2026,14:14:21,774.88,796.0,2.6532663316582923,9940,0
09/15/2026,14:14:21,774.88,796.0,2.6532663316582923,9941,2
09/15/2026,14:14:21,774.88,796.0,2.6532663316582923,9942,1
09/15/2026,14:14:21,774.88,796.0,2.6532663316582923,9943,1
09/15/2026,14:14:21,774.88,796.0,2.6532663316582923,9944,0
09/15/2026,14:14:21,774.88,796.0,2.6532663316582923,9945,1
09/15/2026,14:14:21,774.88,796.0,2.6532663316582923,9946,1
09/15/2026,14:14:21,774.88,796.0,2.6532663316582923,9947,0
09/15/2026,14:14:21,774.88,796.0,2.6532663316582923,9948,3
09/15/2026,14:14:21,774.88,796.0,2.6532663316582923,9949,2
09/15/2026,14:14:21,774.88,796.0,2.6532663316582923,9950,3
09/15/2026,14:14:21,774.88,796.0,2.6532663316582923,9951,1
09/15/2026,14:14:21,774.88,796.0,2.6532663316582923,9952,1
09/15/2026,14:14:21,774.88,796.0,2.6532663316582923,9953,1
09/15/2026,14:14:21,774.88,796.0,2.6532663316582923,9954,2
09/15/2026,14:14:21,774.88,796.0,2.6532663316582923,9955,2
09/15/2026,14:14:21,774.88,796.0,2.6532663316582923,9956,2
09/15/2026,14:14:21,774.88,796.0,2.6532663316582923,9957,1
09/15/2026,14:14:21,774.88,796.0,2.6532663316582923,9958,4
09/15/2026,14:14:21,774.88,796.0,2.6532663316582923,9959,0
09/15/2026,14:14:21,774.88,796.0,2.6532663316582923,9960,0
09/15/2026,14:14:21,774.88,796.0,2.6532663316582923,9961,3
09/15/2026,14:14:21,774.88,796.0,2.6532663316582923,9962,1
09/15/2026,14:14:21,774.88,796.0,2.6532663316582923,9963,0
09/15/2026,14:14:21,774.88,796.0,2.6532663316582923,9964,1
09/15/2026,14:14:21,774.88,796.0,2.6532663316582923,9965,1
09/15/2026,14:14:21,774.88,796.0,2.6532663316582923,9966,3
09/15/2026,14:14:21,774.88,796.0,2.6532663316582923,9967,4
09/15/2026,14:14:21,774.88,796.0,2.6532663316582923,9968,3
09/15/2026,14:14:21,774.88,796.0,2.6532663316582923,9969,4
09/15/2026,14:14:21,774.88,796.0,2.6532663316582923,9970,1
09/15/2026,14:14:21,774.88,796.0,2.6532663316582923,9971,1
09/15/2026,14:14:21,774.88,796.0,2.6532663316582923,9972,2
09/15/2026,14:14:21,774.88,796.0,2.6532663316582923,9973,0
09/15/2026,14:14:21,774.88,796.0,2.6532663316582923,9974,2
09/15/2026,14:14:21,774.88,796.0,2.6532663316582923,9975,2
09/15/2026,14:14:21,774.88,796.0,2.6532663316582923,9976,1
09/15/2026,14:14:21,774.88,796.0,2.6532663316582923,9977,0
09/15/2026,14:14:21,774.88,796.0,2.6532663316582923,9978,1
09/15/2026,14:14:21,774.88,796.0,2.6532663316582923,9979,3
09/15/2026,14:14:21,774.88,796.0,2.6532663316582923,9980,2
09/15/2026,14:14:21,774.88,796.0,2.6532663316582923,9981,3
09/15/2026,14:14:21,774.88,796.0,2.6532663316582923,9982,2
09/15/2026,14:14:21,774.88,796.0,2.6532663316582923,9983,3
09/15/2026,14:14:21,774.88,796.0,2.6532663316582923,9984,4
09/15/2026,14:14:21,774.88,796.0,2.6532663316582923,9985,1
09/15/2026,14:14:21,774.88,796.0,2.6532663316582923,9986,0
09/15/2026,14:14:21,774.88,796.0,2.6532663316582923,9987,3
09/15/2026,14:14:21,774.88,796.0,2.6532663316582923,9988,1
09/15/2026,14:14:21,774.88,796.0,2.6532663316582923,9989,1
09/15/2026,14:14:21,774.88,796.0,2.6532663316582923,9990,1
09/15/2026,14:14:21,774.88,796.0,2.6532663316582923,9991,3
09/15/2026,14:14:21,774.88,796.0,2.6532663316582923,9992,1
09/15/2026,14:14:21,774.88,796.0,2.6532663316582923,9993,1
09/15/2026,14:14:21,774.88,796.0,2.6532663316582923,9994,2
09/15/2026,14:14:21,774.88,796.0,2.6532663316582923,9995,1
09/15/2026,14:14:21,774.88,796.0,2.6532663316582923,9996,3
09/15/2026,14:14:21,774.88,796.0,2.6532663316582923,9997,2
09/15/2026,14:14:21,774.88,796.0,2.6532663316582923,9998,1
09/15/2026,14:14:21,774.88,796.0,2.6532663316582923,9999,2
09/15/2026,14:14:21,774.88,796.0,2.6532663316582923,10000,2
09/15/2026,14:14:21,774.88,796.0,2.6532663316582923,10001,1
09/15/2026,14:14:21,774.88,796.0,2.6532663316582923,10002,1
09/15/2026,14:14:21,774.88,796.0,2.6532663316582923,10003,0
09/15/2026,14:14:21,774.88,796.0,2.6532663316582923,10004,3
09/15/2026,14:14:21,774.88,796.0,2.6532663316582923,10005,0
09/15/2026,14:14:21,774.88,796.0,2.6532663316582923,10006,2
09/15/2026,14:14:21,774.88,796.0,2.6532663316582923,10007,2
09/15/2026,14:14:21,774.88,796.0,2.6532663316582923,10008,2
09/15/2026,14:14:21,774.88,796.0,2.6532663316582923,10009,3
09/15/2026,14:14:21,774.88,796.0,2.6532663316582923,10010,3
09/15/2026,14:14:21,774.88,796.0,2.6532663316582923,10011,3
09/15/2026,14:14:21,774.88,796.0,2.6532663316582923,10012,0
09/15/2026,14:14:21,774.88,796.0,2.6532663316582923,10013,3
09/15/2026,14:14:21,774.88,796.0,2.6532663316582923,10014,0
09/15/2026,14:14:21,774.88,796.0,2.6532663316582923,10015,1
09/15/2026,14:14:21,774.88,796.0,2.6532663316582923,10016,1
09/15/2026,14:14:21,774.88,796.0,2.6532663316582923,10017,2
09/15/2026,14:14:21,774.88,796.0,2.6532663316582923,10018,2
09/15/2026,14:14:21,774.88,796.0,2.6532663316582923,10019,1
09/15/2026,14:14:21,774.88,796.0,2.6532663316582923,10020,1
09/15/2026,14:14:21,774.88,796.0,2.6532663316582923,10021,3
09/15/2026,14:14:21,774.88,796.0,2.6532663316582923,10022,3
09/15/2026,14:14:21,774.88,796.0,2.6532663316582923,10023,4
09/15/2026,14:14:21,774.88,796.0,2.6532663316582923,10024,0
09/15/2026,14:14:21,774.88,796.0,2.6532663316582923,10025,1
09/15/2026,14:14:21,774.88,796.0,2.6532663316582923,10026,1
09/15/2026,14:14:21,774.88,796.0,2.6532663316582923,10027,2
09/15/2026,14:14:21,774.88,796.0,2.6532663316582923,10028,2
09/15/2026,14:14:21,774.88,796.0,2.6532663316582923,10029,1
09/15/2026,14:14:21,774.88,796.0,2.6532663316582923,10030,3
09/15/2026,14:14:21,774.88,796.0,2.6532663316582923,10031,2
09/15/2026,14:14:21,774.88,796.0,2.6532663316582923,10032,1
09/15/2026,14:14:21,774.88,796.0,2.6532663316582923,10033,1
09/15/2026,14:14:21,774.88,796.0,2.6532663316582923,10034,1
09/15/2026,14:14:21,774.88,796.0,2.6532663316582923,10035,4
09/15/2026,14:14:21,774.88,796.0,2.6532663316582923,10036,0
09/15/2026,14:14:21,774.88,796.0,2.6532663316582923,10037,0
09/15/2026,14:14:21,774.88,796.0,2.6532663316582923,10038,1
09/15/2026,14:14:21,774.88,796.0,2.6532663316582923,10039,2
09/15/2026,14:14:21,774.88,796.0,2.6532663316582923,10040,2
09/15/2026,14:14:21,774.88,796.0,2.6532663316582923,10041,2
09/15/2026,14:14:21,774.88,796.0,2.6532663316582923,10042,0
09/15/2026,14:14:21,774.88,796.0,2.6532663316582923,10043,6
09/15/2026,14:14:21,774.88,796.0,2.6532663316582923,10044,0
09/15/2026,14:14:21,774.88,796.0,2.6532663316582923,10045,1
09/15/2026,14:14:21,774.88,796.0,2.6532663316582923,10046,1
09/15/2026,14:14:21,774.88,796.0,2.6532663316582923,10047,1
09/15/2026,14:14:21,774.88,796.0,2.6532663316582923,10048,1
09/15/2026,14:14:21,774.88,796.0,2.6532663316582923,10049,1
09/15/2026,14:14:21,774.88,796.0,2.6532663316582923,10050,2
09/15/2026,14:14:21,774.88,796.0,2.6532663316582923,10051,2
09/15/2026,14:14:21,774.88,796.0,2.6532663316582923,10052,0
09/15/2026,14:14:21,774.88,796.0,2.6532663316582923,10053,4
09/15/2026,14:14:21,774.88,796.0,2.6532663316582923,10054,3
09/15/2026,14:14:21,774.88,796.0,2.6532663316582923,10055,1
09/15/2026,14:14:21,774.88,796.0,2.6532663316582923,10056,3
09/15/2026,14:14:21,774.88,796.0,2.6532663316582923,10057,1
09/15/2026,14:14:21,774.88,796.0,2.6532663316582923,10058,0
09/15/2026,14:14:21,774.88,796.0,2.6532663316582923,10059,1
09/15/2026,14:14:21,774.88,796.0,2.6532663316582923,10060,3
09/15/2026,14:14:21,774.88,796.0,2.6532663316582923,10061,0
09/15/2026,14:14:21,774.88,796.0,2.6532663316582923,10062,3
09/15/2026,14:14:21,774.88,796.0,2.6532663316582923,10063,0
09/15/2026,14:14:21,774.88,796.0,2.6532663316582923,10064,3
09/15/2026,14:14:21,774.88,796.0,2.6532663316582923,10065,1
09/15/2026,14:14:21,774.88,796.0,2.6532663316582923,10066,2
09/15/2026,14:14:21,774.88,796.0,2.6532663316582923,10067,2
09/15/2026,14:14:21,774.88,796.0,2.6532663316582923,10068,1
09/15/2026,14:14:21,774.88,796.0,2.6532663316582923,10069,1
09/15/2026,14:14:21,774.88,796.0,2.6532663316582923,10070,1
09/15/2026,14:14:21,774.88,796.0,2.6532663316582923,10071,1
09/15/2026,14:14:21,774.88,796.0,2.6532663316582923,10072,1
09/15/2026,14:14:21,774.88,796.0,2.6532663316582923,10073,2
09/15/2026,14:14:21,774.88,796.0,2.6532663316582923,10074,2
09/15/2026,14:14:21,774.88,796.0,2.6532663316582923,10075,3
09/15/2026,14:14:21,774.88,796.0,2.6532663316582923,10076,1
09/15/2026,14:14:21,774.88,796.0,2.6532663316582923,10077,1
09/15/2026,14:14:21,774.88,796.0,2.6532663316582923,10078,1
09/15/2026,14:14:21,774.88,796.0,2.6532663316582923,10079,0
09/15/2026,14:14:21,774.88,796.0,2.6532663316582923,10080,3
09/15/2026,14:14:21,774.88,796.0,2.6532663316582923,10081,1
09/15/2026,14:14:21,774.88,796.0,2.6532663316582923,10082,2
09/15/2026,14:14:21,774.88,796.0,2.6532663316582923,10083,0
09/15/2026,14:14:21,774.88,796.0,2.6532663316582923,10084,1
09/15/2026,14:14:21,774.88,796.0,2.6532663316582923,10085,2
09/15/2026,14:14:21,774.88,796.0,2.6532663316582923,10086,0
09/15/2026,14:14:21,774.88,796.0,2.6532663316582923,10087,0
09/15/2026,14:14:21,774.88,796.0,2.6532663316582923,10088,1
09/15/2026,14:14:21,774.88,796.0,2.6532663316582923,10089,1
09/15/2026,14:14:21,774.88,796.0,2.6532663316582923,10090,1
09/15/2026,14:14:21,774.88,796.0,2.6532663316582923,10091,1
09/15/2026,14:14:21,774.88,796.0,2.6532663316582923,10092,1
09/15/2026,14:14:21,774.88,796.0,2.6532663316582923,10093,3
09/15/2026,14:14:21,774.88,796.0,2.6532663316582923,10094,1
09/15/2026,14:14:21,774.88,796.0,2.6532663316582923,10095,0
09/15/2026,14:14:21,774.88,796.0,2.6532663316582923,10096,1
09/15/2026,14:14:21,774.88,796.0,2.6532663316582923,10097,1
09/15/2026,14:14:21,774.88,796.0,2.6532663316582923,10098,2
09/15/2026,14:14:21,774.88,796.0,2.6532663316582923,10099,1
09/15/2026,14:14:21,774.88,796.0,2.6532663316582923,10100,1
09/15/2026,14:14:21,774.88,796.0,2.6532663316582923,10101,1
09/15/2026,14:14:21,774.88,796.0,2.6532663316582923,10102,2
09/15/2026,14:14:21,774.88,796.0,2.6532663316582923,10103,2
09/15/2026,14:14:21,774.88,796.0,2.6532663316582923,10104,3
09/15/2026,14:14:21,774.88,796.0,2.6532663316582923,10105,0
09/15/2026,14:14:21,774.88,796.0,2.6532663316582923,10106,4
09/15/2026,14:14:21,774.88,796.0,2.6532663316582923,10107,2
09/15/2026,14:14:21,774.88,796.0,2.6532663316582923,10108,1
09/15/2026,14:14:21,774.88,796.0,2.6532663316582923,10109,1
09/15/2026,14:14:21,774.88,796.0,2.6532663316582923,10110,1
09/15/2026,14:14:21,774.88,796.0,2.6532663316582923,10111,3
09/15/2026,14:14:21,774.88,796.0,2.6532663316582923,10112,2
09/15/2026,14:14:21,774.88,796.0,2.6532663316582923,10113,2
09/15/2026,14:14:21,774.88,796.0,2.6532663316582923,10114,2
09/15/2026,14:14:21,774.88,796.0,2.6532663316582923,10115,0
09/15/2026,14:14:21,774.88,796.0,2.6532663316582923,10116,0
09/15/2026,14:14:21,774.88,796.0,2.6532663316582923,10117,1
09/15/2026,14:14:21,774.88,796.0,2.6532663316582923,10118,0
09/15/2026,14:14:21,774.88,796.0,2.6532663316582923,10119,2
09/15/2026,14:14:21,774.88,796.0,2.6532663316582923,10120,3
09/15/2026,14:14:21,774.88,796.0,2.6532663316582923,10121,0
09/15/2026,14:14:21,774.88,796.0,2.6532663316582923,10122,3
09/15/2026,14:14:21,774.88,796.0,2.6532663316582923,10123,1
09/15/2026,14:14:21,774.88,796.0,2.6532663316582923,10124,4
09/15/2026,14:14:21,774.88,796.0,2.6532663316582923,10125,1
09/15/2026,14:14:21,774.88,796.0,2.6532663316582923,10126,3
09/15/2026,14:14:21,774.88,796.0,2.6532663316582923,10127,2
09/15/2026,14:14:21,774.88,796.0,2.6532663316582923,10128,3
09/15/2026,14:14:21,774.88,796.0,2.6532663316582923,10129,2
09/15/2026,14:14:21,774.88,796.0,2.6532663316582923,10130,2
09/15/2026,14:14:21,774.88,796.0,2.6532663316582923,10131,0
09/15/2026,14:14:21,774.88,796.0,2.6532663316582923,10132,4
09/15/2026,14:14:21,774.88,796.0,2.6532663316582923,10133,2
09/15/2026,14:14:21,774.88,796.0,2.6532663316582923,10134,3
09/15/2026,14:14:21,774.88,796.0,2.6532663316582923,10135,1
09/15/2026,14:14:21,774.88,796.0,2.6532663316582923,10136,3
09/15/2026,14:14:21,774.88,796.0,2.6532663316582923,10137,0
09/15/2026,14:14:21,774.88,796.0,2.6532663316582923,10138,3
09/15/2026,14:14:21,774.88,796.0,2.6532663316582923,10139,0
09/15/2026,14:14:21,774.88,796.0,2.6532663316582923,10140,2
09/15/2026,14:14:21,774.88,796.0,2.6532663316582923,10141,3
09/15/2026,14:14:21,774.88,796.0,2.6532663316582923,10142,2
09/15/2026,14:14:21,774.88,796.0,2.6532663316582923,10143,1
09/15/2026,14:14:21,774.88,796.0,2.6532663316582923,10144,0
09/15/2026,14:14:21,774.88,796.0,2.6532663316582923,10145,2
09/15/2026,14:14:21,774.88,796.0,2.6532663316582923,10146,1
09/15/2026,14:14:21,774.88,796.0,2.6532663316582923,10147,0
09/15/2026,14:14:21,774.88,796.0,2.6532663316582923,10148,1
09/15/2026,14:14:21,774.88,796.0,2.6532663316582923,10149,0
09/15/2026,14:14:21,774.88,796.0,2.6532663316582923,10150,1
09/15/2026,14:14:21,774.88,796.0,2.6532663316582923,10151,0
09/15/2026,14:14:21,774.88,796.0,2.6532663316582923,10152,5
09/15/2026,14:14:21,774.88,796.0,2.6532663316582923,10153,3
09/15/2026,14:14:21,774.88,796.0,2.6532663316582923,10154,4
09/15/2026,14:14:21,774.88,796.0,2.6532663316582923,10155,0
09/15/2026,14:14:21,774.88,796.0,2.6532663316582923,10156,2
09/15/2026,14:14:21,774.88,796.0,2.6532663316582923,10157,1
09/15/2026,14:14:21,774.88,796.0,2.6532663316582923,10158,1
09/15/2026,14:14:21,774.88,796.0,2.6532663316582923,10159,3
09/15/2026,14:14:21,774.88,796.0,2.6532663316582923,10160,5
09/15/2026,14:14:21,774.88,796.0,2.6532663316582923,10161,2
09/15/2026,14:14:21,774.88,796.0,2.6532663316582923,10162,2
09/15/2026,14:14:21,774.88,796.0,2.6532663316582923,10163,5
09/15/2026,14:14:21,774.88,796.0,2.6532663316582923,10164,3
09/15/2026,14:14:21,774.88,796.0,2.6532663316582923,10165,4
09/15/2026,14:14:21,774.88,796.0,2.6532663316582923,10166,3
09/15/2026,14:14:21,774.88,796.0,2.6532663316582923,10167,0
09/15/2026,14:14:21,774.88,796.0,2.6532663316582923,10168,4
09/15/2026,14:14:21,774.88,796.0,2.6532663316582923,10169,5
09/15/2026,14:14:21,774.88,796.0,2.6532663316582923,10170,1
09/15/2026,14:14:21,774.88,796.0,2.6532663316582923,10171,3
09/15/2026,14:14:21,774.88,796.0,2.6532663316582923,10172,1
09/15/2026,14:14:21,774.88,796.0,2.6532663316582923,10173,0
09/15/2026,14:14:21,774.88,796.0,2.6532663316582923,10174,0
09/15/2026,14:14:21,774.88,796.0,2.6532663316582923,10175,3
09/15/2026,14:14:21,774.88,796.0,2.6532663316582923,10176,2
09/15/2026,14:14:21,774.88,796.0,2.6532663316582923,10177,2
09/15/2026,14:14:21,774.88,796.0,2.6532663316582923,10178,1
09/15/2026,14:14:21,774.88,796.0,2.6532663316582923,10179,1
09/15/2026,14:14:21,774.88,796.0,2.6532663316582923,10180,3
09/15/2026,14:14:21,774.88,796.0,2.6532663316582923,10181,2
09/15/2026,14:14:21,774.88,796.0,2.6532663316582923,10182,1
09/15/2026,14:14:21,774.88,796.0,2.6532663316582923,10183,1
09/15/2026,14:14:21,774.88,796.0,2.6532663316582923,10184,1
09/15/2026,14:14:21,774.88,796.0,2.6532663316582923,10185,2
09/15/2026,14:14:21,774.88,796.0,2.6532663316582923,10186,2
09/15/2026,14:14:21,774.88,796.0,2.6532663316582923,10187,3
09/15/2026,14:14:21,774.88,796.0,2.6532663316582923,10188,1
09/15/2026,14:14:21,774.88,796.0,2.6532663316582923,10189,1
09/15/2026,14:14:21,774.88,796.0,2.6532663316582923,10190,3
09/15/2026,14:14:21,774.88,796.0,2.6532663316582923,10191,1
09/15/2026,14:14:21,774.88,796.0,2.6532663316582923,10192,1
09/15/2026,14:14:21,774.88,796.0,2.6532663316582923,10193,3
09/15/2026,14:14:21,774.88,796.0,2.6532663316582923,10194,1
09/15/2026,14:14:21,774.88,796.0,2.6532663316582923,10195,2
09/15/2026,14:14:21,774.88,796.0,2.6532663316582923,10196,2
09/15/2026,14:14:21,774.88,796.0,2.6532663316582923,10197,3
09/15/2026,14:14:21,774.88,796.0,2.6532663316582923,10198,4
09/15/2026,14:14:21,774.88,796.0,2.6532663316582923,10199,5
09/15/2026,14:14:21,774.88,796.0,2.6532663316582923,10200,3
09/15/2026,14:14:21,774.88,796.0,2.6532663316582923,10201,3
09/15/2026,14:14:21,774.88,796.0,2.6532663316582923,10202,2
09/15/2026,14:14:21,774.88,796.0,2.6532663316582923,10203,1
09/15/2026,14:14:21,774.88,796.0,2.6532663316582923,10204,1
09/15/2026,14:14:21,774.88,796.0,2.6532663316582923,10205,4
09/15/2026,14:14:21,774.88,796.0,2.6532663316582923,10206,5
09/15/2026,14:14:21,774.88,796.0,2.6532663316582923,10207,0
09/15/2026,14:14:21,774.88,796.0,2.6532663316582923,10208,1
09/15/2026,14:14:21,774.88,796.0,2.6532663316582923,10209,5
09/15/2026,14:14:21,774.88,796.0,2.6532663316582923,10210,1
09/15/2026,14:14:21,774.88,796.0,2.6532663316582923,10211,2
09/15/2026,14:14:21,774.88,796.0,2.6532663316582923,10212,2
09/15/2026,14:14:21,774.88,796.0,2.6532663316582923,10213,2
09/15/2026,14:14:21,774.88,796.0,2.6532663316582923,10214,2
09/15/2026,14:14:21,774.88,796.0,2.6532663316582923,10215,1
09/15/2026,14:14:21,774.88,796.0,2.6532663316582923,10216,3
09/15/2026,14:14:21,774.88,796.0,2.6532663316582923,10217,3
09/15/2026,14:14:21,774.88,796.0,2.6532663316582923,10218,1
09/15/2026,14:14:21,774.88,796.0,2.6532663316582923,10219,1
09/15/2026,14:14:21,774.88,796.0,2.6532663316582923,10220,0
09/15/2026,14:14:21,774.88,796.0,2.6532663316582923,10221,0
09/15/2026,14:14:21,774.88,796.0,2.6532663316582923,10222,2
09/15/2026,14:14:21,774.88,796.0,2.6532663316582923,10223,3
09/15/2026,14:14:21,774.88,796.0,2.6532663316582923,10224,1
09/15/2026,14:14:21,774.88,796.0,2.6532663316582923,10225,4
09/15/2026,14:14:21,774.88,796.0,2.6532663316582923,10226,2
09/15/2026,14:14:21,774.88,796.0,2.6532663316582923,10227,3
09/15/2026,14:14:21,774.88,796.0,2.6532663316582923,10228,2
09/15/2026,14:14:21,774.88,796.0,2.6532663316582923,10229,0
09/15/2026,14:14:21,774.88,796.0,2.6532663316582923,10230,3
09/15/2026,14:14:21,774.88,796.0,2.6532663316582923,10231,3
09/15/2026,14:14:21,774.88,796.0,2.6532663316582923,10232,3
09/15/2026,14:14:21,774.88,796.0,2.6532663316582923,10233,2
09/15/2026,14:14:21,774.88,796.0,2.6532663316582923,10234,3
09/15/2026,14:14:21,774.88,796.0,2.6532663316582923,10235,0
09/15/2026,14:14:21,774.88,796.0,2.6532663316582923,10236,4
09/15/2026,14:14:21,774.88,796.0,2.6532663316582923,10237,1
09/15/2026,14:14:21,774.88,796.0,2.6532663316582923,10238,1
09/15/2026,14:14:21,774.88,796.0,2.6532663316582923,10239,3
09/15/2026,14:14:21,774.88,796.0,2.6532663316582923,10240,4
09/15/2026,14:14:21,774.88,796.0,2.6532663316582923,10241,2
09/15/2026,14:14:21,774.88,796.0,2.6532663316582923,10242,4
09/15/2026,14:14:21,774.88,796.0,2.6532663316582923,10243,4
09/15/2026,14:14:21,774.88,796.0,2.6532663316582923,10244,1
09/15/2026,14:14:21,774.88,796.0,2.6532663316582923,10245,0
09/15/2026,14:14:21,774.88,796.0,2.6532663316582923,10246,3
09/15/2026,14:14:21,774.88,796.0,2.6532663316582923,10247,2
09/15/2026,14:14:21,774.88,796.0,2.6532663316582923,10248,3
09/15/2026,14:14:21,774.88,796.0,2.6532663316582923,10249,2
09/15/2026,14:14:21,774.88,796.0,2.6532663316582923,10250,2
09/15/2026,14:14:21,774.88,796.0,2.6532663316582923,10251,3
09/15/2026,14:14:21,774.88,796.0,2.6532663316582923,10252,0
09/15/2026,14:14:21,774.88,796.0,2.6532663316582923,10253,1
09/15/2026,14:14:21,774.88,796.0,2.6532663316582923,10254,3
09/15/2026,14:14:21,774.88,796.0,2.6532663316582923,10255,4
09/15/2026,14:14:21,774.88,796.0,2.6532663316582923,10256,1
09/15/2026,14:14:21,774.88,796.0,2.6532663316582923,10257,2
09/15/2026,14:14:21,774.88,796.0,2.6532663316582923,10258,2
09/15/2026,14:14:21,774.88,796.0,2.6532663316582923,10259,1
09/15/2026,14:14:21,774.88,796.0,2.6532663316582923,10260,3
09/15/2026,14:14:21,774.88,796.0,2.6532663316582923,10261,2
09/15/2026,14:14:21,774.88,796.0,2.6532663316582923,10262,0
09/15/2026,14:14:21,774.88,796.0,2.6532663316582923,10263,0
09/15/2026,14:14:21,774.88,796.0,2.6532663316582923,10264,1
09/15/2026,14:14:21,774.88,796.0,2.6532663316582923,10265,2
09/15/2026,14:14:21,774.88,796.0,2.6532663316582923,10266,4
09/15/2026,14:14:21,774.88,796.0,2.6532663316582923,10267,0
09/15/2026,14:14:21,774.88,796.0,2.6532663316582923,10268,0
09/15/2026,14:14:21,774.88,796.0,2.6532663316582923,10269,3
09/15/2026,14:14:21,774.88,796.0,2.6532663316582923,10270,3
09/15/2026,14:14:21,774.88,796.0,2.6532663316582923,10271,1
09/15/2026,14:14:21,774.88,796.0,2.6532663316582923,10272,5
09/15/2026,14:14:21,774.88,796.0,2.6532663316582923,10273,2
09/15/2026,14:14:21,774.88,796.0,2.6532663316582923,10274,5
09/15/2026,14:14:21,774.88,796.0,2.6532663316582923,10275,0
09/15/2026,14:14:21,774.88,796.0,2.6532663316582923,10276,2
09/15/2026,14:14:21,774.88,796.0,2.6532663316582923,10277,1
09/15/2026,14:14:21,774.88,796.0,2.6532663316582923,10278,3
09/15/2026,14:14:21,774.88,796.0,2.6532663316582923,10279,2
09/15/2026,14:14:21,774.88,796.0,2.6532663316582923,10280,1
09/15/2026,14:14:21,774.88,796.0,2.6532663316582923,10281,2
09/15/2026,14:14:21,774.88,796.0,2.6532663316582923,10282,3
09/15/2026,14:14:21,774.88,796.0,2.6532663316582923,10283,4
09/15/2026,14:14:21,774.88,796.0,2.6532663316582923,10284,2
09/15/2026,14:14:21,774.88,796.0,2.6532663316582923,10285,3
09/15/2026,14:14:21,774.88,796.0,2.6532663316582923,10286,3
09/15/2026,14:14:21,774.88,796.0,2.6532663316582923,10287,0
09/15/2026,14:14:21,774.88,796.0,2.6532663316582923,10288,2
09/15/2026,14:14:21,774.88,796.0,2.6532663316582923,10289,3
09/15/2026,14:14:21,774.88,796.0,2.6532663316582923,10290,4
09/15/2026,14:14:21,774.88,796.0,2.6532663316582923,10291,5
09/15/2026,14:14:21,774.88,796.0,2.6532663316582923,10292,1
09/15/2026,14:14:21,774.88,796.0,2.6532663316582923,10293,4
09/15/2026,14:14:21,774.88,796.0,2.6532663316582923,10294,4
09/15/2026,14:14:21,774.88,796.0,2.6532663316582923,10295,1
09/15/2026,14:14:21,774.88,796.0,2.6532663316582923,10296,2
09/15/2026,14:14:21,774.88,796.0,2.6532663316582923,10297,3
09/15/2026,14:14:21,774.88,796.0,2.6532663316582923,10298,2
09/15/2026,14:14:21,774.88,796.0,2.6532663316582923,10299,4
09/15/2026,14:14:21,774.88,796.0,2.6532663316582923,10300,3
09/15/2026,14:14:21,774.88,796.0,2.6532663316582923,10301,4
09/15/2026,14:14:21,774.88,796.0,2.6532663316582923,10302,2
09/15/2026,14:14:21,774.88,796.0,2.6532663316582923,10303,3
09/15/2026,14:14:21,774.88,796.0,2.6532663316582923,10304,2
09/15/2026,14:14:21,774.88,796.0,2.6532663316582923,10305,1
09/15/2026,14:14:21,774.88,796.0,2.6532663316582923,10306,1
09/15/2026,14:14:21,774.88,796.0,2.6532663316582923,10307,2
09/15/2026,14:14:21,774.88,796.0,2.6532663316582923,10308,1
09/15/2026,14:14:21,774.88,796.0,2.6532663316582923,10309,3
09/15/2026,14:14:21,774.88,796.0,2.6532663316582923,10310,1
09/15/2026,14:14:21,774.88,796.0,2.6532663316582923,10311,1
09/15/2026,14:14:21,774.88,796.0,2.6532663316582923,10312,1
09/15/2026,14:14:21,774.88,796.0,2.6532663316582923,10313,0
09/15/2026,14:14:21,774.88,796.0,2.6532663316582923,10314,3
09/15/2026,14:14:21,774.88,796.0,2.6532663316582923,10315,3
09/15/2026,14:14:21,774.88,796.0,2.6532663316582923,10316,3
09/15/2026,14:14:21,774.88,796.0,2.6532663316582923,10317,5
09/15/2026,14:14:21,774.88,796.0,2.6532663316582923,10318,3
09/15/2026,14:14:21,774.88,796.0,2.6532663316582923,10319,3
09/15/2026,14:14:21,774.88,796.0,2.6532663316582923,10320,0
09/15/2026,14:14:21,774.88,796.0,2.6532663316582923,10321,0
09/15/2026,14:14:21,774.88,796.0,2.6532663316582923,10322,2
09/15/2026,14:14:21,774.88,796.0,2.6532663316582923,10323,3
09/15/2026,14:14:21,774.88,796.0,2.6532663316582923,10324,6
09/15/2026,14:14:21,774.88,796.0,2.6532663316582923,10325,4
09/15/2026,14:14:21,774.88,796.0,2.6532663316582923,10326,0
09/15/2026,14:14:21,774.88,796.0,2.6532663316582923,10327,2
09/15/2026,14:14:21,774.88,796.0,2.6532663316582923,10328,1
09/15/2026,14:14:21,774.88,796.0,2.6532663316582923,10329,1
09/15/2026,14:14:21,774.88,796.0,2.6532663316582923,10330,3
09/15/2026,14:14:21,774.88,796.0,2.6532663316582923,10331,3
09/15/2026,14:14:21,774.88,796.0,2.6532663316582923,10332,4
09/15/2026,14:14:21,774.88,796.0,2.6532663316582923,10333,3
09/15/2026,14:14:21,774.88,796.0,2.6532663316582923,10334,4
09/15/2026,14:14:21,774.88,796.0,2.6532663316582923,10335,2
09/15/2026,14:14:21,774.88,796.0,2.6532663316582923,10336,2
09/15/2026,14:14:21,774.88,796.0,2.6532663316582923,10337,2
09/15/2026,14:14:21,774.88,796.0,2.6532663316582923,10338,0
09/15/2026,14:14:21,774.88,796.0,2.6532663316582923,10339,3
09/15/2026,14:14:21,774.88,796.0,2.6532663316582923,10340,2
09/15/2026,14:14:21,774.88,796.0,2.6532663316582923,10341,1
09/15/2026,14:14:21,774.88,796.0,2.6532663316582923,10342,4
09/15/2026,14:14:21,774.88,796.0,2.6532663316582923,10343,0
09/15/2026,14:14:21,774.88,796.0,2.6532663316582923,10344,1
09/15/2026,14:14:21,774.88,796.0,2.6532663316582923,10345,1
09/15/2026,14:14:21,774.88,796.0,2.6532663316582923,10346,3
09/15/2026,14:14:21,774.88,796.0,2.6532663316582923,10347,3
09/15/2026,14:14:21,774.88,796.0,2.6532663316582923,10348,2
09/15/2026,14:14:21,774.88,796.0,2.6532663316582923,10349,7
09/15/2026,14:14:21,774.88,796.0,2.6532663316582923,10350,1
09/15/2026,14:14:21,774.88,796.0,2.6532663316582923,10351,3
09/15/2026,14:14:21,774.88,796.0,2.6532663316582923,10352,6
09/15/2026,14:14:21,774.88,796.0,2.6532663316582923,10353,3
09/15/2026,14:14:21,774.88,796.0,2.6532663316582923,10354,1
09/15/2026,14:14:21,774.88,796.0,2.6532663316582923,10355,2
09/15/2026,14:14:21,774.88,796.0,2.6532663316582923,10356,5
09/15/2026,14:14:21,774.88,796.0,2.6532663316582923,10357,2
09/15/2026,14:14:21,774.88,796.0,2.6532663316582923,10358,2
09/15/2026,14:14:21,774.88,796.0,2.6532663316582923,10359,4
09/15/2026,14:14:21,774.88,796.0,2.6532663316582923,10360,3
09/15/2026,14:14:21,774.88,796.0,2.6532663316582923,10361,1
09/15/2026,14:14:21,774.88,796.0,2.6532663316582923,10362,2
09/15/2026,14:14:21,774.88,796.0,2.6532663316582923,10363,3
09/15/2026,14:14:21,774.88,796.0,2.6532663316582923,10364,2
09/15/2026,14:14:21,774.88,796.0,2.6532663316582923,10365,1
09/15/2026,14:14:21,774.88,796.0,2.6532663316582923,10366,2
09/15/2026,14:14:21,774.88,796.0,2.6532663316582923,10367,5
09/15/2026,14:14:21,774.88,796.0,2.6532663316582923,10368,1
09/15/2026,14:14:21,774.88,796.0,2.6532663316582923,10369,5
09/15/2026,14:14:21,774.88,796.0,2.6532663316582923,10370,2
09/15/2026,14:14:21,774.88,796.0,2.6532663316582923,10371,5
09/15/2026,14:14:21,774.88,796.0,2.6532663316582923,10372,5
09/15/2026,14:14:21,774.88,796.0,2.6532663316582923,10373,2
09/15/2026,14:14:21,774.88,796.0,2.6532663316582923,10374,3
09/15/2026,14:14:21,774.88,796.0,2.6532663316582923,10375,5
09/15/2026,14:14:21,774.88,796.0,2.6532663316582923,10376,1
09/15/2026,14:14:21,774.88,796.0,2.6532663316582923,10377,7
09/15/2026,14:14:21,774.88,796.0,2.6532663316582923,10378,0
09/15/2026,14:14:21,774.88,796.0,2.6532663316582923,10379,5
09/15/2026,14:14:21,774.88,796.0,2.6532663316582923,10380,3
09/15/2026,14:14:21,774.88,796.0,2.6532663316582923,10381,2
09/15/2026,14:14:21,774.88,796.0,2.6532663316582923,10382,3
09/15/2026,14:14:21,774.88,796.0,2.6532663316582923,10383,2
09/15/2026,14:14:21,774.88,796.0,2.6532663316582923,10384,2
09/15/2026,14:14:21,774.88,796.0,2.6532663316582923,10385,2
09/15/2026,14:14:21,774.88,796.0,2.6532663316582923,10386,3
09/15/2026,14:14:21,774.88,796.0,2.6532663316582923,10387,3
09/15/2026,14:14:21,774.88,796.0,2.6532663316582923,10388,2
09/15/2026,14:14:21,774.88,796.0,2.6532663316582923,10389,1
09/15/2026,14:14:21,774.88,796.0,2.6532663316582923,10390,1
09/15/2026,14:14:21,774.88,796.0,2.6532663316582923,10391,3
09/15/2026,14:14:21,774.88,796.0,2.6532663316582923,10392,4
09/15/2026,14:14:21,774.88,796.0,2.6532663316582923,10393,0
09/15/2026,14:14:21,774.88,796.0,2.6532663316582923,10394,4
09/15/2026,14:14:21,774.88,796.0,2.6532663316582923,10395,4
09/15/2026,14:14:21,774.88,796.0,2.6532663316582923,10396,5
09/15/2026,14:14:21,774.88,796.0,2.6532663316582923,10397,3
09/15/2026,14:14:21,774.88,796.0,2.6532663316582923,10398,3
09/15/2026,14:14:21,774.88,796.0,2.6532663316582923,10399,3
09/15/2026,14:14:21,774.88,796.0,2.6532663316582923,10400,4
09/15/2026,14:14:21,774.88,796.0,2.6532663316582923,10401,2
09/15/2026,14:14:21,774.88,796.0,2.6532663316582923,10402,1
09/15/2026,14:14:21,774.88,796.0,2.6532663316582923,10403,3
09/15/2026,14:14:21,774.88,796.0,2.6532663316582923,10404,1
09/15/2026,14:14:21,774.88,796.0,2.6532663316582923,10405,3
09/15/2026,14:14:21,774.88,796.0,2.6532663316582923,10406,4
09/15/2026,14:14:21,774.88,796.0,2.6532663316582923,10407,2
09/15/2026,14:14:21,774.88,796.0,2.6532663316582923,10408,2
09/15/2026,14:14:21,774.88,796.0,2.6532663316582923,10409,3
09/15/2026,14:14:21,774.88,796.0,2.6532663316582923,10410,4
09/15/2026,14:14:21,774.88,796.0,2.6532663316582923,10411,3
09/15/2026,14:14:21,774.88,796.0,2.6532663316582923,10412,6
09/15/2026,14:14:21,774.88,796.0,2.6532663316582923,10413,1
09/15/2026,14:14:21,774.88,796.0,2.6532663316582923,10414,2
09/15/2026,14:14:21,774.88,796.0,2.6532663316582923,10415,1
09/15/2026,14:14:21,774.88,796.0,2.6532663316582923,10416,4
09/15/2026,14:14:21,774.88,796.0,2.6532663316582923,10417,2
09/15/2026,14:14:21,774.88,796.0,2.6532663316582923,10418,4
09/15/2026,14:14:21,774.88,796.0,2.6532663316582923,10419,2
09/15/2026,14:14:21,774.88,796.0,2.6532663316582923,10420,3
09/15/2026,14:14:21,774.88,796.0,2.6532663316582923,10421,4
09/15/2026,14:14:21,774.88,796.0,2.6532663316582923,10422,2
09/15/2026,14:14:21,774.88,796.0,2.6532663316582923,10423,1
09/15/2026,14:14:21,774.88,796.0,2.6532663316582923,10424,2
09/15/2026,14:14:21,774.88,796.0,2.6532663316582923,10425,1
09/15/2026,14:14:21,774.88,796.0,2.6532663316582923,10426,3
09/15/2026,14:14:21,774.88,796.0,2.6532663316582923,10427,3
09/15/2026,14:14:21,774.88,796.0,2.6532663316582923,10428,3
09/15/2026,14:14:21,774.88,796.0,2.6532663316582923,10429,1
09/15/2026,14:14:21,774.88,796.0,2.6532663316582923,10430,1
09/15/2026,14:14:21,774.88,796.0,2.6532663316582923,10431,3
09/15/2026,14:14:21,774.88,796.0,2.6532663316582923,10432,3
09/15/2026,14:14:21,774.88,796.0,2.6532663316582923,10433,3
09/15/2026,14:14:21,774.88,796.0,2.6532663316582923,10434,3
09/15/2026,14:14:21,774.88,796.0,2.6532663316582923,10435,1
09/15/2026,14:14:21,774.88,796.0,2.6532663316582923,10436,2
09/15/2026,14:14:21,774.88,796.0,2.6532663316582923,10437,1
09/15/2026,14:14:21,774.88,796.0,2.6532663316582923,10438,3
09/15/2026,14:14:21,774.88,796.0,2.6532663316582923,10439,4
09/15/2026,14:14:21,774.88,796.0,2.6532663316582923,10440,4
09/15/2026,14:14:21,774.88,796.0,2.6532663316582923,10441,1
09/15/2026,14:14:21,774.88,796.0,2.6532663316582923,10442,6
09/15/2026,14:14:21,774.88,796.0,2.6532663316582923,10443,4
09/15/2026,14:14:21,774.88,796.0,2.6532663316582923,10444,2
09/15/2026,14:14:21,774.88,796.0,2.6532663316582923,10445,4
09/15/2026,14:14:21,774.88,796.0,2.6532663316582923,10446,3
09/15/2026,14:14:21,774.88,796.0,2.6532663316582923,10447,1
09/15/2026,14:14:21,774.88,796.0,2.6532663316582923,10448,1
09/15/2026,14:14:21,774.88,796.0,2.6532663316582923,10449,5
09/15/2026,14:14:21,774.88,796.0,2.6532663316582923,10450,2
09/15/2026,14:14:21,774.88,796.0,2.6532663316582923,10451,1
09/15/2026,14:14:21,774.88,796.0,2.6532663316582923,10452,4
09/15/2026,14:14:21,774.88,796.0,2.6532663316582923,10453,3
09/15/2026,14:14:21,774.88,796.0,2.6532663316582923,10454,2
09/15/2026,14:14:21,774.88,796.0,2.6532663316582923,10455,3
09/15/2026,14:14:21,774.88,796.0,2.6532663316582923,10456,3
09/15/2026,14:14:21,774.88,796.0,2.6532663316582923,10457,1
09/15/2026,14:14:21,774.88,796.0,2.6532663316582923,10458,5
09/15/2026,14:14:21,774.88,796.0,2.6532663316582923,10459,4
09/15/2026,14:14:21,774.88,796.0,2.6532663316582923,10460,2
09/15/2026,14:14:21,774.88,796.0,2.6532663316582923,10461,3
09/15/2026,14:14:21,774.88,796.0,2.6532663316582923,10462,4
09/15/2026,14:14:21,774.88,796.0,2.6532663316582923,10463,4
09/15/2026,14:14:21,774.88,796.0,2.6532663316582923,10464,2
09/15/2026,14:14:21,774.88,796.0,2.6532663316582923,10465,8
09/15/2026,14:14:21,774.88,796.0,2.6532663316582923,10466,3
09/15/2026,14:14:21,774.88,796.0,2.6532663316582923,10467,4
09/15/2026,14:14:21,774.88,796.0,2.6532663316582923,10468,4
09/15/2026,14:14:21,774.88,796.0,2.6532663316582923,10469,3
09/15/2026,14:14:21,774.88,796.0,2.6532663316582923,10470,2
09/15/2026,14:14:21,774.88,796.0,2.6532663316582923,10471,1
09/15/2026,14:14:21,774.88,796.0,2.6532663316582923,10472,6
09/15/2026,14:14:21,774.88,796.0,2.6532663316582923,10473,3
09/15/2026,14:14:21,774.88,796.0,2.6532663316582923,10474,3
09/15/2026,14:14:21,774.88,796.0,2.6532663316582923,10475,5
09/15/2026,14:14:21,774.88,796.0,2.6532663316582923,10476,3
09/15/2026,14:14:21,774.88,796.0,2.6532663316582923,10477,5
09/15/2026,14:14:21,774.88,796.0,2.6532663316582923,10478,2
09/15/2026,14:14:21,774.88,796.0,2.6532663316582923,10479,5
09/15/2026,14:14:21,774.88,796.0,2.6532663316582923,10480,1
09/15/2026,14:14:21,774.88,796.0,2.6532663316582923,10481,1
09/15/2026,14:14:21,774.88,796.0,2.6532663316582923,10482,3
09/15/2026,14:14:21,774.88,796.0,2.6532663316582923,10483,4
09/15/2026,14:14:21,774.88,796.0,2.6532663316582923,10484,4
09/15/2026,14:14:21,774.88,796.0,2.6532663316582923,10485,2
09/15/2026,14:14:21,774.88,796.0,2.6532663316582923,10486,5
09/15/2026,14:14:21,774.88,796.0,2.6532663316582923,10487,3
09/15/2026,14:14:21,774.88,796.0,2.6532663316582923,10488,2
09/15/2026,14:14:21,774.88,796.0,2.6532663316582923,10489,1
09/15/2026,14:14:21,774.88,796.0,2.6532663316582923,10490,5
09/15/2026,14:14:21,774.88,796.0,2.6532663316582923,10491,2
09/15/2026,14:14:21,774.88,796.0,2.6532663316582923,10492,2
09/15/2026,14:14:21,774.88,796.0,2.6532663316582923,10493,3
09/15/2026,14:14:21,774.88,796.0,2.6532663316582923,10494,2
09/15/2026,14:14:21,774.88,796.0,2.6532663316582923,10495,2
09/15/2026,14:14:21,774.88,796.0,2.6532663316582923,10496,1
09/15/2026,14:14:21,774.88,796.0,2.6532663316582923,10497,1
09/15/2026,14:14:21,774.88,796.0,2.6532663316582923,10498,2
09/15/2026,14:14:21,774.88,796.0,2.6532663316582923,10499,6
09/15/2026,14:14:21,774.88,796.0,2.6532663316582923,10500,1
09/15/2026,14:14:21,774.88,796.0,2.6532663316582923,10501,5
09/15/2026,14:14:21,774.88,796.0,2.6532663316582923,10502,2
09/15/2026,14:14:21,774.88,796.0,2.6532663316582923,10503,3
09/15/2026,14:14:21,774.88,796.0,2.6532663316582923,10504,4
09/15/2026,14:14:21,774.88,796.0,2.6532663316582923,10505,4
09/15/2026,14:14:21,774.88,796.0,2.6532663316582923,10506,4
09/15/2026,14:14:21,774.88,796.0,2.6532663316582923,10507,3
09/15/2026,14:14:21,774.88,796.0,2.6532663316582923,10508,4
09/15/2026,14:14:21,774.88,796.0,2.6532663316582923,10509,8
09/15/2026,14:14:21,774.88,796.0,2.6532663316582923,10510,1
09/15/2026,14:14:21,774.88,796.0,2.6532663316582923,10511,5
09/15/2026,14:14:21,774.88,796.0,2.6532663316582923,10512,3
09/15/2026,14:14:21,774.88,796.0,2.6532663316582923,10513,3
09/15/2026,14:14:21,774.88,796.0,2.6532663316582923,10514,6
09/15/2026,14:14:21,774.88,796.0,2.6532663316582923,10515,9
09/15/2026,14:14:21,774.88,796.0,2.6532663316582923,10516,5
09/15/2026,14:14:21,774.88,796.0,2.6532663316582923,10517,2
09/15/2026,14:14:21,774.88,796.0,2.6532663316582923,10518,4
09/15/2026,14:14:21,774.88,796.0,2.6532663316582923,10519,4
09/15/2026,14:14:21,774.88,796.0,2.6532663316582923,10520,1
09/15/2026,14:14:21,774.88,796.0,2.6532663316582923,10521,5
09/15/2026,14:14:21,774.88,796.0,2.6532663316582923,10522,4
09/15/2026,14:14:21,774.88,796.0,2.6532663316582923,10523,1
09/15/2026,14:14:21,774.88,796.0,2.6532663316582923,10524,6
09/15/2026,14:14:21,774.88,796.0,2.6532663316582923,10525,3
09/15/2026,14:14:21,774.88,796.0,2.6532663316582923,10526,3
09/15/2026,14:14:21,774.88,796.0,2.6532663316582923,10527,7
09/15/2026,14:14:21,774.88,796.0,2.6532663316582923,10528,3
09/15/2026,14:14:21,774.88,796.0,2.6532663316582923,10529,5
09/15/2026,14:14:21,774.88,796.0,2.6532663316582923,10530,2
09/15/2026,14:14:21,774.88,796.0,2.6532663316582923,10531,10
09/15/2026,14:14:21,774.88,796.0,2.6532663316582923,10532,1
09/15/2026,14:14:21,774.88,796.0,2.6532663316582923,10533,1
09/15/2026,14:14:21,774.88,796.0,2.6532663316582923,10534,7
09/15/2026,14:14:21,774.88,796.0,2.6532663316582923,10535,5
09/15/2026,14:14:21,774.88,796.0,2.6532663316582923,10536,2
09/15/2026,14:14:21,774.88,796.0,2.6532663316582923,10537,3
09/15/2026,14:14:21,774.88,796.0,2.6532663316582923,10538,4
09/15/2026,14:14:21,774.88,796.0,2.6532663316582923,10539,1
09/15/2026,14:14:21,774.88,796.0,2.6532663316582923,10540,7
09/15/2026,14:14:21,774.88,796.0,2.6532663316582923,10541,1
09/15/2026,14:14:21,774.88,796.0,2.6532663316582923,10542,1
09/15/2026,14:14:21,774.88,796.0,2.6532663316582923,10543,3
09/15/2026,14:14:21,774.88,796.0,2.6532663316582923,10544,4
09/15/2026,14:14:21,774.88,796.0,2.6532663316582923,10545,5
09/15/2026,14:14:21,774.88,796.0,2.6532663316582923,10546,7
09/15/2026,14:14:21,774.88,796.0,2.6532663316582923,10547,6
09/15/2026,14:14:21,774.88,796.0,2.6532663316582923,10548,3
09/15/2026,14:14:21,774.88,796.0,2.6532663316582923,10549,7
09/15/2026,14:14:21,774.88,796.0,2.6532663316582923,10550,2
09/15/2026,14:14:21,774.88,796.0,2.6532663316582923,10551,4
09/15/2026,14:14:21,774.88,796.0,2.6532663316582923,10552,1
09/15/2026,14:14:21,774.88,796.0,2.6532663316582923,10553,5
09/15/2026,14:14:21,774.88,796.0,2.6532663316582923,10554,9
09/15/2026,14:14:21,774.88,796.0,2.6532663316582923,10555,7
09/15/2026,14:14:21,774.88,796.0,2.6532663316582923,10556,5
09/15/2026,14:14:21,774.88,796.0,2.6532663316582923,10557,2
09/15/2026,14:14:21,774.88,796.0,2.6532663316582923,10558,2
09/15/2026,14:14:21,774.88,796.0,2.6532663316582923,10559,4
09/15/2026,14:14:21,774.88,796.0,2.6532663316582923,10560,5
09/15/2026,14:14:21,774.88,796.0,2.6532663316582923,10561,4
09/15/2026,14:14:21,774.88,796.0,2.6532663316582923,10562,4
09/15/2026,14:14:21,774.88,796.0,2.6532663316582923,10563,9
09/15/2026,14:14:21,774.88,796.0,2.6532663316582923,10564,4
09/15/2026,14:14:21,774.88,796.0,2.6532663316582923,10565,4
09/15/2026,14:14:21,774.88,796.0,2.6532663316582923,10566,0
09/15/2026,14:14:21,774.88,796.0,2.6532663316582923,10567,8
09/15/2026,14:14:21,774.88,796.0,2.6532663316582923,10568,3
09/15/2026,14:14:21,774.88,796.0,2.6532663316582923,10569,4
09/15/2026,14:14:21,774.88,796.0,2.6532663316582923,10570,4
09/15/2026,14:14:21,774.88,796.0,2.6532663316582923,10571,6
09/15/2026,14:14:21,774.88,796.0,2.6532663316582923,10572,6
09/15/2026,14:14:21,774.88,796.0,2.6532663316582923,10573,4
09/15/2026,14:14:21,774.88,796.0,2.6532663316582923,10574,2
09/15/2026,14:14:21,774.88,796.0,2.6532663316582923,10575,6
09/15/2026,14:14:21,774.88,796.0,2.6532663316582923,10576,1
09/15/2026,14:14:21,774.88,796.0,2.6532663316582923,10577,3
09/15/2026,14:14:21,774.88,796.0,2.6532663316582923,10578,4
09/15/2026,14:14:21,774.88,796.0,2.6532663316582923,10579,2
09/15/2026,14:14:21,774.88,796.0,2.6532663316582923,10580,2
09/15/2026,14:14:21,774.88,796.0,2.6532663316582923,10581,5
09/15/2026,14:14:21,774.88,796.0,2.6532663316582923,10582,5
09/15/2026,14:14:21,774.88,796.0,2.6532663316582923,10583,5
09/15/2026,14:14:21,774.88,796.0,2.6532663316582923,10584,3
09/15/2026,14:14:21,774.88,796.0,2.6532663316582923,10585,5
09/15/2026,14:14:21,774.88,796.0,2.6532663316582923,10586,2
09/15/2026,14:14:21,774.88,796.0,2.6532663316582923,10587,2
09/15/2026,14:14:21,774.88,796.0,2.6532663316582923,10588,2
09/15/2026,14:14:21,774.88,796.0,2.6532663316582923,10589,2
09/15/2026,14:14:21,774.88,796.0,2.6532663316582923,10590,3
09/15/2026,14:14:21,774.88,796.0,2.6532663316582923,10591,2
09/15/2026,14:14:21,774.88,796.0,2.6532663316582923,10592,3
09/15/2026,14:14:21,774.88,796.0,2.6532663316582923,10593,4
09/15/2026,14:14:21,774.88,796.0,2.6532663316582923,10594,3
09/15/2026,14:14:21,774.88,796.0,2.6532663316582923,10595,0
09/15/2026,14:14:21,774.88,796.0,2.6532663316582923,10596,1
09/15/2026,14:14:21,774.88,796.0,2.6532663316582923,10597,4
09/15/2026,14:14:21,774.88,796.0,2.6532663316582923,10598,6
09/15/2026,14:14:21,774.88,796.0,2.6532663316582923,10599,3
09/15/2026,14:14:21,774.88,796.0,2.6532663316582923,10600,3
09/15/2026,14:14:21,774.88,796.0,2.6532663316582923,10601,6
09/15/2026,14:14:21,774.88,796.0,2.6532663316582923,10602,5
09/15/2026,14:14:21,774.88,796.0,2.6532663316582923,10603,2
09/15/2026,14:14:21,774.88,796.0,2.6532663316582923,10604,3
09/15/2026,14:14:21,774.88,796.0,2.6532663316582923,10605,4
09/15/2026,14:14:21,774.88,796.0,2.6532663316582923,10606,0
09/15/2026,14:14:21,774.88,796.0,2.6532663316582923,10607,5
09/15/2026,14:14:21,774.88,796.0,2.6532663316582923,10608,1
09/15/2026,14:14:21,774.88,796.0,2.6532663316582923,10609,5
09/15/2026,14:14:21,774.88,796.0,2.6532663316582923,10610,6
09/15/2026,14:14:21,774.88,796.0,2.6532663316582923,10611,4
09/15/2026,14:14:21,774.88,796.0,2.6532663316582923,10612,2
09/15/2026,14:14:21,774.88,796.0,2.6532663316582923,10613,3
09/15/2026,14:14:21,774.88,796.0,2.6532663316582923,10614,3
09/15/2026,14:14:21,774.88,796.0,2.6532663316582923,10615,2
09/15/2026,14:14:21,774.88,796.0,2.6532663316582923,10616,3
09/15/2026,14:14:21,774.88,796.0,2.6532663316582923,10617,5
09/15/2026,14:14:21,774.88,796.0,2.6532663316582923,10618,3
09/15/2026,14:14:21,774.88,796.0,2.6532663316582923,10619,5
09/15/2026,14:14:21,774.88,796.0,2.6532663316582923,10620,2
09/15/2026,14:14:21,774.88,796.0,2.6532663316582923,10621,6
09/15/2026,14:14:21,774.88,796.0,2.6532663316582923,10622,6
09/15/2026,14:14:21,774.88,796.0,2.6532663316582923,10623,0
09/15/2026,14:14:21,774.88,796.0,2.6532663316582923,10624,5
09/15/2026,14:14:21,774.88,796.0,2.6532663316582923,10625,5
09/15/2026,14:14:21,774.88,796.0,2.6532663316582923,10626,4
09/15/2026,14:14:21,774.88,796.0,2.6532663316582923,10627,0
09/15/2026,14:14:21,774.88,796.0,2.6532663316582923,10628,4
09/15/2026,14:14:21,774.88,796.0,2.6532663316582923,10629,1
09/15/2026,14:14:21,774.88,796.0,2.6532663316582923,10630,1
09/15/2026,14:14:21,774.88,796.0,2.6532663316582923,10631,2
09/15/2026,14:14:21,774.88,796.0,2.6532663316582923,10632,1
09/15/2026,14:14:21,774.88,796.0,2.6532663316582923,10633,5
09/15/2026,14:14:21,774.88,796.0,2.6532663316582923,10634,2
09/15/2026,14:14:21,774.88,796.0,2.6532663316582923,10635,5
09/15/2026,14:14:21,774.88,796.0,2.6532663316582923,10636,5
09/15/2026,14:14:21,774.88,796.0,2.6532663316582923,10637,3
09/15/2026,14:14:21,774.88,796.0,2.6532663316582923,10638,5
09/15/2026,14:14:21,774.88,796.0,2.6532663316582923,10639,4
09/15/2026,14:14:21,774.88,796.0,2.6532663316582923,10640,6
09/15/2026,14:14:21,774.88,796.0,2.6532663316582923,10641,3
09/15/2026,14:14:21,774.88,796.0,2.6532663316582923,10642,6
09/15/2026,14:14:21,774.88,796.0,2.6532663316582923,10643,6
09/15/2026,14:14:21,774.88,796.0,2.6532663316582923,10644,5
09/15/2026,14:14:21,774.88,796.0,2.6532663316582923,10645,5
09/15/2026,14:14:21,774.88,796.0,2.6532663316582923,10646,3
09/15/2026,14:14:21,774.88,796.0,2.6532663316582923,10647,7
09/15/2026,14:14:21,774.88,796.0,2.6532663316582923,10648,5
09/15/2026,14:14:21,774.88,796.0,2.6532663316582923,10649,6
09/15/2026,14:14:21,774.88,796.0,2.6532663316582923,10650,3
09/15/2026,14:14:21,774.88,796.0,2.6532663316582923,10651,3
09/15/2026,14:14:21,774.88,796.0,2.6532663316582923,10652,5
09/15/2026,14:14:21,774.88,796.0,2.6532663316582923,10653,3
09/15/2026,14:14:21,774.88,796.0,2.6532663316582923,10654,4
09/15/2026,14:14:21,774.88,796.0,2.6532663316582923,10655,2
09/15/2026,14:14:21,774.88,796.0,2.6532663316582923,10656,4
09/15/2026,14:14:21,774.88,796.0,2.6532663316582923,10657,3
09/15/2026,14:14:21,774.88,796.0,2.6532663316582923,10658,2
09/15/2026,14:14:21,774.88,796.0,2.6532663316582923,10659,3
09/15/2026,14:14:21,774.88,796.0,2.6532663316582923,10660,5
09/15/2026,14:14:21,774.88,796.0,2.6532663316582923,10661,2
09/15/2026,14:14:21,774.88,796.0,2.6532663316582923,10662,1
09/15/2026,14:14:21,774.88,796.0,2.6532663316582923,10663,7
09/15/2026,14:14:21,774.88,796.0,2.6532663316582923,10664,6
09/15/2026,14:14:21,774.88,796.0,2.6532663316582923,10665,2
09/15/2026,14:14:21,774.88,796.0,2.6532663316582923,10666,6
09/15/2026,14:14:21,774.88,796.0,2.6532663316582923,10667,5
09/15/2026,14:14:21,774.88,796.0,2.6532663316582923,10668,3
09/15/2026,14:14:21,774.88,796.0,2.6532663316582923,10669,1
09/15/2026,14:14:21,774.88,796.0,2.6532663316582923,10670,7
09/15/2026,14:14:21,774.88,796.0,2.6532663316582923,10671,4
09/15/2026,14:14:21,774.88,796.0,2.6532663316582923,10672,5
09/15/2026,14:14:21,774.88,796.0,2.6532663316582923,10673,1
09/15/2026,14:14:21,774.88,796.0,2.6532663316582923,10674,3
09/15/2026,14:14:21,774.88,796.0,2.6532663316582923,10675,2
09/15/2026,14:14:21,774.88,796.0,2.6532663316582923,10676,4
09/15/2026,14:14:21,774.88,796.0,2.6532663316582923,10677,1
09/15/2026,14:14:21,774.88,796.0,2.6532663316582923,10678,5
09/15/2026,14:14:21,774.88,796.0,2.6532663316582923,10679,6
09/15/2026,14:14:21,774.88,796.0,2.6532663316582923,10680,3
09/15/2026,14:14:21,774.88,796.0,2.6532663316582923,10681,8
09/15/2026,14:14:21,774.88,796.0,2.6532663316582923,10682,3
09/15/2026,14:14:21,774.88,796.0,2.6532663316582923,10683,3
09/15/2026,14:14:21,774.88,796.0,2.6532663316582923,10684,3
09/15/2026,14:14:21,774.88,796.0,2.6532663316582923,10685,2
09/15/2026,14:14:21,774.88,796.0,2.6532663316582923,10686,2
09/15/2026,14:14:21,774.88,796.0,2.6532663316582923,10687,5
09/15/2026,14:14:21,774.88,796.0,2.6532663316582923,10688,0
09/15/2026,14:14:21,774.88,796.0,2.6532663316582923,10689,3
09/15/2026,14:14:21,774.88,796.0,2.6532663316582923,10690,1
09/15/2026,14:14:21,774.88,796.0,2.6532663316582923,10691,2
09/15/2026,14:14:21,774.88,796.0,2.6532663316582923,10692,1
09/15/2026,14:14:21,774.88,796.0,2.6532663316582923,10693,5
09/15/2026,14:14:21,774.88,796.0,2.6532663316582923,10694,6
09/15/2026,14:14:21,774.88,796.0,2.6532663316582923,10695,4
09/15/2026,14:14:21,774.88,796.0,2.6532663316582923,10696,4
09/15/2026,14:14:21,774.88,796.0,2.6532663316582923,10697,1
09/15/2026,14:14:21,774.88,796.0,2.6532663316582923,10698,4
09/15/2026,14:14:21,774.88,796.0,2.6532663316582923,10699,3
09/15/2026,14:14:21,774.88,796.0,2.6532663316582923,10700,6
09/15/2026,14:14:21,774.88,796.0,2.6532663316582923,10701,2
09/15/2026,14:14:21,774.88,796.0,2.6532663316582923,10702,5
09/15/2026,14:14:21,774.88,796.0,2.6532663316582923,10703,4
09/15/2026,14:14:21,774.88,796.0,2.6532663316582923,10704,3
09/15/2026,14:14:21,774.88,796.0,2.6532663316582923,10705,5
09/15/2026,14:14:21,774.88,796.0,2.6532663316582923,10706,8
09/15/2026,14:14:21,774.88,796.0,2.6532663316582923,10707,6
09/15/2026,14:14:21,774.88,796.0,2.6532663316582923,10708,3
09/15/2026,14:14:21,774.88,796.0,2.6532663316582923,10709,4
09/15/2026,14:14:21,774.88,796.0,2.6532663316582923,10710,4
09/15/2026,14:14:21,774.88,796.0,2.6532663316582923,10711,2
09/15/2026,14:14:21,774.88,796.0,2.6532663316582923,10712,2
09/15/2026,14:14:21,774.88,796.0,2.6532663316582923,10713,2
09/15/2026,14:14:21,774.88,796.0,2.6532663316582923,10714,5
09/15/2026,14:14:21,774.88,796.0,2.6532663316582923,10715,2
09/15/2026,14:14:21,774.88,796.0,2.6532663316582923,10716,1
09/15/2026,14:14:21,774.88,796.0,2.6532663316582923,10717,4
09/15/2026,14:14:21,774.88,796.0,2.6532663316582923,10718,5
09/15/2026,14:14:21,774.88,796.0,2.6532663316582923,10719,0
09/15/2026,14:14:21,774.88,796.0,2.6532663316582923,10720,2
09/15/2026,14:14:21,774.88,796.0,2.6532663316582923,10721,5
09/15/2026,14:14:21,774.88,796.0,2.6532663316582923,10722,9
09/15/2026,14:14:21,774.88,796.0,2.6532663316582923,10723,5
09/15/2026,14:14:21,774.88,796.0,2.6532663316582923,10724,6
09/15/2026,14:14:21,774.88,796.0,2.6532663316582923,10725,1
09/15/2026,14:14:21,774.88,796.0,2.6532663316582923,10726,6
09/15/2026,14:14:21,774.88,796.0,2.6532663316582923,10727,4
09/15/2026,14:14:21,774.88,796.0,2.6532663316582923,10728,5
09/15/2026,14:14:21,774.88,796.0,2.6532663316582923,10729,5
09/15/2026,14:14:21,774.88,796.0,2.6532663316582923,10730,1
09/15/2026,14:14:21,774.88,796.0,2.6532663316582923,10731,3
09/15/2026,14:14:21,774.88,796.0,2.6532663316582923,10732,7
09/15/2026,14:14:21,774.88,796.0,2.6532663316582923,10733,5
09/15/2026,14:14:21,774.88,796.0,2.6532663316582923,10734,4
09/15/2026,14:14:21,774.88,796.0,2.6532663316582923,10735,4
09/15/2026,14:14:21,774.88,796.0,2.6532663316582923,10736,4
09/15/2026,14:14:21,774.88,796.0,2.6532663316582923,10737,1
09/15/2026,14:14:21,774.88,796.0,2.6532663316582923,10738,3
09/15/2026,14:14:21,774.88,796.0,2.6532663316582923,10739,2
09/15/2026,14:14:21,774.88,796.0,2.6532663316582923,10740,4
09/15/2026,14:14:21,774.88,796.0,2.6532663316582923,10741,4
09/15/2026,14:14:21,774.88,796.0,2.6532663316582923,10742,3
09/15/2026,14:14:21,774.88,796.0,2.6532663316582923,10743,5
09/15/2026,14:14:21,774.88,796.0,2.6532663316582923,10744,3
09/15/2026,14:14:21,774.88,796.0,2.6532663316582923,10745,3
09/15/2026,14:14:21,774.88,796.0,2.6532663316582923,10746,4
09/15/2026,14:14:21,774.88,796.0,2.6532663316582923,10747,7
09/15/2026,14:14:21,774.88,796.0,2.6532663316582923,10748,3
09/15/2026,14:14:21,774.88,796.0,2.6532663316582923,10749,2
09/15/2026,14:14:21,774.88,796.0,2.6532663316582923,10750,5
09/15/2026,14:14:21,774.88,796.0,2.6532663316582923,10751,3
09/15/2026,14:14:21,774.88,796.0,2.6532663316582923,10752,4
09/15/2026,14:14:21,774.88,796.0,2.6532663316582923,10753,1
09/15/2026,14:14:21,774.88,796.0,2.6532663316582923,10754,9
09/15/2026,14:14:21,774.88,796.0,2.6532663316582923,10755,5
09/15/2026,14:14:21,774.88,796.0,2.6532663316582923,10756,2
09/15/2026,14:14:21,774.88,796.0,2.6532663316582923,10757,1
09/15/2026,14:14:21,774.88,796.0,2.6532663316582923,10758,5
09/15/2026,14:14:21,774.88,796.0,2.6532663316582923,10759,3
09/15/2026,14:14:21,774.88,796.0,2.6532663316582923,10760,2
09/15/2026,14:14:21,774.88,796.0,2.6532663316582923,10761,1
09/15/2026,14:14:21,774.88,796.0,2.6532663316582923,10762,3
09/15/2026,14:14:21,774.88,796.0,2.6532663316582923,10763,1
09/15/2026,14:14:21,774.88,796.0,2.6532663316582923,10764,3
09/15/2026,14:14:21,774.88,796.0,2.6532663316582923,10765,4
09/15/2026,14:14:21,774.88,796.0,2.6532663316582923,10766,6
09/15/2026,14:14:21,774.88,796.0,2.6532663316582923,10767,3
09/15/2026,14:14:21,774.88,796.0,2.6532663316582923,10768,2
09/15/2026,14:14:21,774.88,796.0,2.6532663316582923,10769,2
09/15/2026,14:14:21,774.88,796.0,2.6532663316582923,10770,2
09/15/2026,14:14:21,774.88,796.0,2.6532663316582923,10771,1
09/15/2026,14:14:21,774.88,796.0,2.6532663316582923,10772,3
09/15/2026,14:14:21,774.88,796.0,2.6532663316582923,10773,6
09/15/2026,14:14:21,774.88,796.0,2.6532663316582923,10774,3
09/15/2026,14:14:21,774.88,796.0,2.6532663316582923,10775,7
09/15/2026,14:14:21,774.88,796.0,2.6532663316582923,10776,2
09/15/2026,14:14:21,774.88,796.0,2.6532663316582923,10777,1
09/15/2026,14:14:21,774.88,796.0,2.6532663316582923,10778,3
09/15/2026,14:14:21,774.88,796.0,2.6532663316582923,10779,3
09/15/2026,14:14:21,774.88,796.0,2.6532663316582923,10780,5
09/15/2026,14:14:21,774.88,796.0,2.6532663316582923,10781,6
09/15/2026,14:14:21,774.88,796.0,2.6532663316582923,10782,0
09/15/2026,14:14:21,774.88,796.0,2.6532663316582923,10783,1
09/15/2026,14:14:21,774.88,796.0,2.6532663316582923,10784,3
09/15/2026,14:14:21,774.88,796.0,2.6532663316582923,10785,3
09/15/2026,14:14:21,774.88,796.0,2.6532663316582923,10786,2
09/15/2026,14:14:21,774.88,796.0,2.6532663316582923,10787,5
09/15/2026,14:14:21,774.88,796.0,2.6532663316582923,10788,4
09/15/2026,14:14:21,774.88,796.0,2.6532663316582923,10789,3
09/15/2026,14:14:21,774.88,796.0,2.6532663316582923,10790,7
09/15/2026,14:14:21,774.88,796.0,2.6532663316582923,10791,0
09/15/2026,14:14:21,774.88,796.0,2.6532663316582923,10792,5
09/15/2026,14:14:21,774.88,796.0,2.6532663316582923,10793,3
09/15/2026,14:14:21,774.88,796.0,2.6532663316582923,10794,4
09/15/2026,14:14:21,774.88,796.0,2.6532663316582923,10795,1
09/15/2026,14:14:21,774.88,796.0,2.6532663316582923,10796,4
09/15/2026,14:14:21,774.88,796.0,2.6532663316582923,10797,3
09/15/2026,14:14:21,774.88,796.0,2.6532663316582923,10798,1
09/15/2026,14:14:21,774.88,796.0,2.6532663316582923,10799,8
09/15/2026,14:14:21,774.88,796.0,2.6532663316582923,10800,5
09/15/2026,14:14:21,774.88,796.0,2.6532663316582923,10801,5
09/15/2026,14:14:21,774.88,796.0,2.6532663316582923,10802,2
09/15/2026,14:14:21,774.88,796.0,2.6532663316582923,10803,3
09/15/2026,14:14:21,774.88,796.0,2.6532663316582923,10804,2
09/15/2026,14:14:21,774.88,796.0,2.6532663316582923,10805,3
09/15/2026,14:14:21,774.88,796.0,2.6532663316582923,10806,6
09/15/2026,14:14:21,774.88,796.0,2.6532663316582923,10807,2
09/15/2026,14:14:21,774.88,796.0,2.6532663316582923,10808,3
09/15/2026,14:14:21,774.88,796.0,2.6532663316582923,10809,5
09/15/2026,14:14:21,774.88,796.0,2.6532663316582923,10810,2
09/15/2026,14:14:21,774.88,796.0,2.6532663316582923,10811,1
09/15/2026,14:14:21,774.88,796.0,2.6532663316582923,10812,1
09/15/2026,14:14:21,774.88,796.0,2.6532663316582923,10813,4
09/15/2026,14:14:21,774.88,796.0,2.6532663316582923,10814,4
09/15/2026,14:14:21,774.88,796.0,2.6532663316582923,10815,3
09/15/2026,14:14:21,774.88,796.0,2.6532663316582923,10816,7
09/15/2026,14:14:21,774.88,796.0,2.6532663316582923,10817,4
09/15/2026,14:14:21,774.88,796.0,2.6532663316582923,10818,9
09/15/2026,14:14:21,774.88,796.0,2.6532663316582923,10819,6
09/15/2026,14:14:21,774.88,796.0,2.6532663316582923,10820,7
09/15/2026,14:14:21,774.88,796.0,2.6532663316582923,10821,4
09/15/2026,14:14:21,774.88,796.0,2.6532663316582923,10822,3
09/15/2026,14:14:21,774.88,796.0,2.6532663316582923,10823,3
09/15/2026,14:14:21,774.88,796.0,2.6532663316582923,10824,4
09/15/2026,14:14:21,774.88,796.0,2.6532663316582923,10825,5
09/15/2026,14:14:21,774.88,796.0,2.6532663316582923,10826,4
09/15/2026,14:14:21,774.88,796.0,2.6532663316582923,10827,2
09/15/2026,14:14:21,774.88,796.0,2.6532663316582923,10828,6
09/15/2026,14:14:21,774.88,796.0,2.6532663316582923,10829,6
09/15/2026,14:14:21,774.88,796.0,2.6532663316582923,10830,3
09/15/2026,14:14:21,774.88,796.0,2.6532663316582923,10831,4
09/15/2026,14:14:21,774.88,796.0,2.6532663316582923,10832,4
09/15/2026,14:14:21,774.88,796.0,2.6532663316582923,10833,2
09/15/2026,14:14:21,774.88,796.0,2.6532663316582923,10834,4
09/15/2026,14:14:21,774.88,796.0,2.6532663316582923,10835,5
09/15/2026,14:14:21,774.88,796.0,2.6532663316582923,10836,1
09/15/2026,14:14:21,774.88,796.0,2.6532663316582923,10837,5
09/15/2026,14:14:21,774.88,796.0,2.6532663316582923,10838,3
09/15/2026,14:14:21,774.88,796.0,2.6532663316582923,10839,1
09/15/2026,14:14:21,774.88,796.0,2.6532663316582923,10840,7
09/15/2026,14:14:21,774.88,796.0,2.6532663316582923,10841,2
09/15/2026,14:14:21,774.88,796.0,2.6532663316582923,10842,5
09/15/2026,14:14:21,774.88,796.0,2.6532663316582923,10843,5
09/15/2026,14:14:21,774.88,796.0,2.6532663316582923,10844,2
09/15/2026,14:14:21,774.88,796.0,2.6532663316582923,10845,3
09/15/2026,14:14:21,774.88,796.0,2.6532663316582923,10846,4
09/15/2026,14:14:21,774.88,796.0,2.6532663316582923,10847,3
09/15/2026,14:14:21,774.88,796.0,2.6532663316582923,10848,4
09/15/2026,14:14:21,774.88,796.0,2.6532663316582923,10849,1
09/15/2026,14:14:21,774.88,796.0,2.6532663316582923,10850,4
09/15/2026,14:14:21,774.88,796.0,2.6532663316582923,10851,4
09/15/2026,14:14:21,774.88,796.0,2.6532663316582923,10852,6
09/15/2026,14:14:21,774.88,796.0,2.6532663316582923,10853,1
09/15/2026,14:14:21,774.88,796.0,2.6532663316582923,10854,1
09/15/2026,14:14:21,774.88,796.0,2.6532663316582923,10855,4
09/15/2026,14:14:21,774.88,796.0,2.6532663316582923,10856,6
09/15/2026,14:14:21,774.88,796.0,2.6532663316582923,10857,2
09/15/2026,14:14:21,774.88,796.0,2.6532663316582923,10858,2
09/15/2026,14:14:21,774.88,796.0,2.6532663316582923,10859,1
09/15/2026,14:14:21,774.88,796.0,2.6532663316582923,10860,5
09/15/2026,14:14:21,774.88,796.0,2.6532663316582923,10861,1
09/15/2026,14:14:21,774.88,796.0,2.6532663316582923,10862,2
09/15/2026,14:14:21,774.88,796.0,2.6532663316582923,10863,0
09/15/2026,14:14:21,774.88,796.0,2.6532663316582923,10864,4
09/15/2026,14:14:21,774.88,796.0,2.6532663316582923,10865,2
09/15/2026,14:14:21,774.88,796.0,2.6532663316582923,10866,2
09/15/2026,14:14:21,774.88,796.0,2.6532663316582923,10867,5
09/15/2026,14:14:21,774.88,796.0,2.6532663316582923,10868,3
09/15/2026,14:14:21,774.88,796.0,2.6532663316582923,10869,2
09/15/2026,14:14:21,774.88,796.0,2.6532663316582923,10870,3
09/15/2026,14:14:21,774.88,796.0,2.6532663316582923,10871,6
09/15/2026,14:14:21,774.88,796.0,2.6532663316582923,10872,0
09/15/2026,14:14:21,774.88,796.0,2.6532663316582923,10873,3
09/15/2026,14:14:21,774.88,796.0,2.6532663316582923,10874,2
09/15/2026,14:14:21,774.88,796.0,2.6532663316582923,10875,5
09/15/2026,14:14:21,774.88,796.0,2.6532663316582923,10876,4
09/15/2026,14:14:21,774.88,796.0,2.6532663316582923,10877,5
09/15/2026,14:14:21,774.88,796.0,2.6532663316582923,10878,5
09/15/2026,14:14:21,774.88,796.0,2.6532663316582923,10879,7
09/15/2026,14:14:21,774.88,796.0,2.6532663316582923,10880,5
09/15/2026,14:14:21,774.88,796.0,2.6532663316582923,10881,2
09/15/2026,14:14:21,774.88,796.0,2.6532663316582923,10882,5
09/15/2026,14:14:21,774.88,796.0,2.6532663316582923,10883,1
09/15/2026,14:14:21,774.88,796.0,2.6532663316582923,10884,7
09/15/2026,14:14:21,774.88,796.0,2.6532663316582923,10885,0
09/15/2026,14:14:21,774.88,796.0,2.6532663316582923,10886,5
09/15/2026,14:14:21,774.88,796.0,2.6532663316582923,10887,1
09/15/2026,14:14:21,774.88,796.0,2.6532663316582923,10888,4
09/15/2026,14:14:21,774.88,796.0,2.6532663316582923,10889,1
09/15/2026,14:14:21,774.88,796.0,2.6532663316582923,10890,6
09/15/2026,14:14:21,774.88,796.0,2.6532663316582923,10891,1
09/15/2026,14:14:21,774.88,796.0,2.6532663316582923,10892,1
09/15/2026,14:14:21,774.88,796.0,2.6532663316582923,10893,4
09/15/2026,14:14:21,774.88,796.0,2.6532663316582923,10894,10
09/15/2026,14:14:21,774.88,796.0,2.6532663316582923,10895,5
09/15/2026,14:14:21,774.88,796.0,2.6532663316582923,10896,2
09/15/2026,14:14:21,774.88,796.0,2.6532663316582923,10897,4
09/15/2026,14:14:21,774.88,796.0,2.6532663316582923,10898,3
09/15/2026,14:14:21,774.88,796.0,2.6532663316582923,10899,1
09/15/2026,14:14:21,774.88,796.0,2.6532663316582923,10900,6
09/15/2026,14:14:21,774.88,796.0,2.6532663316582923,10901,1
09/15/2026,14:14:21,774.88,796.0,2.6532663316582923,10902,1
09/15/2026,14:14:21,774.88,796.0,2.6532663316582923,10903,3
09/15/2026,14:14:21,774.88,796.0,2.6532663316582923,10904,5
09/15/2026,14:14:21,774.88,796.0,2.6532663316582923,10905,2
09/15/2026,14:14:21,774.88,796.0,2.6532663316582923,10906,1
09/15/2026,14:14:21,774.88,796.0,2.6532663316582923,10907,5
09/15/2026,14:14:21,774.88,796.0,2.6532663316582923,10908,3
09/15/2026,14:14:21,774.88,796.0,2.6532663316582923,10909,3
09/15/2026,14:14:21,774.88,796.0,2.6532663316582923,10910,3
09/15/2026,14:14:21,774.88,796.0,2.6532663316582923,10911,4
09/15/2026,14:14:21,774.88,796.0,2.6532663316582923,10912,1
09/15/2026,14:14:21,774.88,796.0,2.6532663316582923,10913,0
09/15/2026,14:14:21,774.88,796.0,2.6532663316582923,10914,3
09/15/2026,14:14:21,774.88,796.0,2.6532663316582923,10915,0
09/15/2026,14:14:21,774.88,796.0,2.6532663316582923,10916,6
09/15/2026,14:14:21,774.88,796.0,2.6532663316582923,10917,3
09/15/2026,14:14:21,774.88,796.0,2.6532663316582923,10918,1
09/15/2026,14:14:21,774.88,796.0,2.6532663316582923,10919,3
09/15/2026,14:14:21,774.88,796.0,2.6532663316582923,10920,4
09/15/2026,14:14:21,774.88,796.0,2.6532663316582923,10921,2
09/15/2026,14:14:21,774.88,796.0,2.6532663316582923,10922,2
09/15/2026,14:14:21,774.88,796.0,2.6532663316582923,10923,8
09/15/2026,14:14:21,774.88,796.0,2.6532663316582923,10924,4
09/15/2026,14:14:21,774.88,796.0,2.6532663316582923,10925,8
09/15/2026,14:14:21,774.88,796.0,2.6532663316582923,10926,3
09/15/2026,14:14:21,774.88,796.0,2.6532663316582923,10927,4
09/15/2026,14:14:21,774.88,796.0,2.6532663316582923,10928,6
09/15/2026,14:14:21,774.88,796.0,2.6532663316582923,10929,3
09/15/2026,14:14:21,774.88,796.0,2.6532663316582923,10930,4
09/15/2026,14:14:21,774.88,796.0,2.6532663316582923,10931,1
09/15/2026,14:14:21,774.88,796.0,2.6532663316582923,10932,1
09/15/2026,14:14:21,774.88,796.0,2.6532663316582923,10933,2
09/15/2026,14:14:21,774.88,796.0,2.6532663316582923,10934,2
09/15/2026,14:14:21,774.88,796.0,2.6532663316582923,10935,2
09/15/2026,14:14:21,774.88,796.0,2.6532663316582923,10936,1
09/15/2026,14:14:21,774.88,796.0,2.6532663316582923,10937,3
09/15/2026,14:14:21,774.88,796.0,2.6532663316582923,10938,1
09/15/2026,14:14:21,774.88,796.0,2.6532663316582923,10939,4
09/15/2026,14:14:21,774.88,796.0,2.6532663316582923,10940,1
09/15/2026,14:14:21,774.88,796.0,2.6532663316582923,10941,7
09/15/2026,14:14:21,774.88,796.0,2.6532663316582923,10942,2
09/15/2026,14:14:21,774.88,796.0,2.6532663316582923,10943,2
09/15/2026,14:14:21,774.88,796.0,2.6532663316582923,10944,2
09/15/2026,14:14:21,774.88,796.0,2.6532663316582923,10945,2
09/15/2026,14:14:21,774.88,796.0,2.6532663316582923,10946,2
09/15/2026,14:14:21,774.88,796.0,2.6532663316582923,10947,0
09/15/2026,14:14:21,774.88,796.0,2.6532663316582923,10948,6
09/15/2026,14:14:21,774.88,796.0,2.6532663316582923,10949,4
09/15/2026,14:14:21,774.88,796.0,2.6532663316582923,10950,4
09/15/2026,14:14:21,774.88,796.0,2.6532663316582923,10951,2
09/15/2026,14:14:21,774.88,796.0,2.6532663316582923,10952,4
09/15/2026,14:14:21,774.88,796.0,2.6532663316582923,10953,3
09/15/2026,14:14:21,774.88,796.0,2.6532663316582923,10954,1
09/15/2026,14:14:21,774.88,796.0,2.6532663316582923,10955,4
09/15/2026,14:14:21,774.88,796.0,2.6532663316582923,10956,3
09/15/2026,14:14:21,774.88,796.0,2.6532663316582923,10957,2
09/15/2026,14:14:21,774.88,796.0,2.6532663316582923,10958,6
09/15/2026,14:14:21,774.88,796.0,2.6532663316582923,10959,2
09/15/2026,14:14:21,774.88,796.0,2.6532663316582923,10960,5
09/15/2026,14:14:21,774.88,796.0,2.6532663316582923,10961,2
09/15/2026,14:14:21,774.88,796.0,2.6532663316582923,10962,1
09/15/2026,14:14:21,774.88,796.0,2.6532663316582923,10963,1
09/15/2026,14:14:21,774.88,796.0,2.6532663316582923,10964,1
09/15/2026,14:14:21,774.88,796.0,2.6532663316582923,10965,2
09/15/2026,14:14:21,774.88,796.0,2.6532663316582923,10966,1
09/15/2026,14:14:21,774.88,796.0,2.6532663316582923,10967,6
09/15/2026,14:14:21,774.88,796.0,2.6532663316582923,10968,3
09/15/2026,14:14:21,774.88,796.0,2.6532663316582923,10969,4
09/15/2026,14:14:21,774.88,796.0,2.6532663316582923,10970,2
09/15/2026,14:14:21,774.88,796.0,2.6532663316582923,10971,1
09/15/2026,14:14:21,774.88,796.0,2.6532663316582923,10972,5
09/15/2026,14:14:21,774.88,796.0,2.6532663316582923,10973,4
09/15/2026,14:14:21,774.88,796.0,2.6532663316582923,10974,2
09/15/2026,14:14:21,774.88,796.0,2.6532663316582923,10975,3
09/15/2026,14:14:21,774.88,796.0,2.6532663316582923,10976,4
09/15/2026,14:14:21,774.88,796.0,2.6532663316582923,10977,2
09/15/2026,14:14:21,774.88,796.0,2.6532663316582923,10978,3
09/15/2026,14:14:21,774.88,796.0,2.6532663316582923,10979,2
09/15/2026,14:14:21,774.88,796.0,2.6532663316582923,10980,4
09/15/2026,14:14:21,774.88,796.0,2.6532663316582923,10981,4
09/15/2026,14:14:21,774.88,796.0,2.6532663316582923,10982,3
09/15/2026,14:14:21,774.88,796.0,2.6532663316582923,10983,3
09/15/2026,14:14:21,774.88,796.0,2.6532663316582923,10984,1
09/15/2026,14:14:21,774.88,796.0,2.6532663316582923,10985,0
09/15/2026,14:14:21,774.88,796.0,2.6532663316582923,10986,3
09/15/2026,14:14:21,774.88,796.0,2.6532663316582923,10987,3
09/15/2026,14:14:21,774.88,796.0,2.6532663316582923,10988,5
09/15/2026,14:14:21,774.88,796.0,2.6532663316582923,10989,2
09/15/2026,14:14:21,774.88,796.0,2.6532663316582923,10990,2
09/15/2026,14:14:21,774.88,796.0,2.6532663316582923,10991,4
09/15/2026,14:14:21,774.88,796.0,2.6532663316582923,10992,3
09/15/2026,14:14:21,774.88,796.0,2.6532663316582923,10993,6
09/15/2026,14:14:21,774.88,796.0,2.6532663316582923,10994,2
09/15/2026,14:14:21,774.88,796.0,2.6532663316582923,10995,4
09/15/2026,14:14:21,774.88,796.0,2.6532663316582923,10996,0
09/15/2026,14:14:21,774.88,796.0,2.6532663316582923,10997,4
09/15/2026,14:14:21,774.88,796.0,2.6532663316582923,10998,4
09/15/2026,14:14:21,774.88,796.0,2.6532663316582923,10999,6
09/15/2026,14:14:21,774.88,796.0,2.6532663316582923,11000,0
09/15/2026,14:14:21,774.88,796.0,2.6532663316582923,11001,1
09/15/2026,14:14:21,774.88,796.0,2.6532663316582923,11002,10
09/15/2026,14:14:21,774.88,796.0,2.6532663316582923,11003,4
09/15/2026,14:14:21,774.88,796.0,2.6532663316582923,11004,2
09/15/2026,14:14:21,774.88,796.0,2.6532663316582923,11005,2
09/15/2026,14:14:21,774.88,796.0,2.6532663316582923,11006,4
09/15/2026,14:14:21,774.88,796.0,2.6532663316582923,11007,3
09/15/2026,14:14:21,774.88,796.0,2.6532663316582923,11008,1
09/15/2026,14:14:21,774.88,796.0,2.6532663316582923,11009,2
09/15/2026,14:14:21,774.88,796.0,2.6532663316582923,11010,2
09/15/2026,14:14:21,774.88,796.0,2.6532663316582923,11011,2
09/15/2026,14:14:21,774.88,796.0,2.6532663316582923,11012,3
09/15/2026,14:14:21,774.88,796.0,2.6532663316582923,11013,1
09/15/2026,14:14:21,774.88,796.0,2.6532663316582923,11014,1
09/15/2026,14:14:21,774.88,796.0,2.6532663316582923,11015,3
09/15/2026,14:14:21,774.88,796.0,2.6532663316582923,11016,4
09/15/2026,14:14:21,774.88,796.0,2.6532663316582923,11017,2
09/15/2026,14:14:21,774.88,796.0,2.6532663316582923,11018,0
09/15/2026,14:14:21,774.88,796.0,2.6532663316582923,11019,1
09/15/2026,14:14:21,774.88,796.0,2.6532663316582923,11020,2
09/15/2026,14:14:21,774.88,796.0,2.6532663316582923,11021,2
09/15/2026,14:14:21,774.88,796.0,2.6532663316582923,11022,3
09/15/2026,14:14:21,774.88,796.0,2.6532663316582923,11023,2
09/15/2026,14:14:21,774.88,796.0,2.6532663316582923,11024,1
09/15/2026,14:14:21,774.88,796.0,2.6532663316582923,11025,2
09/15/2026,14:14:21,774.88,796.0,2.6532663316582923,11026,3
09/15/2026,14:14:21,774.88,796.0,2.6532663316582923,11027,2
09/15/2026,14:14:21,774.88,796.0,2.6532663316582923,11028,6
09/15/2026,14:14:21,774.88,796.0,2.6532663316582923,11029,3
09/15/2026,14:14:21,774.88,796.0,2.6532663316582923,11030,0
09/15/2026,14:14:21,774.88,796.0,2.6532663316582923,11031,2
09/15/2026,14:14:21,774.88,796.0,2.6532663316582923,11032,2
09/15/2026,14:14:21,774.88,796.0,2.6532663316582923,11033,1
09/15/2026,14:14:21,774.88,796.0,2.6532663316582923,11034,4
09/15/2026,14:14:21,774.88,796.0,2.6532663316582923,11035,2
09/15/2026,14:14:21,774.88,796.0,2.6532663316582923,11036,0
09/15/2026,14:14:21,774.88,796.0,2.6532663316582923,11037,4
09/15/2026,14:14:21,774.88,796.0,2.6532663316582923,11038,3
09/15/2026,14:14:21,774.88,796.0,2.6532663316582923,11039,2
09/15/2026,14:14:21,774.88,796.0,2.6532663316582923,11040,3
09/15/2026,14:14:21,774.88,796.0,2.6532663316582923,11041,6
09/15/2026,14:14:21,774.88,796.0,2.6532663316582923,11042,1
09/15/2026,14:14:21,774.88,796.0,2.6532663316582923,11043,3
09/15/2026,14:14:21,774.88,796.0,2.6532663316582923,11044,2
09/15/2026,14:14:21,774.88,796.0,2.6532663316582923,11045,2
09/15/2026,14:14:21,774.88,796.0,2.6532663316582923,11046,0
09/15/2026,14:14:21,774.88,796.0,2.6532663316582923,11047,1
09/15/2026,14:14:21,774.88,796.0,2.6532663316582923,11048,0
09/15/2026,14:14:21,774.88,796.0,2.6532663316582923,11049,3
09/15/2026,14:14:21,774.88,796.0,2.6532663316582923,11050,3
09/15/2026,14:14:21,774.88,796.0,2.6532663316582923,11051,1
09/15/2026,14:14:21,774.88,796.0,2.6532663316582923,11052,4
09/15/2026,14:14:21,774.88,796.0,2.6532663316582923,11053,0
09/15/2026,14:14:21,774.88,796.0,2.6532663316582923,11054,4
09/15/2026,14:14:21,774.88,796.0,2.6532663316582923,11055,4
09/15/2026,14:14:21,774.88,796.0,2.6532663316582923,11056,3
09/15/2026,14:14:21,774.88,796.0,2.6532663316582923,11057,2
09/15/2026,14:14:21,774.88,796.0,2.6532663316582923,11058,4
09/15/2026,14:14:21,774.88,796.0,2.6532663316582923,11059,0
09/15/2026,14:14:21,774.88,796.0,2.6532663316582923,11060,4
09/15/2026,14:14:21,774.88,796.0,2.6532663316582923,11061,3
09/15/2026,14:14:21,774.88,796.0,2.6532663316582923,11062,3
09/15/2026,14:14:21,774.88,796.0,2.6532663316582923,11063,2
09/15/2026,14:14:21,774.88,796.0,2.6532663316582923,11064,0
09/15/2026,14:14:21,774.88,796.0,2.6532663316582923,11065,0
09/15/2026,14:14:21,774.88,796.0,2.6532663316582923,11066,2
09/15/2026,14:14:21,774.88,796.0,2.6532663316582923,11067,2
09/15/2026,14:14:21,774.88,796.0,2.6532663316582923,11068,0
09/15/2026,14:14:21,774.88,796.0,2.6532663316582923,11069,3
09/15/2026,14:14:21,774.88,796.0,2.6532663316582923,11070,2
09/15/2026,14:14:21,774.88,796.0,2.6532663316582923,11071,2
09/15/2026,14:14:21,774.88,796.0,2.6532663316582923,11072,4
09/15/2026,14:14:21,774.88,796.0,2.6532663316582923,11073,4
09/15/2026,14:14:21,774.88,796.0,2.6532663316582923,11074,2
09/15/2026,14:14:21,774.88,796.0,2.6532663316582923,11075,1
09/15/2026,14:14:21,774.88,796.0,2.6532663316582923,11076,2
09/15/2026,14:14:21,774.88,796.0,2.6532663316582923,11077,1
09/15/2026,14:14:21,774.88,796.0,2.6532663316582923,11078,2
09/15/2026,14:14:21,774.88,796.0,2.6532663316582923,11079,4
09/15/2026,14:14:21,774.88,796.0,2.6532663316582923,11080,0
09/15/2026,14:14:21,774.88,796.0,2.6532663316582923,11081,4
09/15/2026,14:14:21,774.88,796.0,2.6532663316582923,11082,1
09/15/2026,14:14:21,774.88,796.0,2.6532663316582923,11083,1
09/15/2026,14:14:21,774.88,796.0,2.6532663316582923,11084,2
09/15/2026,14:14:21,774.88,796.0,2.6532663316582923,11085,4
09/15/2026,14:14:21,774.88,796.0,2.6532663316582923,11086,4
09/15/2026,14:14:21,774.88,796.0,2.6532663316582923,11087,1
09/15/2026,14:14:21,774.88,796.0,2.6532663316582923,11088,2
09/15/2026,14:14:21,774.88,796.0,2.6532663316582923,11089,0
09/15/2026,14:14:21,774.88,796.0,2.6532663316582923,11090,2
09/15/2026,14:14:21,774.88,796.0,2.6532663316582923,11091,3
09/15/2026,14:14:21,774.88,796.0,2.6532663316582923,11092,4
09/15/2026,14:14:21,774.88,796.0,2.6532663316582923,11093,1
09/15/2026,14:14:21,774.88,796.0,2.6532663316582923,11094,2
09/15/2026,14:14:21,774.88,796.0,2.6532663316582923,11095,1
09/15/2026,14:14:21,774.88,796.0,2.6532663316582923,11096,4
09/15/2026,14:14:21,774.88,796.0,2.6532663316582923,11097,3
09/15/2026,14:14:21,774.88,796.0,2.6532663316582923,11098,2
09/15/2026,14:14:21,774.88,796.0,2.6532663316582923,11099,1
09/15/2026,14:14:21,774.88,796.0,2.6532663316582923,11100,6
09/15/2026,14:14:21,774.88,796.0,2.6532663316582923,11101,0
09/15/2026,14:14:21,774.88,796.0,2.6532663316582923,11102,3
09/15/2026,14:14:21,774.88,796.0,2.6532663316582923,11103,5
09/15/2026,14:14:21,774.88,796.0,2.6532663316582923,11104,3
09/15/2026,14:14:21,774.88,796.0,2.6532663316582923,11105,5
09/15/2026,14:14:21,774.88,796.0,2.6532663316582923,11106,0
09/15/2026,14:14:21,774.88,796.0,2.6532663316582923,11107,2
09/15/2026,14:14:21,774.88,796.0,2.6532663316582923,11108,5
09/15/2026,14:14:21,774.88,796.0,2.6532663316582923,11109,2
09/15/2026,14:14:21,774.88,796.0,2.6532663316582923,11110,2
09/15/2026,14:14:21,774.88,796.0,2.6532663316582923,11111,0
09/15/2026,14:14:21,774.88,796.0,2.6532663316582923,11112,1
09/15/2026,14:14:21,774.88,796.0,2.6532663316582923,11113,1
09/15/2026,14:14:21,774.88,796.0,2.6532663316582923,11114,3
09/15/2026,14:14:21,774.88,796.0,2.6532663316582923,11115,2
09/15/2026,14:14:21,774.88,796.0,2.6532663316582923,11116,5
09/15/2026,14:14:21,774.88,796.0,2.6532663316582923,11117,3
09/15/2026,14:14:21,774.88,796.0,2.6532663316582923,11118,0
09/15/2026,14:14:21,774.88,796.0,2.6532663316582923,11119,0
09/15/2026,14:14:21,774.88,796.0,2.6532663316582923,11120,0
09/15/2026,14:14:21,774.88,796.0,2.6532663316582923,11121,5
09/15/2026,14:14:21,774.88,796.0,2.6532663316582923,11122,1
09/15/2026,14:14:21,774.88,796.0,2.6532663316582923,11123,4
09/15/2026,14:14:21,774.88,796.0,2.6532663316582923,11124,4
09/15/2026,14:14:21,774.88,796.0,2.6532663316582923,11125,2
09/15/2026,14:14:21,774.88,796.0,2.6532663316582923,11126,2
09/15/2026,14:14:21,774.88,796.0,2.6532663316582923,11127,0
09/15/2026,14:14:21,774.88,796.0,2.6532663316582923,11128,1
09/15/2026,14:14:21,774.88,796.0,2.6532663316582923,11129,4
09/15/2026,14:14:21,774.88,796.0,2.6532663316582923,11130,1
09/15/2026,14:14:21,774.88,796.0,2.6532663316582923,11131,2
09/15/2026,14:14:21,774.88,796.0,2.6532663316582923,11132,2
09/15/2026,14:14:21,774.88,796.0,2.6532663316582923,11133,1
09/15/2026,14:14:21,774.88,796.0,2.6532663316582923,11134,0
09/15/2026,14:14:21,774.88,796.0,2.6532663316582923,11135,3
09/15/2026,14:14:21,774.88,796.0,2.6532663316582923,11136,2
09/15/2026,14:14:21,774.88,796.0,2.6532663316582923,11137,1
09/15/2026,14:14:21,774.88,796.0,2.6532663316582923,11138,0
09/15/2026,14:14:21,774.88,796.0,2.6532663316582923,11139,2
09/15/2026,14:14:21,774.88,796.0,2.6532663316582923,11140,3
09/15/2026,14:14:21,774.88,796.0,2.6532663316582923,11141,0
09/15/2026,14:14:21,774.88,796.0,2.6532663316582923,11142,1
09/15/2026,14:14:21,774.88,796.0,2.6532663316582923,11143,1
09/15/2026,14:14:21,774.88,796.0,2.6532663316582923,11144,1
09/15/2026,14:14:21,774.88,796.0,2.6532663316582923,11145,0
09/15/2026,14:14:21,774.88,796.0,2.6532663316582923,11146,2
09/15/2026,14:14:21,774.88,796.0,2.6532663316582923,11147,1
09/15/2026,14:14:21,774.88,796.0,2.6532663316582923,11148,2
09/15/2026,14:14:21,774.88,796.0,2.6532663316582923,11149,2
09/15/2026,14:14:21,774.88,796.0,2.6532663316582923,11150,2
09/15/2026,14:14:21,774.88,796.0,2.6532663316582923,11151,0
09/15/2026,14:14:21,774.88,796.0,2.6532663316582923,11152,2
09/15/2026,14:14:21,774.88,796.0,2.6532663316582923,11153,4
09/15/2026,14:14:21,774.88,796.0,2.6532663316582923,11154,5
09/15/2026,14:14:21,774.88,796.0,2.6532663316582923,11155,1
09/15/2026,14:14:21,774.88,796.0,2.6532663316582923,11156,2
09/15/2026,14:14:21,774.88,796.0,2.6532663316582923,11157,3
09/15/2026,14:14:21,774.88,796.0,2.6532663316582923,11158,1
09/15/2026,14:14:21,774.88,796.0,2.6532663316582923,11159,3
09/15/2026,14:14:21,774.88,796.0,2.6532663316582923,11160,2
09/15/2026,14:14:21,774.88,796.0,2.6532663316582923,11161,2
09/15/2026,14:14:21,774.88,796.0,2.6532663316582923,11162,2
09/15/2026,14:14:21,774.88,796.0,2.6532663316582923,11163,3
09/15/2026,14:14:21,774.88,796.0,2.6532663316582923,11164,1
09/15/2026,14:14:21,774.88,796.0,2.6532663316582923,11165,0
09/15/2026,14:14:21,774.88,796.0,2.6532663316582923,11166,0
09/15/2026,14:14:21,774.88,796.0,2.6532663316582923,11167,1
09/15/2026,14:14:21,774.88,796.0,2.6532663316582923,11168,5
09/15/2026,14:14:21,774.88,796.0,2.6532663316582923,11169,1
09/15/2026,14:14:21,774.88,796.0,2.6532663316582923,11170,1
09/15/2026,14:14:21,774.88,796.0,2.6532663316582923,11171,2
09/15/2026,14:14:21,774.88,796.0,2.6532663316582923,11172,1
09/15/2026,14:14:21,774.88,796.0,2.6532663316582923,11173,2
09/15/2026,14:14:21,774.88,796.0,2.6532663316582923,11174,3
09/15/2026,14:14:21,774.88,796.0,2.6532663316582923,11175,2
09/15/2026,14:14:21,774.88,796.0,2.6532663316582923,11176,0
09/15/2026,14:14:21,774.88,796.0,2.6532663316582923,11177,2
09/15/2026,14:14:21,774.88,796.0,2.6532663316582923,11178,1
09/15/2026,14:14:21,774.88,796.0,2.6532663316582923,11179,1
09/15/2026,14:14:21,774.88,796.0,2.6532663316582923,11180,3
09/15/2026,14:14:21,774.88,796.0,2.6532663316582923,11181,2
09/15/2026,14:14:21,774.88,796.0,2.6532663316582923,11182,1
09/15/2026,14:14:21,774.88,796.0,2.6532663316582923,11183,1
09/15/2026,14:14:21,774.88,796.0,2.6532663316582923,11184,0
09/15/2026,14:14:21,774.88,796.0,2.6532663316582923,11185,2
09/15/2026,14:14:21,774.88,796.0,2.6532663316582923,11186,1
09/15/2026,14:14:21,774.88,796.0,2.6532663316582923,11187,1
09/15/2026,14:14:21,774.88,796.0,2.6532663316582923,11188,1
09/15/2026,14:14:21,774.88,796.0,2.6532663316582923,11189,3
09/15/2026,14:14:21,774.88,796.0,2.6532663316582923,11190,2
09/15/2026,14:14:21,774.88,796.0,2.6532663316582923,11191,2
09/15/2026,14:14:21,774.88,796.0,2.6532663316582923,11192,0
09/15/2026,14:14:21,774.88,796.0,2.6532663316582923,11193,2
09/15/2026,14:14:21,774.88,796.0,2.6532663316582923,11194,3
09/15/2026,14:14:21,774.88,796.0,2.6532663316582923,11195,1
09/15/2026,14:14:21,774.88,796.0,2.6532663316582923,11196,0
09/15/2026,14:14:21,774.88,796.0,2.6532663316582923,11197,4
09/15/2026,14:14:21,774.88,796.0,2.6532663316582923,11198,1
09/15/2026,14:14:21,774.88,796.0,2.6532663316582923,11199,5
09/15/2026,14:14:21,774.88,796.0,2.6532663316582923,11200,1
09/15/2026,14:14:21,774.88,796.0,2.6532663316582923,11201,0
09/15/2026,14:14:21,774.88,796.0,2.6532663316582923,11202,0
09/15/2026,14:14:21,774.88,796.0,2.6532663316582923,11203,1
09/15/2026,14:14:21,774.88,796.0,2.6532663316582923,11204,2
09/15/2026,14:14:21,774.88,796.0,2.6532663316582923,11205,1
09/15/2026,14:14:21,774.88,796.0,2.6532663316582923,11206,2
09/15/2026,14:14:21,774.88,796.0,2.6532663316582923,11207,0
09/15/2026,14:14:21,774.88,796.0,2.6532663316582923,11208,0
09/15/2026,14:14:21,774.88,796.0,2.6532663316582923,11209,3
09/15/2026,14:14:21,774.88,796.0,2.6532663316582923,11210,1
09/15/2026,14:14:21,774.88,796.0,2.6532663316582923,11211,0
09/15/2026,14:14:21,774.88,796.0,2.6532663316582923,11212,1
09/15/2026,14:14:21,774.88,796.0,2.6532663316582923,11213,0
09/15/2026,14:14:21,774.88,796.0,2.6532663316582923,11214,2
09/15/2026,14:14:21,774.88,796.0,2.6532663316582923,11215,1
09/15/2026,14:14:21,774.88,796.0,2.6532663316582923,11216,2
09/15/2026,14:14:21,774.88,796.0,2.6532663316582923,11217,1
09/15/2026,14:14:21,774.88,796.0,2.6532663316582923,11218,1
09/15/2026,14:14:21,774.88,796.0,2.6532663316582923,11219,2
09/15/2026,14:14:21,774.88,796.0,2.6532663316582923,11220,1
09/15/2026,14:14:21,774.88,796.0,2.6532663316582923,11221,1
09/15/2026,14:14:21,774.88,796.0,2.6532663316582923,11222,1
09/15/2026,14:14:21,774.88,796.0,2.6532663316582923,11223,1
09/15/2026,14:14:21,774.88,796.0,2.6532663316582923,11224,1
09/15/2026,14:14:21,774.88,796.0,2.6532663316582923,11225,3
09/15/2026,14:14:21,774.88,796.0,2.6532663316582923,11226,5
09/15/2026,14:14:21,774.88,796.0,2.6532663316582923,11227,1
09/15/2026,14:14:21,774.88,796.0,2.6532663316582923,11228,4
09/15/2026,14:14:21,774.88,796.0,2.6532663316582923,11229,2
09/15/2026,14:14:21,774.88,796.0,2.6532663316582923,11230,0
09/15/2026,14:14:21,774.88,796.0,2.6532663316582923,11231,2
09/15/2026,14:14:21,774.88,796.0,2.6532663316582923,11232,3
09/15/2026,14:14:21,774.88,796.0,2.6532663316582923,11233,1
09/15/2026,14:14:21,774.88,796.0,2.6532663316582923,11234,0
09/15/2026,14:14:21,774.88,796.0,2.6532663316582923,11235,2
09/15/2026,14:14:21,774.88,796.0,2.6532663316582923,11236,4
09/15/2026,14:14:21,774.88,796.0,2.6532663316582923,11237,0
09/15/2026,14:14:21,774.88,796.0,2.6532663316582923,11238,1
09/15/2026,14:14:21,774.88,796.0,2.6532663316582923,11239,1
09/15/2026,14:14:21,774.88,796.0,2.6532663316582923,11240,2
09/15/2026,14:14:21,774.88,796.0,2.6532663316582923,11241,0
09/15/2026,14:14:21,774.88,796.0,2.6532663316582923,11242,0
09/15/2026,14:14:21,774.88,796.0,2.6532663316582923,11243,2
09/15/2026,14:14:21,774.88,796.0,2.6532663316582923,11244,2
09/15/2026,14:14:21,774.88,796.0,2.6532663316582923,11245,1
09/15/2026,14:14:21,774.88,796.0,2.6532663316582923,11246,1
09/15/2026,14:14:21,774.88,796.0,2.6532663316582923,11247,1
09/15/2026,14:14:21,774.88,796.0,2.6532663316582923,11248,1
09/15/2026,14:14:21,774.88,796.0,2.6532663316582923,11249,0
09/15/2026,14:14:21,774.88,796.0,2.6532663316582923,11250,1
09/15/2026,14:14:21,774.88,796.0,2.6532663316582923,11251,2
09/15/2026,14:14:21,774.88,796.0,2.6532663316582923,11252,2
09/15/2026,14:14:21,774.88,796.0,2.6532663316582923,11253,4
09/15/2026,14:14:21,774.88,796.0,2.6532663316582923,11254,0
09/15/2026,14:14:21,774.88,796.0,2.6532663316582923,11255,2
09/15/2026,14:14:21,774.88,796.0,2.6532663316582923,11256,1
09/15/2026,14:14:21,774.88,796.0,2.6532663316582923,11257,0
09/15/2026,14:14:21,774.88,796.0,2.6532663316582923,11258,1
09/15/2026,14:14:21,774.88,796.0,2.6532663316582923,11259,3
09/15/2026,14:14:21,774.88,796.0,2.6532663316582923,11260,0
09/15/2026,14:14:21,774.88,796.0,2.6532663316582923,11261,1
09/15/2026,14:14:21,774.88,796.0,2.6532663316582923,11262,0
09/15/2026,14:14:21,774.88,796.0,2.6532663316582923,11263,0
09/15/2026,14:14:21,774.88,796.0,2.6532663316582923,11264,2
09/15/2026,14:14:21,774.88,796.0,2.6532663316582923,11265,0
09/15/2026,14:14:21,774.88,796.0,2.6532663316582923,11266,2
09/15/2026,14:14:21,774.88,796.0,2.6532663316582923,11267,2
09/15/2026,14:14:21,774.88,796.0,2.6532663316582923,11268,1
09/15/2026,14:14:21,774.88,796.0,2.6532663316582923,11269,2
09/15/2026,14:14:21,774.88,796.0,2.6532663316582923,11270,2
09/15/2026,14:14:21,774.88,796.0,2.6532663316582923,11271,1
09/15/2026,14:14:21,774.88,796.0,2.6532663316582923,11272,1
09/15/2026,14:14:21,774.88,796.0,2.6532663316582923,11273,4
09/15/2026,14:14:21,774.88,796.0,2.6532663316582923,11274,0
09/15/2026,14:14:21,774.88,796.0,2.6532663316582923,11275,1
09/15/2026,14:14:21,774.88,796.0,2.6532663316582923,11276,0
09/15/2026,14:14:21,774.88,796.0,2.6532663316582923,11277,0
09/15/2026,14:14:21,774.88,796.0,2.6532663316582923,11278,1
09/15/2026,14:14:21,774.88,796.0,2.6532663316582923,11279,2
09/15/2026,14:14:21,774.88,796.0,2.6532663316582923,11280,2
09/15/2026,14:14:21,774.88,796.0,2.6532663316582923,11281,0
09/15/2026,14:14:21,774.88,796.0,2.6532663316582923,11282,2
09/15/2026,14:14:21,774.88,796.0,2.6532663316582923,11283,1
09/15/2026,14:14:21,774.88,796.0,2.6532663316582923,11284,2
09/15/2026,14:14:21,774.88,796.0,2.6532663316582923,11285,2
09/15/2026,14:14:21,774.88,796.0,2.6532663316582923,11286,0
09/15/2026,14:14:21,774.88,796.0,2.6532663316582923,11287,1
09/15/2026,14:14:21,774.88,796.0,2.6532663316582923,11288,0
09/15/2026,14:14:21,774.88,796.0,2.6532663316582923,11289,1
09/15/2026,14:14:21,774.88,796.0,2.6532663316582923,11290,0
09/15/2026,14:14:21,774.88,796.0,2.6532663316582923,11291,0
09/15/2026,14:14:21,774.88,796.0,2.6532663316582923,11292,1
09/15/2026,14:14:21,774.88,796.0,2.6532663316582923,11293,1
09/15/2026,14:14:21,774.88,796.0,2.6532663316582923,11294,2
09/15/2026,14:14:21,774.88,796.0,2.6532663316582923,11295,1
09/15/2026,14:14:21,774.88,796.0,2.6532663316582923,11296,1
09/15/2026,14:14:21,774.88,796.0,2.6532663316582923,11297,1
09/15/2026,14:14:21,774.88,796.0,2.6532663316582923,11298,1
09/15/2026,14:14:21,774.88,796.0,2.6532663316582923,11299,0
09/15/2026,14:14:21,774.88,796.0,2.6532663316582923,11300,1
09/15/2026,14:14:21,774.88,796.0,2.6532663316582923,11301,1
09/15/2026,14:14:21,774.88,796.0,2.6532663316582923,11302,0
09/15/2026,14:14:21,774.88,796.0,2.6532663316582923,11303,1
09/15/2026,14:14:21,774.88,796.0,2.6532663316582923,11304,0
09/15/2026,14:14:21,774.88,796.0,2.6532663316582923,11305,2
09/15/2026,14:14:21,774.88,796.0,2.6532663316582923,11306,0
09/15/2026,14:14:21,774.88,796.0,2.6532663316582923,11307,2
09/15/2026,14:14:21,774.88,796.0,2.6532663316582923,11308,1
09/15/2026,14:14:21,774.88,796.0,2.6532663316582923,11309,3
09/15/2026,14:14:21,774.88,796.0,2.6532663316582923,11310,1
09/15/2026,14:14:21,774.88,796.0,2.6532663316582923,11311,1
09/15/2026,14:14:21,774.88,796.0,2.6532663316582923,11312,2
09/15/2026,14:14:21,774.88,796.0,2.6532663316582923,11313,0
09/15/2026,14:14:21,774.88,796.0,2.6532663316582923,11314,1
09/15/2026,14:14:21,774.88,796.0,2.6532663316582923,11315,2
09/15/2026,14:14:21,774.88,796.0,2.6532663316582923,11316,2
09/15/2026,14:14:21,774.88,796.0,2.6532663316582923,11317,0
09/15/2026,14:14:21,774.88,796.0,2.6532663316582923,11318,1
09/15/2026,14:14:21,774.88,796.0,2.6532663316582923,11319,1
09/15/2026,14:14:21,774.88,796.0,2.6532663316582923,11320,1
09/15/2026,14:14:21,774.88,796.0,2.6532663316582923,11321,1
09/15/2026,14:14:21,774.88,796.0,2.6532663316582923,11322,2
09/15/2026,14:14:21,774.88,796.0,2.6532663316582923,11323,0
09/15/2026,14:14:21,774.88,796.0,2.6532663316582923,11324,0
09/15/2026,14:14:21,774.88,796.0,2.6532663316582923,11325,1
09/15/2026,14:14:21,774.88,796.0,2.6532663316582923,11326,0
09/15/2026,14:14:21,774.88,796.0,2.6532663316582923,11327,3
09/15/2026,14:14:21,774.88,796.0,2.6532663316582923,11328,1
09/15/2026,14:14:21,774.88,796.0,2.6532663316582923,11329,1
09/15/2026,14:14:21,774.88,796.0,2.6532663316582923,11330,0
09/15/2026,14:14:21,774.88,796.0,2.6532663316582923,11331,0
09/15/2026,14:14:21,774.88,796.0,2.6532663316582923,11332,1
09/15/2026,14:14:21,774.88,796.0,2.6532663316582923,11333,1
09/15/2026,14:14:21,774.88,796.0,2.6532663316582923,11334,2
09/15/2026,14:14:21,774.88,796.0,2.6532663316582923,11335,0
09/15/2026,14:14:21,774.88,796.0,2.6532663316582923,11336,2
09/15/2026,14:14:21,774.88,796.0,2.6532663316582923,11337,1
09/15/2026,14:14:21,774.88,796.0,2.6532663316582923,11338,2
09/15/2026,14:14:21,774.88,796.0,2.6532663316582923,11339,2
09/15/2026,14:14:21,774.88,796.0,2.6532663316582923,11340,0
09/15/2026,14:14:21,774.88,796.0,2.6532663316582923,11341,1
09/15/2026,14:14:21,774.88,796.0,2.6532663316582923,11342,1
09/15/2026,14:14:21,774.88,796.0,2.6532663316582923,11343,4
09/15/2026,14:14:21,774.88,796.0,2.6532663316582923,11344,0
09/15/2026,14:14:21,774.88,796.0,2.6532663316582923,11345,1
09/15/2026,14:14:21,774.88,796.0,2.6532663316582923,11346,1
09/15/2026,14:14:21,774.88,796.0,2.6532663316582923,11347,1
09/15/2026,14:14:21,774.88,796.0,2.6532663316582923,11348,2
09/15/2026,14:14:21,774.88,796.0,2.6532663316582923,11349,1
09/15/2026,14:14:21,774.88,796.0,2.6532663316582923,11350,0
09/15/2026,14:14:21,774.88,796.0,2.6532663316582923,11351,0
09/15/2026,14:14:21,774.88,796.0,2.6532663316582923,11352,1
09/15/2026,14:14:21,774.88,796.0,2.6532663316582923,11353,0
09/15/2026,14:14:21,774.88,796.0,2.6532663316582923,11354,0
09/15/2026,14:14:21,774.88,796.0,2.6532663316582923,11355,1
09/15/2026,14:14:21,774.88,796.0,2.6532663316582923,11356,2
09/15/2026,14:14:21,774.88,796.0,2.6532663316582923,11357,1
09/15/2026,14:14:21,774.88,796.0,2.6532663316582923,11358,1
09/15/2026,14:14:21,774.88,796.0,2.6532663316582923,11359,1
09/15/2026,14:14:21,774.88,796.0,2.6532663316582923,11360,1
09/15/2026,14:14:21,774.88,796.0,2.6532663316582923,11361,0
09/15/2026,14:14:21,774.88,796.0,2.6532663316582923,11362,0
09/15/2026,14:14:21,774.88,796.0,2.6532663316582923,11363,2
09/15/2026,14:14:21,774.88,796.0,2.6532663316582923,11364,1
09/15/2026,14:14:21,774.88,796.0,2.6532663316582923,11365,3
09/15/2026,14:14:21,774.88,796.0,2.6532663316582923,11366,3
09/15/2026,14:14:21,774.88,796.0,2.6532663316582923,11367,0
09/15/2026,14:14:21,774.88,796.0,2.6532663316582923,11368,0
09/15/2026,14:14:21,774.88,796.0,2.6532663316582923,11369,0
09/15/2026,14:14:21,774.88,796.0,2.6532663316582923,11370,1
09/15/2026,14:14:21,774.88,796.0,2.6532663316582923,11371,3
09/15/2026,14:14:21,774.88,796.0,2.6532663316582923,11372,0
09/15/2026,14:14:21,774.88,796.0,2.6532663316582923,11373,2
09/15/2026,14:14:21,774.88,796.0,2.6532663316582923,11374,1
09/15/2026,14:14:21,774.88,796.0,2.6532663316582923,11375,1
09/15/2026,14:14:21,774.88,796.0,2.6532663316582923,11376,1
09/15/2026,14:14:21,774.88,796.0,2.6532663316582923,11377,1
09/15/2026,14:14:21,774.88,796.0,2.6532663316582923,11378,0
09/15/2026,14:14:21,774.88,796.0,2.6532663316582923,11379,4
09/15/2026,14:14:21,774.88,796.0,2.6532663316582923,11380,0
09/15/2026,14:14:21,774.88,796.0,2.6532663316582923,11381,2
09/15/2026,14:14:21,774.88,796.0,2.6532663316582923,11382,2
09/15/2026,14:14:21,774.88,796.0,2.6532663316582923,11383,0
09/15/2026,14:14:21,774.88,796.0,2.6532663316582923,11384,0
09/15/2026,14:14:21,774.88,796.0,2.6532663316582923,11385,1
09/15/2026,14:14:21,774.88,796.0,2.6532663316582923,11386,2
09/15/2026,14:14:21,774.88,796.0,2.6532663316582923,11387,3
09/15/2026,14:14:21,774.88,796.0,2.6532663316582923,11388,1
09/15/2026,14:14:21,774.88,796.0,2.6532663316582923,11389,1
09/15/2026,14:14:21,774.88,796.0,2.6532663316582923,11390,2
09/15/2026,14:14:21,774.88,796.0,2.6532663316582923,11391,1
09/15/2026,14:14:21,774.88,796.0,2.6532663316582923,11392,1
09/15/2026,14:14:21,774.88,796.0,2.6532663316582923,11393,3
09/15/2026,14:14:21,774.88,796.0,2.6532663316582923,11394,0
09/15/2026,14:14:21,774.88,796.0,2.6532663316582923,11395,0
09/15/2026,14:14:21,774.88,796.0,2.6532663316582923,11396,0
09/15/2026,14:14:21,774.88,796.0,2.6532663316582923,11397,1
09/15/2026,14:14:21,774.88,796.0,2.6532663316582923,11398,0
09/15/2026,14:14:21,774.88,796.0,2.6532663316582923,11399,1
09/15/2026,14:14:21,774.88,796.0,2.6532663316582923,11400,2
09/15/2026,14:14:21,774.88,796.0,2.6532663316582923,11401,2
09/15/2026,14:14:21,774.88,796.0,2.6532663316582923,11402,1
09/15/2026,14:14:21,774.88,796.0,2.6532663316582923,11403,1
09/15/2026,14:14:21,774.88,796.0,2.6532663316582923,11404,1
09/15/2026,14:14:21,774.88,796.0,2.6532663316582923,11405,3
09/15/2026,14:14:21,774.88,796.0,2.6532663316582923,11406,0
09/15/2026,14:14:21,774.88,796.0,2.6532663316582923,11407,1
09/15/2026,14:14:21,774.88,796.0,2.6532663316582923,11408,1
09/15/2026,14:14:21,774.88,796.0,2.6532663316582923,11409,2
09/15/2026,14:14:21,774.88,796.0,2.6532663316582923,11410,1
09/15/2026,14:14:21,774.88,796.0,2.6532663316582923,11411,3
09/15/2026,14:14:21,774.88,796.0,2.6532663316582923,11412,0
09/15/2026,14:14:21,774.88,796.0,2.6532663316582923,11413,2
09/15/2026,14:14:21,774.88,796.0,2.6532663316582923,11414,1
09/15/2026,14:14:21,774.88,796.0,2.6532663316582923,11415,0
09/15/2026,14:14:21,774.88,796.0,2.6532663316582923,11416,0
09/15/2026,14:14:21,774.88,796.0,2.6532663316582923,11417,1
09/15/2026,14:14:21,774.88,796.0,2.6532663316582923,11418,0
09/15/2026,14:14:21,774.88,796.0,2.6532663316582923,11419,0
09/15/2026,14:14:21,774.88,796.0,2.6532663316582923,11420,0
09/15/2026,14:14:21,774.88,796.0,2.6532663316582923,11421,0
09/15/2026,14:14:21,774.88,796.0,2.6532663316582923,11422,1
09/15/2026,14:14:21,774.88,796.0,2.6532663316582923,11423,0
09/15/2026,14:14:21,774.88,796.0,2.6532663316582923,11424,3
09/15/2026,14:14:21,774.88,796.0,2.6532663316582923,11425,1
09/15/2026,14:14:21,774.88,796.0,2.6532663316582923,11426,0
09/15/2026,14:14:21,774.88,796.0,2.6532663316582923,11427,1
09/15/2026,14:14:21,774.88,796.0,2.6532663316582923,11428,2
09/15/2026,14:14:21,774.88,796.0,2.6532663316582923,11429,0
09/15/2026,14:14:21,774.88,796.0,2.6532663316582923,11430,1
09/15/2026,14:14:21,774.88,796.0,2.6532663316582923,11431,2
09/15/2026,14:14:21,774.88,796.0,2.6532663316582923,11432,0
09/15/2026,14:14:21,774.88,796.0,2.6532663316582923,11433,0
09/15/2026,14:14:21,774.88,796.0,2.6532663316582923,11434,1
09/15/2026,14:14:21,774.88,796.0,2.6532663316582923,11435,2
09/15/2026,14:14:21,774.88,796.0,2.6532663316582923,11436,0
09/15/2026,14:14:21,774.88,796.0,2.6532663316582923,11437,0
09/15/2026,14:14:21,774.88,796.0,2.6532663316582923,11438,1
09/15/2026,14:14:21,774.88,796.0,2.6532663316582923,11439,0
09/15/2026,14:14:21,774.88,796.0,2.6532663316582923,11440,0
09/15/2026,14:14:21,774.88,796.0,2.6532663316582923,11441,0
09/15/2026,14:14:21,774.88,796.0,2.6532663316582923,11442,0
09/15/2026,14:14:21,774.88,796.0,2.6532663316582923,11443,1
09/15/2026,14:14:21,774.88,796.0,2.6532663316582923,11444,0
09/15/2026,14:14:21,774.88,796.0,2.6532663316582923,11445,0
09/15/2026,14:14:21,774.88,796.0,2.6532663316582923,11446,1
09/15/2026,14:14:21,774.88,796.0,2.6532663316582923,11447,1
09/15/2026,14:14:21,774.88,796.0,2.6532663316582923,11448,0
09/15/2026,14:14:21,774.88,796.0,2.6532663316582923,11449,0
09/15/2026,14:14:21,774.88,796.0,2.6532663316582923,11450,1
09/15/2026,14:14:21,774.88,796.0,2.6532663316582923,11451,1
09/15/2026,14:14:21,774.88,796.0,2.6532663316582923,11452,2
09/15/2026,14:14:21,774.88,796.0,2.6532663316582923,11453,3
09/15/2026,14:14:21,774.88,796.0,2.6532663316582923,11454,1
09/15/2026,14:14:21,774.88,796.0,2.6532663316582923,11455,0
09/15/2026,14:14:21,774.88,796.0,2.6532663316582923,11456,0
09/15/2026,14:14:21,774.88,796.0,2.6532663316582923,11457,0
09/15/2026,14:14:21,774.88,796.0,2.6532663316582923,11458,1
09/15/2026,14:14:21,774.88,796.0,2.6532663316582923,11459,2
09/15/2026,14:14:21,774.88,796.0,2.6532663316582923,11460,1
09/15/2026,14:14:21,774.88,796.0,2.6532663316582923,11461,0
09/15/2026,14:14:21,774.88,796.0,2.6532663316582923,11462,0
09/15/2026,14:14:21,774.88,796.0,2.6532663316582923,11463,0
09/15/2026,14:14:21,774.88,796.0,2.6532663316582923,11464,3
09/15/2026,14:14:21,774.88,796.0,2.6532663316582923,11465,2
09/15/2026,14:14:21,774.88,796.0,2.6532663316582923,11466,0
09/15/2026,14:14:21,774.88,796.0,2.6532663316582923,11467,2
09/15/2026,14:14:21,774.88,796.0,2.6532663316582923,11468,0
09/15/2026,14:14:21,774.88,796.0,2.6532663316582923,11469,1
09/15/2026,14:14:21,774.88,796.0,2.6532663316582923,11470,0
09/15/2026,14:14:21,774.88,796.0,2.6532663316582923,11471,1
09/15/2026,14:14:21,774.88,796.0,2.6532663316582923,11472,1
09/15/2026,14:14:21,774.88,796.0,2.6532663316582923,11473,1
09/15/2026,14:14:21,774.88,796.0,2.6532663316582923,11474,2
09/15/2026,14:14:21,774.88,796.0,2.6532663316582923,11475,1
09/15/2026,14:14:21,774.88,796.0,2.6532663316582923,11476,1
09/15/2026,14:14:21,774.88,796.0,2.6532663316582923,11477,1
09/15/2026,14:14:21,774.88,796.0,2.6532663316582923,11478,2
09/15/2026,14:14:21,774.88,796.0,2.6532663316582923,11479,0
09/15/2026,14:14:21,774.88,796.0,2.6532663316582923,11480,1
09/15/2026,14:14:21,774.88,796.0,2.6532663316582923,11481,0
09/15/2026,14:14:21,774.88,796.0,2.6532663316582923,11482,0
09/15/2026,14:14:21,774.88,796.0,2.6532663316582923,11483,0
09/15/2026,14:14:21,774.88,796.0,2.6532663316582923,11484,0
09/15/2026,14:14:21,774.88,796.0,2.6532663316582923,11485,0
09/15/2026,14:14:21,774.88,796.0,2.6532663316582923,11486,1
09/15/2026,14:14:21,774.88,796.0,2.6532663316582923,11487,2
09/15/2026,14:14:21,774.88,796.0,2.6532663316582923,11488,2
09/15/2026,14:14:21,774.88,796.0,2.6532663316582923,11489,1
09/15/2026,14:14:21,774.88,796.0,2.6532663316582923,11490,1
09/15/2026,14:14:21,774.88,796.0,2.6532663316582923,11491,0
09/15/2026,14:14:21,774.88,796.0,2.6532663316582923,11492,0
09/15/2026,14:14:21,774.88,796.0,2.6532663316582923,11493,1
09/15/2026,14:14:21,774.88,796.0,2.6532663316582923,11494,0
09/15/2026,14:14:21,774.88,796.0,2.6532663316582923,11495,0
09/15/2026,14:14:21,774.88,796.0,2.6532663316582923,11496,0
09/15/2026,14:14:21,774.88,796.0,2.6532663316582923,11497,1
09/15/2026,14:14:21,774.88,796.0,2.6532663316582923,11498,2
09/15/2026,14:14:21,774.88,796.0,2.6532663316582923,11499,1
09/15/2026,14:14:21,774.88,796.0,2.6532663316582923,11500,0
09/15/2026,14:14:21,774.88,796.0,2.6532663316582923,11501,0
09/15/2026,14:14:21,774.88,796.0,2.6532663316582923,11502,0
09/15/2026,14:14:21,774.88,796.0,2.6532663316582923,11503,0
09/15/2026,14:14:21,774.88,796.0,2.6532663316582923,11504,0
09/15/2026,14:14:21,774.88,796.0,2.6532663316582923,11505,0
09/15/2026,14:14:21,774.88,796.0,2.6532663316582923,11506,1
09/15/2026,14:14:21,774.88,796.0,2.6532663316582923,11507,3
09/15/2026,14:14:21,774.88,796.0,2.6532663316582923,11508,3
09/15/2026,14:14:21,774.88,796.0,2.6532663316582923,11509,0
09/15/2026,14:14:21,774.88,796.0,2.6532663316582923,11510,2
09/15/2026,14:14:21,774.88,796.0,2.6532663316582923,11511,3
09/15/2026,14:14:21,774.88,796.0,2.6532663316582923,11512,0
09/15/2026,14:14:21,774.88,796.0,2.6532663316582923,11513,0
09/15/2026,14:14:21,774.88,796.0,2.6532663316582923,11514,1
09/15/2026,14:14:21,774.88,796.0,2.6532663316582923,11515,1
09/15/2026,14:14:21,774.88,796.0,2.6532663316582923,11516,0
09/15/2026,14:14:21,774.88,796.0,2.6532663316582923,11517,0
09/15/2026,14:14:21,774.88,796.0,2.6532663316582923,11518,1
09/15/2026,14:14:21,774.88,796.0,2.6532663316582923,11519,1
09/15/2026,14:14:21,774.88,796.0,2.6532663316582923,11520,2
09/15/2026,14:14:21,774.88,796.0,2.6532663316582923,11521,1
09/15/2026,14:14:21,774.88,796.0,2.6532663316582923,11522,0
09/15/2026,14:14:21,774.88,796.0,2.6532663316582923,11523,1
09/15/2026,14:14:21,774.88,796.0,2.6532663316582923,11524,1
09/15/2026,14:14:21,774.88,796.0,2.6532663316582923,11525,0
09/15/2026,14:14:21,774.88,796.0,2.6532663316582923,11526,1
09/15/2026,14:14:21,774.88,796.0,2.6532663316582923,11527,2
09/15/2026,14:14:21,774.88,796.0,2.6532663316582923,11528,2
09/15/2026,14:14:21,774.88,796.0,2.6532663316582923,11529,0
09/15/2026,14:14:21,774.88,796.0,2.6532663316582923,11530,0
09/15/2026,14:14:21,774.88,796.0,2.6532663316582923,11531,1
09/15/2026,14:14:21,774.88,796.0,2.6532663316582923,11532,1
09/15/2026,14:14:21,774.88,796.0,2.6532663316582923,11533,1
09/15/2026,14:14:21,774.88,796.0,2.6532663316582923,11534,0
09/15/2026,14:14:21,774.88,796.0,2.6532663316582923,11535,0
09/15/2026,14:14:21,774.88,796.0,2.6532663316582923,11536,3
09/15/2026,14:14:21,774.88,796.0,2.6532663316582923,11537,0
09/15/2026,14:14:21,774.88,796.0,2.6532663316582923,11538,0
09/15/2026,14:14:21,774.88,796.0,2.6532663316582923,11539,0
09/15/2026,14:14:21,774.88,796.0,2.6532663316582923,11540,1
09/15/2026,14:14:21,774.88,796.0,2.6532663316582923,11541,2
09/15/2026,14:14:21,774.88,796.0,2.6532663316582923,11542,0
09/15/2026,14:14:21,774.88,796.0,2.6532663316582923,11543,1
09/15/2026,14:14:21,774.88,796.0,2.6532663316582923,11544,0
09/15/2026,14:14:21,774.88,796.0,2.6532663316582923,11545,0
09/15/2026,14:14:21,774.88,796.0,2.6532663316582923,11546,0
09/15/2026,14:14:21,774.88,796.0,2.6532663316582923,11547,0
09/15/2026,14:14:21,774.88,796.0,2.6532663316582923,11548,1
09/15/2026,14:14:21,774.88,796.0,2.6532663316582923,11549,3
09/15/2026,14:14:21,774.88,796.0,2.6532663316582923,11550,2
09/15/2026,14:14:21,774.88,796.0,2.6532663316582923,11551,0
09/15/2026,14:14:21,774.88,796.0,2.6532663316582923,11552,0
09/15/2026,14:14:21,774.88,796.0,2.6532663316582923,11553,2
09/15/2026,14:14:21,774.88,796.0,2.6532663316582923,11554,4
09/15/2026,14:14:21,774.88,796.0,2.6532663316582923,11555,2
09/15/2026,14:14:21,774.88,796.0,2.6532663316582923,11556,1
09/15/2026,14:14:21,774.88,796.0,2.6532663316582923,11557,0
09/15/2026,14:14:21,774.88,796.0,2.6532663316582923,11558,0
09/15/2026,14:14:21,774.88,796.0,2.6532663316582923,11559,0
09/15/2026,14:14:21,774.88,796.0,2.6532663316582923,11560,1
09/15/2026,14:14:21,774.88,796.0,2.6532663316582923,11561,1
09/15/2026,14:14:21,774.88,796.0,2.6532663316582923,11562,0
09/15/2026,14:14:21,774.88,796.0,2.6532663316582923,11563,0
09/15/2026,14:14:21,774.88,796.0,2.6532663316582923,11564,1
09/15/2026,14:14:21,774.88,796.0,2.6532663316582923,11565,0
09/15/2026,14:14:21,774.88,796.0,2.6532663316582923,11566,1
09/15/2026,14:14:21,774.88,796.0,2.6532663316582923,11567,0
09/15/2026,14:14:21,774.88,796.0,2.6532663316582923,11568,0
09/15/2026,14:14:21,774.88,796.0,2.6532663316582923,11569,0
09/15/2026,14:14:21,774.88,796.0,2.6532663316582923,11570,1
09/15/2026,14:14:21,774.88,796.0,2.6532663316582923,11571,0
09/15/2026,14:14:21,774.88,796.0,2.6532663316582923,11572,1
09/15/2026,14:14:21,774.88,796.0,2.6532663316582923,11573,1
09/15/2026,14:14:21,774.88,796.0,2.6532663316582923,11574,2
09/15/2026,14:14:21,774.88,796.0,2.6532663316582923,11575,2
09/15/2026,14:14:21,774.88,796.0,2.6532663316582923,11576,1
09/15/2026,14:14:21,774.88,796.0,2.6532663316582923,11577,1
09/15/2026,14:14:21,774.88,796.0,2.6532663316582923,11578,0
09/15/2026,14:14:21,774.88,796.0,2.6532663316582923,11579,0
09/15/2026,14:14:21,774.88,796.0,2.6532663316582923,11580,0
09/15/2026,14:14:21,774.88,796.0,2.6532663316582923,11581,0
09/15/2026,14:14:21,774.88,796.0,2.6532663316582923,11582,0
09/15/2026,14:14:21,774.88,796.0,2.6532663316582923,11583,0
09/15/2026,14:14:21,774.88,796.0,2.6532663316582923,11584,1
09/15/2026,14:14:21,774.88,796.0,2.6532663316582923,11585,3
09/15/2026,14:14:21,774.88,796.0,2.6532663316582923,11586,0
09/15/2026,14:14:21,774.88,796.0,2.6532663316582923,11587,1
09/15/2026,14:14:21,774.88,796.0,2.6532663316582923,11588,0
09/15/2026,14:14:21,774.88,796.0,2.6532663316582923,11589,1
09/15/2026,14:14:21,774.88,796.0,2.6532663316582923,11590,0
09/15/2026,14:14:21,774.88,796.0,2.6532663316582923,11591,0
09/15/2026,14:14:21,774.88,796.0,2.6532663316582923,11592,1
09/15/2026,14:14:21,774.88,796.0,2.6532663316582923,11593,0
09/15/2026,14:14:21,774.88,796.0,2.6532663316582923,11594,1
09/15/2026,14:14:21,774.88,796.0,2.6532663316582923,11595,0
09/15/2026,14:14:21,774.88,796.0,2.6532663316582923,11596,1
09/15/2026,14:14:21,774.88,796.0,2.6532663316582923,11597,1
09/15/2026,14:14:21,774.88,796.0,2.6532663316582923,11598,1
09/15/2026,14:14:21,774.88,796.0,2.6532663316582923,11599,1
09/15/2026,14:14:21,774.88,796.0,2.6532663316582923,11600,1
09/15/2026,14:14:21,774.88,796.0,2.6532663316582923,11601,2
09/15/2026,14:14:21,774.88,796.0,2.6532663316582923,11602,0
09/15/2026,14:14:21,774.88,796.0,2.6532663316582923,11603,3
09/15/2026,14:14:21,774.88,796.0,2.6532663316582923,11604,1
09/15/2026,14:14:21,774.88,796.0,2.6532663316582923,11605,0
09/15/2026,14:14:21,774.88,796.0,2.6532663316582923,11606,1
09/15/2026,14:14:21,774.88,796.0,2.6532663316582923,11607,0
09/15/2026,14:14:21,774.88,796.0,2.6532663316582923,11608,1
09/15/2026,14:14:21,774.88,796.0,2.6532663316582923,11609,0
09/15/2026,14:14:21,774.88,796.0,2.6532663316582923,11610,1
09/15/2026,14:14:21,774.88,796.0,2.6532663316582923,11611,2
09/15/2026,14:14:21,774.88,796.0,2.6532663316582923,11612,2
09/15/2026,14:14:21,774.88,796.0,2.6532663316582923,11613,1
09/15/2026,14:14:21,774.88,796.0,2.6532663316582923,11614,1
09/15/2026,14:14:21,774.88,796.0,2.6532663316582923,11615,3
09/15/2026,14:14:21,774.88,796.0,2.6532663316582923,11616,0
09/15/2026,14:14:21,774.88,796.0,2.6532663316582923,11617,0
09/15/2026,14:14:21,774.88,796.0,2.6532663316582923,11618,3
09/15/2026,14:14:21,774.88,796.0,2.6532663316582923,11619,1
09/15/2026,14:14:21,774.88,796.0,2.6532663316582923,11620,0
09/15/2026,14:14:21,774.88,796.0,2.6532663316582923,11621,2
09/15/2026,14:14:21,774.88,796.0,2.6532663316582923,11622,1
09/15/2026,14:14:21,774.88,796.0,2.6532663316582923,11623,0
09/15/2026,14:14:21,774.88,796.0,2.6532663316582923,11624,0
09/15/2026,14:14:21,774.88,796.0,2.6532663316582923,11625,0
09/15/2026,14:14:21,774.88,796.0,2.6532663316582923,11626,0
09/15/2026,14:14:21,774.88,796.0,2.6532663316582923,11627,1
09/15/2026,14:14:21,774.88,796.0,2.6532663316582923,11628,0
09/15/2026,14:14:21,774.88,796.0,2.6532663316582923,11629,0
09/15/2026,14:14:21,774.88,796.0,2.6532663316582923,11630,0
09/15/2026,14:14:21,774.88,796.0,2.6532663316582923,11631,2
09/15/2026,14:14:21,774.88,796.0,2.6532663316582923,11632,0
09/15/2026,14:14:21,774.88,796.0,2.6532663316582923,11633,1
09/15/2026,14:14:21,774.88,796.0,2.6532663316582923,11634,0
09/15/2026,14:14:21,774.88,796.0,2.6532663316582923,11635,1
09/15/2026,14:14:21,774.88,796.0,2.6532663316582923,11636,3
09/15/2026,14:14:21,774.88,796.0,2.6532663316582923,11637,0
09/15/2026,14:14:21,774.88,796.0,2.6532663316582923,11638,0
09/15/2026,14:14:21,774.88,796.0,2.6532663316582923,11639,0
09/15/2026,14:14:21,774.88,796.0,2.6532663316582923,11640,0
09/15/2026,14:14:21,774.88,796.0,2.6532663316582923,11641,1
09/15/2026,14:14:21,774.88,796.0,2.6532663316582923,11642,0
09/15/2026,14:14:21,774.88,796.0,2.6532663316582923,11643,0
09/15/2026,14:14:21,774.88,796.0,2.6532663316582923,11644,0
09/15/2026,14:14:21,774.88,796.0,2.6532663316582923,11645,0
09/15/2026,14:14:21,774.88,796.0,2.6532663316582923,11646,2
09/15/2026,14:14:21,774.88,796.0,2.6532663316582923,11647,0
09/15/2026,14:14:21,774.88,796.0,2.6532663316582923,11648,1
09/15/2026,14:14:21,774.88,796.0,2.6532663316582923,11649,0
09/15/2026,14:14:21,774.88,796.0,2.6532663316582923,11650,0
09/15/2026,14:14:21,774.88,796.0,2.6532663316582923,11651,0
09/15/2026,14:14:21,774.88,796.0,2.6532663316582923,11652,1
09/15/2026,14:14:21,774.88,796.0,2.6532663316582923,11653,0
09/15/2026,14:14:21,774.88,796.0,2.6532663316582923,11654,1
09/15/2026,14:14:21,774.88,796.0,2.6532663316582923,11655,1
09/15/2026,14:14:21,774.88,796.0,2.6532663316582923,11656,0
09/15/2026,14:14:21,774.88,796.0,2.6532663316582923,11657,1
09/15/2026,14:14:21,774.88,796.0,2.6532663316582923,11658,1
09/15/2026,14:14:21,774.88,796.0,2.6532663316582923,11659,2
09/15/2026,14:14:21,774.88,796.0,2.6532663316582923,11660,1
09/15/2026,14:14:21,774.88,796.0,2.6532663316582923,11661,2
09/15/2026,14:14:21,774.88,796.0,2.6532663316582923,11662,0
09/15/2026,14:14:21,774.88,796.0,2.6532663316582923,11663,2
09/15/2026,14:14:21,774.88,796.0,2.6532663316582923,11664,0
09/15/2026,14:14:21,774.88,796.0,2.6532663316582923,11665,0
09/15/2026,14:14:21,774.88,796.0,2.6532663316582923,11666,1
09/15/2026,14:14:21,774.88,796.0,2.6532663316582923,11667,1
09/15/2026,14:14:21,774.88,796.0,2.6532663316582923,11668,0
09/15/2026,14:14:21,774.88,796.0,2.6532663316582923,11669,1
09/15/2026,14:14:21,774.88,796.0,2.6532663316582923,11670,0
09/15/2026,14:14:21,774.88,796.0,2.6532663316582923,11671,0
09/15/2026,14:14:21,774.88,796.0,2.6532663316582923,11672,0
09/15/2026,14:14:21,774.88,796.0,2.6532663316582923,11673,0
09/15/2026,14:14:21,774.88,796.0,2.6532663316582923,11674,1
09/15/2026,14:14:21,774.88,796.0,2.6532663316582923,11675,0
09/15/2026,14:14:21,774.88,796.0,2.6532663316582923,11676,1
09/15/2026,14:14:21,774.88,796.0,2.6532663316582923,11677,0
09/15/2026,14:14:21,774.88,796.0,2.6532663316582923,11678,0
09/15/2026,14:14:21,774.88,796.0,2.6532663316582923,11679,2
09/15/2026,14:14:21,774.88,796.0,2.6532663316582923,11680,0
09/15/2026,14:14:21,774.88,796.0,2.6532663316582923,11681,0
09/15/2026,14:14:21,774.88,796.0,2.6532663316582923,11682,0
09/15/2026,14:14:21,774.88,796.0,2.6532663316582923,11683,0
09/15/2026,14:14:21,774.88,796.0,2.6532663316582923,11684,0
09/15/2026,14:14:21,774.88,796.0,2.6532663316582923,11685,0
09/15/2026,14:14:21,774.88,796.0,2.6532663316582923,11686,0
09/15/2026,14:14:21,774.88,796.0,2.6532663316582923,11687,1
09/15/2026,14:14:21,774.88,796.0,2.6532663316582923,11688,2
09/15/2026,14:14:21,774.88,796.0,2.6532663316582923,11689,0
09/15/2026,14:14:21,774.88,796.0,2.6532663316582923,11690,1
09/15/2026,14:14:21,774.88,796.0,2.6532663316582923,11691,0
09/15/2026,14:14:21,774.88,796.0,2.6532663316582923,11692,0
09/15/2026,14:14:21,774.88,796.0,2.6532663316582923,11693,1
09/15/2026,14:14:21,774.88,796.0,2.6532663316582923,11694,1
09/15/2026,14:14:21,774.88,796.0,2.6532663316582923,11695,0
09/15/2026,14:14:21,774.88,796.0,2.6532663316582923,11696,1
09/15/2026,14:14:21,774.88,796.0,2.6532663316582923,11697,0
09/15/2026,14:14:21,774.88,796.0,2.6532663316582923,11698,0
09/15/2026,14:14:21,774.88,796.0,2.6532663316582923,11699,0
09/15/2026,14:14:21,774.88,796.0,2.6532663316582923,11700,1
09/15/2026,14:14:21,774.88,796.0,2.6532663316582923,11701,0
09/15/2026,14:14:21,774.88,796.0,2.6532663316582923,11702,1
09/15/2026,14:14:21,774.88,796.0,2.6532663316582923,11703,0
09/15/2026,14:14:21,774.88,796.0,2.6532663316582923,11704,0
09/15/2026,14:14:21,774.88,796.0,2.6532663316582923,11705,0
09/15/2026,14:14:21,774.88,796.0,2.6532663316582923,11706,1
09/15/2026,14:14:21,774.88,796.0,2.6532663316582923,11707,0
09/15/2026,14:14:21,774.88,796.0,2.6532663316582923,11708,0
09/15/2026,14:14:21,774.88,796.0,2.6532663316582923,11709,1
09/15/2026,14:14:21,774.88,796.0,2.6532663316582923,11710,0
09/15/2026,14:14:21,774.88,796.0,2.6532663316582923,11711,1
09/15/2026,14:14:21,774.88,796.0,2.6532663316582923,11712,1
09/15/2026,14:14:21,774.88,796.0,2.6532663316582923,11713,0
09/15/2026,14:14:21,774.88,796.0,2.6532663316582923,11714,0
09/15/2026,14:14:21,774.88,796.0,2.6532663316582923,11715,1
09/15/2026,14:14:21,774.88,796.0,2.6532663316582923,11716,0
09/15/2026,14:14:21,774.88,796.0,2.6532663316582923,11717,1
09/15/2026,14:14:21,774.88,796.0,2.6532663316582923,11718,2
09/15/2026,14:14:21,774.88,796.0,2.6532663316582923,11719,1
09/15/2026,14:14:21,774.88,796.0,2.6532663316582923,11720,1
09/15/2026,14:14:21,774.88,796.0,2.6532663316582923,11721,0
09/15/2026,14:14:21,774.88,796.0,2.6532663316582923,11722,0
09/15/2026,14:14:21,774.88,796.0,2.6532663316582923,11723,0
09/15/2026,14:14:21,774.88,796.0,2.6532663316582923,11724,0
09/15/2026,14:14:21,774.88,796.0,2.6532663316582923,11725,0
09/15/2026,14:14:21,774.88,796.0,2.6532663316582923,11726,0
09/15/2026,14:14:21,774.88,796.0,2.6532663316582923,11727,1
09/15/2026,14:14:21,774.88,796.0,2.6532663316582923,11728,1
09/15/2026,14:14:21,774.88,796.0,2.6532663316582923,11729,0
09/15/2026,14:14:21,774.88,796.0,2.6532663316582923,11730,0
09/15/2026,14:14:21,774.88,796.0,2.6532663316582923,11731,0
09/15/2026,14:14:21,774.88,796.0,2.6532663316582923,11732,0
09/15/2026,14:14:21,774.88,796.0,2.6532663316582923,11733,0
09/15/2026,14:14:21,774.88,796.0,2.6532663316582923,11734,0
09/15/2026,14:14:21,774.88,796.0,2.6532663316582923,11735,0
09/15/2026,14:14:21,774.88,796.0,2.6532663316582923,11736,2
09/15/2026,14:14:21,774.88,796.0,2.6532663316582923,11737,0
09/15/2026,14:14:21,774.88,796.0,2.6532663316582923,11738,2
09/15/2026,14:14:21,774.88,796.0,2.6532663316582923,11739,1
09/15/2026,14:14:21,774.88,796.0,2.6532663316582923,11740,1
09/15/2026,14:14:21,774.88,796.0,2.6532663316582923,11741,0
09/15/2026,14:14:21,774.88,796.0,2.6532663316582923,11742,0
09/15/2026,14:14:21,774.88,796.0,2.6532663316582923,11743,0
09/15/2026,14:14:21,774.88,796.0,2.6532663316582923,11744,1
09/15/2026,14:14:21,774.88,796.0,2.6532663316582923,11745,0
09/15/2026,14:14:21,774.88,796.0,2.6532663316582923,11746,1
09/15/2026,14:14:21,774.88,796.0,2.6532663316582923,11747,0
09/15/2026,14:14:21,774.88,796.0,2.6532663316582923,11748,0
09/15/2026,14:14:21,774.88,796.0,2.6532663316582923,11749,1
09/15/2026,14:14:21,774.88,796.0,2.6532663316582923,11750,1
09/15/2026,14:14:21,774.88,796.0,2.6532663316582923,11751,1
09/15/2026,14:14:21,774.88,796.0,2.6532663316582923,11752,0
09/15/2026,14:14:21,774.88,796.0,2.6532663316582923,11753,0
09/15/2026,14:14:21,774.88,796.0,2.6532663316582923,11754,1
09/15/2026,14:14:21,774.88,796.0,2.6532663316582923,11755,1
09/15/2026,14:14:21,774.88,796.0,2.6532663316582923,11756,0
09/15/2026,14:14:21,774.88,796.0,2.6532663316582923,11757,1
09/15/2026,14:14:21,774.88,796.0,2.6532663316582923,11758,0
09/15/2026,14:14:21,774.88,796.0,2.6532663316582923,11759,0
09/15/2026,14:14:21,774.88,796.0,2.6532663316582923,11760,1
09/15/2026,14:14:21,774.88,796.0,2.6532663316582923,11761,0
09/15/2026,14:14:21,774.88,796.0,2.6532663316582923,11762,3
09/15/2026,14:14:21,774.88,796.0,2.6532663316582923,11763,1
09/15/2026,14:14:21,774.88,796.0,2.6532663316582923,11764,0
09/15/2026,14:14:21,774.88,796.0,2.6532663316582923,11765,1
09/15/2026,14:14:21,774.88,796.0,2.6532663316582923,11766,2
09/15/2026,14:14:21,774.88,796.0,2.6532663316582923,11767,1
09/15/2026,14:14:21,774.88,796.0,2.6532663316582923,11768,1
09/15/2026,14:14:21,774.88,796.0,2.6532663316582923,11769,0
09/15/2026,14:14:21,774.88,796.0,2.6532663316582923,11770,0
09/15/2026,14:14:21,774.88,796.0,2.6532663316582923,11771,0
09/15/2026,14:14:21,774.88,796.0,2.6532663316582923,11772,0
09/15/2026,14:14:21,774.88,796.0,2.6532663316582923,11773,0
09/15/2026,14:14:21,774.88,796.0,2.6532663316582923,11774,2
09/15/2026,14:14:21,774.88,796.0,2.6532663316582923,11775,1
09/15/2026,14:14:21,774.88,796.0,2.6532663316582923,11776,1
09/15/2026,14:14:21,774.88,796.0,2.6532663316582923,11777,0
09/15/2026,14:14:21,774.88,796.0,2.6532663316582923,11778,0
09/15/2026,14:14:21,774.88,796.0,2.6532663316582923,11779,0
09/15/2026,14:14:21,774.88,796.0,2.6532663316582923,11780,1
09/15/2026,14:14:21,774.88,796.0,2.6532663316582923,11781,0
09/15/2026,14:14:21,774.88,796.0,2.6532663316582923,11782,2
09/15/2026,14:14:21,774.88,796.0,2.6532663316582923,11783,0
09/15/2026,14:14:21,774.88,796.0,2.6532663316582923,11784,0
09/15/2026,14:14:21,774.88,796.0,2.6532663316582923,11785,0
09/15/2026,14:14:21,774.88,796.0,2.6532663316582923,11786,1
09/15/2026,14:14:21,774.88,796.0,2.6532663316582923,11787,1
09/15/2026,14:14:21,774.88,796.0,2.6532663316582923,11788,3
09/15/2026,14:14:21,774.88,796.0,2.6532663316582923,11789,1
09/15/2026,14:14:21,774.88,796.0,2.6532663316582923,11790,0
09/15/2026,14:14:21,774.88,796.0,2.6532663316582923,11791,1
09/15/2026,14:14:21,774.88,796.0,2.6532663316582923,11792,2
09/15/2026,14:14:21,774.88,796.0,2.6532663316582923,11793,1
09/15/2026,14:14:21,774.88,796.0,2.6532663316582923,11794,0
09/15/2026,14:14:21,774.88,796.0,2.6532663316582923,11795,0
09/15/2026,14:14:21,774.88,796.0,2.6532663316582923,11796,0
09/15/2026,14:14:21,774.88,796.0,2.6532663316582923,11797,1
09/15/2026,14:14:21,774.88,796.0,2.6532663316582923,11798,2
09/15/2026,14:14:21,774.88,796.0,2.6532663316582923,11799,0
09/15/2026,14:14:21,774.88,796.0,2.6532663316582923,11800,1
09/15/2026,14:14:21,774.88,796.0,2.6532663316582923,11801,0
09/15/2026,14:14:21,774.88,796.0,2.6532663316582923,11802,0
09/15/2026,14:14:21,774.88,796.0,2.6532663316582923,11803,0
09/15/2026,14:14:21,774.88,796.0,2.6532663316582923,11804,1
09/15/2026,14:14:21,774.88,796.0,2.6532663316582923,11805,1
09/15/2026,14:14:21,774.88,796.0,2.6532663316582923,11806,0
09/15/2026,14:14:21,774.88,796.0,2.6532663316582923,11807,0
09/15/2026,14:14:21,774.88,796.0,2.6532663316582923,11808,0
09/15/2026,14:14:21,774.88,796.0,2.6532663316582923,11809,0
09/15/2026,14:14:21,774.88,796.0,2.6532663316582923,11810,1
09/15/2026,14:14:21,774.88,796.0,2.6532663316582923,11811,0
09/15/2026,14:14:21,774.88,796.0,2.6532663316582923,11812,0
09/15/2026,14:14:21,774.88,796.0,2.6532663316582923,11813,1
09/15/2026,14:14:21,774.88,796.0,2.6532663316582923,11814,0
09/15/2026,14:14:21,774.88,796.0,2.6532663316582923,11815,1
09/15/2026,14:14:21,774.88,796.0,2.6532663316582923,11816,1
09/15/2026,14:14:21,774.88,796.0,2.6532663316582923,11817,1
09/15/2026,14:14:21,774.88,796.0,2.6532663316582923,11818,0
09/15/2026,14:14:21,774.88,796.0,2.6532663316582923,11819,1
09/15/2026,14:14:21,774.88,796.0,2.6532663316582923,11820,0
09/15/2026,14:14:21,774.88,796.0,2.6532663316582923,11821,2
09/15/2026,14:14:21,774.88,796.0,2.6532663316582923,11822,1
09/15/2026,14:14:21,774.88,796.0,2.6532663316582923,11823,0
09/15/2026,14:14:21,774.88,796.0,2.6532663316582923,11824,1
09/15/2026,14:14:21,774.88,796.0,2.6532663316582923,11825,0
09/15/2026,14:14:21,774.88,796.0,2.6532663316582923,11826,1
09/15/2026,14:14:21,774.88,796.0,2.6532663316582923,11827,0
09/15/2026,14:14:21,774.88,796.0,2.6532663316582923,11828,1
09/15/2026,14:14:21,774.88,796.0,2.6532663316582923,11829,2
09/15/2026,14:14:21,774.88,796.0,2.6532663316582923,11830,0
09/15/2026,14:14:21,774.88,796.0,2.6532663316582923,11831,2
09/15/2026,14:14:21,774.88,796.0,2.6532663316582923,11832,1
09/15/2026,14:14:21,774.88,796.0,2.6532663316582923,11833,0
09/15/2026,14:14:21,774.88,796.0,2.6532663316582923,11834,0
09/15/2026,14:14:21,774.88,796.0,2.6532663316582923,11835,0
09/15/2026,14:14:21,774.88,796.0,2.6532663316582923,11836,0
09/15/2026,14:14:21,774.88,796.0,2.6532663316582923,11837,1
09/15/2026,14:14:21,774.88,796.0,2.6532663316582923,11838,1
09/15/2026,14:14:21,774.88,796.0,2.6532663316582923,11839,0
09/15/2026,14:14:21,774.88,796.0,2.6532663316582923,11840,1
09/15/2026,14:14:21,774.88,796.0,2.6532663316582923,11841,0
09/15/2026,14:14:21,774.88,796.0,2.6532663316582923,11842,0
09/15/2026,14:14:21,774.88,796.0,2.6532663316582923,11843,0
09/15/2026,14:14:21,774.88,796.0,2.6532663316582923,11844,1
09/15/2026,14:14:21,774.88,796.0,2.6532663316582923,11845,0
09/15/2026,14:14:21,774.88,796.0,2.6532663316582923,11846,1
09/15/2026,14:14:21,774.88,796.0,2.6532663316582923,11847,0
09/15/2026,14:14:21,774.88,796.0,2.6532663316582923,11848,0
09/15/2026,14:14:21,774.88,796.0,2.6532663316582923,11849,0
09/15/2026,14:14:21,774.88,796.0,2.6532663316582923,11850,1
09/15/2026,14:14:21,774.88,796.0,2.6532663316582923,11851,0
09/15/2026,14:14:21,774.88,796.0,2.6532663316582923,11852,0
09/15/2026,14:14:21,774.88,796.0,2.6532663316582923,11853,1
09/15/2026,14:14:21,774.88,796.0,2.6532663316582923,11854,0
09/15/2026,14:14:21,774.88,796.0,2.6532663316582923,11855,1
09/15/2026,14:14:21,774.88,796.0,2.6532663316582923,11856,0
09/15/2026,14:14:21,774.88,796.0,2.6532663316582923,11857,1
09/15/2026,14:14:21,774.88,796.0,2.6532663316582923,11858,2
09/15/2026,14:14:21,774.88,796.0,2.6532663316582923,11859,1
09/15/2026,14:14:21,774.88,796.0,2.6532663316582923,11860,1
09/15/2026,14:14:21,774.88,796.0,2.6532663316582923,11861,2
09/15/2026,14:14:21,774.88,796.0,2.6532663316582923,11862,0
09/15/2026,14:14:21,774.88,796.0,2.6532663316582923,11863,0
09/15/2026,14:14:21,774.88,796.0,2.6532663316582923,11864,0
09/15/2026,14:14:21,774.88,796.0,2.6532663316582923,11865,1
09/15/2026,14:14:21,774.88,796.0,2.6532663316582923,11866,0
09/15/2026,14:14:21,774.88,796.0,2.6532663316582923,11867,0
09/15/2026,14:14:21,774.88,796.0,2.6532663316582923,11868,0
09/15/2026,14:14:21,774.88,796.0,2.6532663316582923,11869,0
09/15/2026,14:14:21,774.88,796.0,2.6532663316582923,11870,0
09/15/2026,14:14:21,774.88,796.0,2.6532663316582923,11871,1
09/15/2026,14:14:21,774.88,796.0,2.6532663316582923,11872,0
09/15/2026,14:14:21,774.88,796.0,2.6532663316582923,11873,0
09/15/2026,14:14:21,774.88,796.0,2.6532663316582923,11874,0
09/15/2026,14:14:21,774.88,796.0,2.6532663316582923,11875,0
09/15/2026,14:14:21,774.88,796.0,2.6532663316582923,11876,0
09/15/2026,14:14:21,774.88,796.0,2.6532663316582923,11877,0
09/15/2026,14:14:21,774.88,796.0,2.6532663316582923,11878,1
09/15/2026,14:14:21,774.88,796.0,2.6532663316582923,11879,0
09/15/2026,14:14:21,774.88,796.0,2.6532663316582923,11880,2
09/15/2026,14:14:21,774.88,796.0,2.6532663316582923,11881,1
09/15/2026,14:14:21,774.88,796.0,2.6532663316582923,11882,0
09/15/2026,14:14:21,774.88,796.0,2.6532663316582923,11883,1
09/15/2026,14:14:21,774.88,796.0,2.6532663316582923,11884,0
09/15/2026,14:14:21,774.88,796.0,2.6532663316582923,11885,1
09/15/2026,14:14:21,774.88,796.0,2.6532663316582923,11886,0
09/15/2026,14:14:21,774.88,796.0,2.6532663316582923,11887,0
09/15/2026,14:14:21,774.88,796.0,2.6532663316582923,11888,0
09/15/2026,14:14:21,774.88,796.0,2.6532663316582923,11889,0
09/15/2026,14:14:21,774.88,796.0,2.6532663316582923,11890,2
09/15/2026,14:14:21,774.88,796.0,2.6532663316582923,11891,0
09/15/2026,14:14:21,774.88,796.0,2.6532663316582923,11892,2
09/15/2026,14:14:21,774.88,796.0,2.6532663316582923,11893,1
09/15/2026,14:14:21,774.88,796.0,2.6532663316582923,11894,0
09/15/2026,14:14:21,774.88,796.0,2.6532663316582923,11895,1
09/15/2026,14:14:21,774.88,796.0,2.6532663316582923,11896,1
09/15/2026,14:14:21,774.88,796.0,2.6532663316582923,11897,0
09/15/2026,14:14:21,774.88,796.0,2.6532663316582923,11898,0
09/15/2026,14:14:21,774.88,796.0,2.6532663316582923,11899,1
09/15/2026,14:14:21,774.88,796.0,2.6532663316582923,11900,0
09/15/2026,14:14:21,774.88,796.0,2.6532663316582923,11901,1
09/15/2026,14:14:21,774.88,796.0,2.6532663316582923,11902,0
09/15/2026,14:14:21,774.88,796.0,2.6532663316582923,11903,1
09/15/2026,14:14:21,774.88,796.0,2.6532663316582923,11904,0
09/15/2026,14:14:21,774.88,796.0,2.6532663316582923,11905,0
09/15/2026,14:14:21,774.88,796.0,2.6532663316582923,11906,1
09/15/2026,14:14:21,774.88,796.0,2.6532663316582923,11907,0
09/15/2026,14:14:21,774.88,796.0,2.6532663316582923,11908,0
09/15/2026,14:14:21,774.88,796.0,2.6532663316582923,11909,1
09/15/2026,14:14:21,774.88,796.0,2.6532663316582923,11910,2
09/15/2026,14:14:21,774.88,796.0,2.6532663316582923,11911,2
09/15/2026,14:14:21,774.88,796.0,2.6532663316582923,11912,2
09/15/2026,14:14:21,774.88,796.0,2.6532663316582923,11913,0
09/15/2026,14:14:21,774.88,796.0,2.6532663316582923,11914,0
09/15/2026,14:14:21,774.88,796.0,2.6532663316582923,11915,1
09/15/2026,14:14:21,774.88,796.0,2.6532663316582923,11916,0
09/15/2026,14:14:21,774.88,796.0,2.6532663316582923,11917,1
09/15/2026,14:14:21,774.88,796.0,2.6532663316582923,11918,1
09/15/2026,14:14:21,774.88,796.0,2.6532663316582923,11919,0
09/15/2026,14:14:21,774.88,796.0,2.6532663316582923,11920,0
09/15/2026,14:14:21,774.88,796.0,2.6532663316582923,11921,2
09/15/2026,14:14:21,774.88,796.0,2.6532663316582923,11922,1
09/15/2026,14:14:21,774.88,796.0,2.6532663316582923,11923,0
09/15/2026,14:14:21,774.88,796.0,2.6532663316582923,11924,0
09/15/2026,14:14:21,774.88,796.0,2.6532663316582923,11925,0
09/15/2026,14:14:21,774.88,796.0,2.6532663316582923,11926,2
09/15/2026,14:14:21,774.88,796.0,2.6532663316582923,11927,0
09/15/2026,14:14:21,774.88,796.0,2.6532663316582923,11928,1
09/15/2026,14:14:21,774.88,796.0,2.6532663316582923,11929,1
09/15/2026,14:14:21,774.88,796.0,2.6532663316582923,11930,0
09/15/2026,14:14:21,774.88,796.0,2.6532663316582923,11931,1
09/15/2026,14:14:21,774.88,796.0,2.6532663316582923,11932,0
09/15/2026,14:14:21,774.88,796.0,2.6532663316582923,11933,1
09/15/2026,14:14:21,774.88,796.0,2.6532663316582923,11934,0
09/15/2026,14:14:21,774.88,796.0,2.6532663316582923,11935,0
09/15/2026,14:14:21,774.88,796.0,2.6532663316582923,11936,2
09/15/2026,14:14:21,774.88,796.0,2.6532663316582923,11937,0
09/15/2026,14:14:21,774.88,796.0,2.6532663316582923,11938,1
09/15/2026,14:14:21,774.88,796.0,2.6532663316582923,11939,0
09/15/2026,14:14:21,774.88,796.0,2.6532663316582923,11940,1
09/15/2026,14:14:21,774.88,796.0,2.6532663316582923,11941,1
09/15/2026,14:14:21,774.88,796.0,2.6532663316582923,11942,0
09/15/2026,14:14:21,774.88,796.0,2.6532663316582923,11943,1
09/15/2026,14:14:21,774.88,796.0,2.6532663316582923,11944,0
09/15/2026,14:14:21,774.88,796.0,2.6532663316582923,11945,1
09/15/2026,14:14:21,774.88,796.0,2.6532663316582923,11946,1
09/15/2026,14:14:21,774.88,796.0,2.6532663316582923,11947,0
09/15/2026,14:14:21,774.88,796.0,2.6532663316582923,11948,1
09/15/2026,14:14:21,774.88,796.0,2.6532663316582923,11949,1
09/15/2026,14:14:21,774.88,796.0,2.6532663316582923,11950,1
09/15/2026,14:14:21,774.88,796.0,2.6532663316582923,11951,2
09/15/2026,14:14:21,774.88,796.0,2.6532663316582923,11952,1
09/15/2026,14:14:21,774.88,796.0,2.6532663316582923,11953,1
09/15/2026,14:14:21,774.88,796.0,2.6532663316582923,11954,1
09/15/2026,14:14:21,774.88,796.0,2.6532663316582923,11955,0
09/15/2026,14:14:21,774.88,796.0,2.6532663316582923,11956,2
09/15/2026,14:14:21,774.88,796.0,2.6532663316582923,11957,1
09/15/2026,14:14:21,774.88,796.0,2.6532663316582923,11958,1
09/15/2026,14:14:21,774.88,796.0,2.6532663316582923,11959,0
09/15/2026,14:14:21,774.88,796.0,2.6532663316582923,11960,1
09/15/2026,14:14:21,774.88,796.0,2.6532663316582923,11961,1
09/15/2026,14:14:21,774.88,796.0,2.6532663316582923,11962,1
09/15/2026,14:14:21,774.88,796.0,2.6532663316582923,11963,1
09/15/2026,14:14:21,774.88,796.0,2.6532663316582923,11964,0
09/15/2026,14:14:21,774.88,796.0,2.6532663316582923,11965,0
09/15/2026,14:14:21,774.88,796.0,2.6532663316582923,11966,0
09/15/2026,14:14:21,774.88,796.0,2.6532663316582923,11967,1
09/15/2026,14:14:21,774.88,796.0,2.6532663316582923,11968,0
09/15/2026,14:14:21,774.88,796.0,2.6532663316582923,11969,1
09/15/2026,14:14:21,774.88,796.0,2.6532663316582923,11970,3
09/15/2026,14:14:21,774.88,796.0,2.6532663316582923,11971,0
09/15/2026,14:14:21,774.88,796.0,2.6532663316582923,11972,1
09/15/2026,14:14:21,774.88,796.0,2.6532663316582923,11973,0
09/15/2026,14:14:21,774.88,796.0,2.6532663316582923,11974,0
09/15/2026,14:14:21,774.88,796.0,2.6532663316582923,11975,1
09/15/2026,14:14:21,774.88,796.0,2.6532663316582923,11976,0
09/15/2026,14:14:21,774.88,796.0,2.6532663316582923,11977,0
09/15/2026,14:14:21,774.88,796.0,2.6532663316582923,11978,2
09/15/2026,14:14:21,774.88,796.0,2.6532663316582923,11979,2
09/15/2026,14:14:21,774.88,796.0,2.6532663316582923,11980,1
09/15/2026,14:14:21,774.88,796.0,2.6532663316582923,11981,2
09/15/2026,14:14:21,774.88,796.0,2.6532663316582923,11982,0
09/15/2026,14:14:21,774.88,796.0,2.6532663316582923,11983,1
09/15/2026,14:14:21,774.88,796.0,2.6532663316582923,11984,0
09/15/2026,14:14:21,774.88,796.0,2.6532663316582923,11985,2
09/15/2026,14:14:21,774.88,796.0,2.6532663316582923,11986,0
09/15/2026,14:14:21,774.88,796.0,2.6532663316582923,11987,0
09/15/2026,14:14:21,774.88,796.0,2.6532663316582923,11988,1
09/15/2026,14:14:21,774.88,796.0,2.6532663316582923,11989,0
09/15/2026,14:14:21,774.88,796.0,2.6532663316582923,11990,0
09/15/2026,14:14:21,774.88,796.0,2.6532663316582923,11991,0
09/15/2026,14:14:21,774.88,796.0,2.6532663316582923,11992,1
09/15/2026,14:14:21,774.88,796.0,2.6532663316582923,11993,1
09/15/2026,14:14:21,774.88,796.0,2.6532663316582923,11994,1
09/15/2026,14:14:21,774.88,796.0,2.6532663316582923,11995,2
09/15/2026,14:14:21,774.88,796.0,2.6532663316582923,11996,1
09/15/2026,14:14:21,774.88,796.0,2.6532663316582923,11997,0
09/15/2026,14:14:21,774.88,796.0,2.6532663316582923,11998,1
09/15/2026,14:14:21,774.88,796.0,2.6532663316582923,11999,1
09/15/2026,14:14:21,774.88,796.0,2.6532663316582923,12000,0
09/15/2026,14:14:21,774.88,796.0,2.6532663316582923,12001,1
09/15/2026,14:14:21,774.88,796.0,2.6532663316582923,12002,2
09/15/2026,14:14:21,774.88,796.0,2.6532663316582923,12003,1
09/15/2026,14:14:21,774.88,796.0,2.6532663316582923,12004,0
09/15/2026,14:14:21,774.88,796.0,2.6532663316582923,12005,1
09/15/2026,14:14:21,774.88,796.0,2.6532663316582923,12006,0
09/15/2026,14:14:21,774.88,796.0,2.6532663316582923,12007,0
09/15/2026,14:14:21,774.88,796.0,2.6532663316582923,12008,1
09/15/2026,14:14:21,774.88,796.0,2.6532663316582923,12009,0
09/15/2026,14:14:21,774.88,796.0,2.6532663316582923,12010,0
09/15/2026,14:14:21,774.88,796.0,2.6532663316582923,12011,0
09/15/2026,14:14:21,774.88,796.0,2.6532663316582923,12012,2
09/15/2026,14:14:21,774.88,796.0,2.6532663316582923,12013,2
09/15/2026,14:14:21,774.88,796.0,2.6532663316582923,12014,2
09/15/2026,14:14:21,774.88,796.0,2.6532663316582923,12015,1
09/15/2026,14:14:21,774.88,796.0,2.6532663316582923,12016,0
09/15/2026,14:14:21,774.88,796.0,2.6532663316582923,12017,1
09/15/2026,14:14:21,774.88,796.0,2.6532663316582923,12018,0
09/15/2026,14:14:21,774.88,796.0,2.6532663316582923,12019,0
09/15/2026,14:14:21,774.88,796.0,2.6532663316582923,12020,1
09/15/2026,14:14:21,774.88,796.0,2.6532663316582923,12021,1
09/15/2026,14:14:21,774.88,796.0,2.6532663316582923,12022,0
09/15/2026,14:14:21,774.88,796.0,2.6532663316582923,12023,0
09/15/2026,14:14:21,774.88,796.0,2.6532663316582923,12024,0
09/15/2026,14:14:21,774.88,796.0,2.6532663316582923,12025,0
09/15/2026,14:14:21,774.88,796.0,2.6532663316582923,12026,1
09/15/2026,14:14:21,774.88,796.0,2.6532663316582923,12027,1
09/15/2026,14:14:21,774.88,796.0,2.6532663316582923,12028,1
09/15/2026,14:14:21,774.88,796.0,2.6532663316582923,12029,1
09/15/2026,14:14:21,774.88,796.0,2.6532663316582923,12030,1
09/15/2026,14:14:21,774.88,796.0,2.6532663316582923,12031,0
09/15/2026,14:14:21,774.88,796.0,2.6532663316582923,12032,1
09/15/2026,14:14:21,774.88,796.0,2.6532663316582923,12033,0
09/15/2026,14:14:21,774.88,796.0,2.6532663316582923,12034,1
09/15/2026,14:14:21,774.88,796.0,2.6532663316582923,12035,0
09/15/2026,14:14:21,774.88,796.0,2.6532663316582923,12036,1
09/15/2026,14:14:21,774.88,796.0,2.6532663316582923,12037,0
09/15/2026,14:14:21,774.88,796.0,2.6532663316582923,12038,1
09/15/2026,14:14:21,774.88,796.0,2.6532663316582923,12039,0
09/15/2026,14:14:21,774.88,796.0,2.6532663316582923,12040,1
09/15/2026,14:14:21,774.88,796.0,2.6532663316582923,12041,1
09/15/2026,14:14:21,774.88,796.0,2.6532663316582923,12042,0
09/15/2026,14:14:21,774.88,796.0,2.6532663316582923,12043,0
09/15/2026,14:14:21,774.88,796.0,2.6532663316582923,12044,2
09/15/2026,14:14:21,774.88,796.0,2.6532663316582923,12045,0
09/15/2026,14:14:21,774.88,796.0,2.6532663316582923,12046,0
09/15/2026,14:14:21,774.88,796.0,2.6532663316582923,12047,2
09/15/2026,14:14:21,774.88,796.0,2.6532663316582923,12048,0
09/15/2026,14:14:21,774.88,796.0,2.6532663316582923,12049,1
09/15/2026,14:14:21,774.88,796.0,2.6532663316582923,12050,2
09/15/2026,14:14:21,774.88,796.0,2.6532663316582923,12051,2
09/15/2026,14:14:21,774.88,796.0,2.6532663316582923,12052,0
09/15/2026,14:14:21,774.88,796.0,2.6532663316582923,12053,0
09/15/2026,14:14:21,774.88,796.0,2.6532663316582923,12054,0
09/15/2026,14:14:21,774.88,796.0,2.6532663316582923,12055,0
09/15/2026,14:14:21,774.88,796.0,2.6532663316582923,12056,1
09/15/2026,14:14:21,774.88,796.0,2.6532663316582923,12057,0
09/15/2026,14:14:21,774.88,796.0,2.6532663316582923,12058,1
09/15/2026,14:14:21,774.88,796.0,2.6532663316582923,12059,0
09/15/2026,14:14:21,774.88,796.0,2.6532663316582923,12060,0
09/15/2026,14:14:21,774.88,796.0,2.6532663316582923,12061,0
09/15/2026,14:14:21,774.88,796.0,2.6532663316582923,12062,1
09/15/2026,14:14:21,774.88,796.0,2.6532663316582923,12063,1
09/15/2026,14:14:21,774.88,796.0,2.6532663316582923,12064,0
09/15/2026,14:14:21,774.88,796.0,2.6532663316582923,12065,0
09/15/2026,14:14:21,774.88,796.0,2.6532663316582923,12066,2
09/15/2026,14:14:21,774.88,796.0,2.6532663316582923,12067,2
09/15/2026,14:14:21,774.88,796.0,2.6532663316582923,12068,0
09/15/2026,14:14:21,774.88,796.0,2.6532663316582923,12069,0
09/15/2026,14:14:21,774.88,796.0,2.6532663316582923,12070,0
09/15/2026,14:14:21,774.88,796.0,2.6532663316582923,12071,2
09/15/2026,14:14:21,774.88,796.0,2.6532663316582923,12072,0
09/15/2026,14:14:21,774.88,796.0,2.6532663316582923,12073,0
09/15/2026,14:14:21,774.88,796.0,2.6532663316582923,12074,0
09/15/2026,14:14:21,774.88,796.0,2.6532663316582923,12075,2
09/15/2026,14:14:21,774.88,796.0,2.6532663316582923,12076,0
09/15/2026,14:14:21,774.88,796.0,2.6532663316582923,12077,0
09/15/2026,14:14:21,774.88,796.0,2.6532663316582923,12078,1
09/15/2026,14:14:21,774.88,796.0,2.6532663316582923,12079,1
09/15/2026,14:14:21,774.88,796.0,2.6532663316582923,12080,2
09/15/2026,14:14:21,774.88,796.0,2.6532663316582923,12081,2
09/15/2026,14:14:21,774.88,796.0,2.6532663316582923,12082,1
09/15/2026,14:14:21,774.88,796.0,2.6532663316582923,12083,0
09/15/2026,14:14:21,774.88,796.0,2.6532663316582923,12084,0
09/15/2026,14:14:21,774.88,796.0,2.6532663316582923,12085,0
09/15/2026,14:14:21,774.88,796.0,2.6532663316582923,12086,2
09/15/2026,14:14:21,774.88,796.0,2.6532663316582923,12087,0
09/15/2026,14:14:21,774.88,796.0,2.6532663316582923,12088,0
09/15/2026,14:14:21,774.88,796.0,2.6532663316582923,12089,0
09/15/2026,14:14:21,774.88,796.0,2.6532663316582923,12090,0
09/15/2026,14:14:21,774.88,796.0,2.6532663316582923,12091,0
09/15/2026,14:14:21,774.88,796.0,2.6532663316582923,12092,2
09/15/2026,14:14:21,774.88,796.0,2.6532663316582923,12093,1
09/15/2026,14:14:21,774.88,796.0,2.6532663316582923,12094,2
09/15/2026,14:14:21,774.88,796.0,2.6532663316582923,12095,0
09/15/2026,14:14:21,774.88,796.0,2.6532663316582923,12096,1
09/15/2026,14:14:21,774.88,796.0,2.6532663316582923,12097,0
09/15/2026,14:14:21,774.88,796.0,2.6532663316582923,12098,0
09/15/2026,14:14:21,774.88,796.0,2.6532663316582923,12099,0
09/15/2026,14:14:21,774.88,796.0,2.6532663316582923,12100,0
09/15/2026,14:14:21,774.88,796.0,2.6532663316582923,12101,0
09/15/2026,14:14:21,774.88,796.0,2.6532663316582923,12102,0
09/15/2026,14:14:21,774.88,796.0,2.6532663316582923,12103,1
09/15/2026,14:14:21,774.88,796.0,2.6532663316582923,12104,0
09/15/2026,14:14:21,774.88,796.0,2.6532663316582923,12105,0
09/15/2026,14:14:21,774.88,796.0,2.6532663316582923,12106,0
09/15/2026,14:14:21,774.88,796.0,2.6532663316582923,12107,0
09/15/2026,14:14:21,774.88,796.0,2.6532663316582923,12108,0
09/15/2026,14:14:21,774.88,796.0,2.6532663316582923,12109,0
09/15/2026,14:14:21,774.88,796.0,2.6532663316582923,12110,0
09/15/2026,14:14:21,774.88,796.0,2.6532663316582923,12111,2
09/15/2026,14:14:21,774.88,796.0,2.6532663316582923,12112,0
09/15/2026,14:14:21,774.88,796.0,2.6532663316582923,12113,0
09/15/2026,14:14:21,774.88,796.0,2.6532663316582923,12114,0
09/15/2026,14:14:21,774.88,796.0,2.6532663316582923,12115,0
09/15/2026,14:14:21,774.88,796.0,2.6532663316582923,12116,0
09/15/2026,14:14:21,774.88,796.0,2.6532663316582923,12117,1
09/15/2026,14:14:21,774.88,796.0,2.6532663316582923,12118,0
09/15/2026,14:14:21,774.88,796.0,2.6532663316582923,12119,0
09/15/2026,14:14:21,774.88,796.0,2.6532663316582923,12120,3
09/15/2026,14:14:21,774.88,796.0,2.6532663316582923,12121,1
09/15/2026,14:14:21,774.88,796.0,2.6532663316582923,12122,1
09/15/2026,14:14:21,774.88,796.0,2.6532663316582923,12123,3
09/15/2026,14:14:21,774.88,796.0,2.6532663316582923,12124,1
09/15/2026,14:14:21,774.88,796.0,2.6532663316582923,12125,0
09/15/2026,14:14:21,774.88,796.0,2.6532663316582923,12126,1
09/15/2026,14:14:21,774.88,796.0,2.6532663316582923,12127,1
09/15/2026,14:14:21,774.88,796.0,2.6532663316582923,12128,0
09/15/2026,14:14:21,774.88,796.0,2.6532663316582923,12129,0
09/15/2026,14:14:21,774.88,796.0,2.6532663316582923,12130,1
09/15/2026,14:14:21,774.88,796.0,2.6532663316582923,12131,1
09/15/2026,14:14:21,774.88,796.0,2.6532663316582923,12132,0
09/15/2026,14:14:21,774.88,796.0,2.6532663316582923,12133,0
09/15/2026,14:14:21,774.88,796.0,2.6532663316582923,12134,2
09/15/2026,14:14:21,774.88,796.0,2.6532663316582923,12135,1
09/15/2026,14:14:21,774.88,796.0,2.6532663316582923,12136,0
09/15/2026,14:14:21,774.88,796.0,2.6532663316582923,12137,0
09/15/2026,14:14:21,774.88,796.0,2.6532663316582923,12138,1
09/15/2026,14:14:21,774.88,796.0,2.6532663316582923,12139,2
09/15/2026,14:14:21,774.88,796.0,2.6532663316582923,12140,2
09/15/2026,14:14:21,774.88,796.0,2.6532663316582923,12141,0
09/15/2026,14:14:21,774.88,796.0,2.6532663316582923,12142,1
09/15/2026,14:14:21,774.88,796.0,2.6532663316582923,12143,1
09/15/2026,14:14:21,774.88,796.0,2.6532663316582923,12144,0
09/15/2026,14:14:21,774.88,796.0,2.6532663316582923,12145,0
09/15/2026,14:14:21,774.88,796.0,2.6532663316582923,12146,0
09/15/2026,14:14:21,774.88,796.0,2.6532663316582923,12147,0
09/15/2026,14:14:21,774.88,796.0,2.6532663316582923,12148,0
09/15/2026,14:14:21,774.88,796.0,2.6532663316582923,12149,1
09/15/2026,14:14:21,774.88,796.0,2.6532663316582923,12150,0
09/15/2026,14:14:21,774.88,796.0,2.6532663316582923,12151,0
09/15/2026,14:14:21,774.88,796.0,2.6532663316582923,12152,0
09/15/2026,14:14:21,774.88,796.0,2.6532663316582923,12153,1
09/15/2026,14:14:21,774.88,796.0,2.6532663316582923,12154,1
09/15/2026,14:14:21,774.88,796.0,2.6532663316582923,12155,1
09/15/2026,14:14:21,774.88,796.0,2.6532663316582923,12156,0
09/15/2026,14:14:21,774.88,796.0,2.6532663316582923,12157,1
09/15/2026,14:14:21,774.88,796.0,2.6532663316582923,12158,0
09/15/2026,14:14:21,774.88,796.0,2.6532663316582923,12159,0
09/15/2026,14:14:21,774.88,796.0,2.6532663316582923,12160,1
09/15/2026,14:14:21,774.88,796.0,2.6532663316582923,12161,1
09/15/2026,14:14:21,774.88,796.0,2.6532663316582923,12162,1
09/15/2026,14:14:21,774.88,796.0,2.6532663316582923,12163,0
09/15/2026,14:14:21,774.88,796.0,2.6532663316582923,12164,2
09/15/2026,14:14:21,774.88,796.0,2.6532663316582923,12165,0
09/15/2026,14:14:21,774.88,796.0,2.6532663316582923,12166,0
09/15/2026,14:14:21,774.88,796.0,2.6532663316582923,12167,1
09/15/2026,14:14:21,774.88,796.0,2.6532663316582923,12168,0
09/15/2026,14:14:21,774.88,796.0,2.6532663316582923,12169,0
09/15/2026,14:14:21,774.88,796.0,2.6532663316582923,12170,1
09/15/2026,14:14:21,774.88,796.0,2.6532663316582923,12171,1
09/15/2026,14:14:21,774.88,796.0,2.6532663316582923,12172,0
09/15/2026,14:14:21,774.88,796.0,2.6532663316582923,12173,0
09/15/2026,14:14:21,774.88,796.0,2.6532663316582923,12174,0
09/15/2026,14:14:21,774.88,796.0,2.6532663316582923,12175,1
09/15/2026,14:14:21,774.88,796.0,2.6532663316582923,12176,0
09/15/2026,14:14:21,774.88,796.0,2.6532663316582923,12177,0
09/15/2026,14:14:21,774.88,796.0,2.6532663316582923,12178,0
09/15/2026,14:14:21,774.88,796.0,2.6532663316582923,12179,1
09/15/2026,14:14:21,774.88,796.0,2.6532663316582923,12180,0
09/15/2026,14:14:21,774.88,796.0,2.6532663316582923,12181,0
09/15/2026,14:14:21,774.88,796.0,2.6532663316582923,12182,2
09/15/2026,14:14:21,774.88,796.0,2.6532663316582923,12183,0
09/15/2026,14:14:21,774.88,796.0,2.6532663316582923,12184,0
09/15/2026,14:14:21,774.88,796.0,2.6532663316582923,12185,0
09/15/2026,14:14:21,774.88,796.0,2.6532663316582923,12186,4
09/15/2026,14:14:21,774.88,796.0,2.6532663316582923,12187,0
09/15/2026,14:14:21,774.88,796.0,2.6532663316582923,12188,0
09/15/2026,14:14:21,774.88,796.0,2.6532663316582923,12189,0
09/15/2026,14:14:21,774.88,796.0,2.6532663316582923,12190,0
09/15/2026,14:14:21,774.88,796.0,2.6532663316582923,12191,0
09/15/2026,14:14:21,774.88,796.0,2.6532663316582923,12192,0
09/15/2026,14:14:21,774.88,796.0,2.6532663316582923,12193,1
09/15/2026,14:14:21,774.88,796.0,2.6532663316582923,12194,0
09/15/2026,14:14:21,774.88,796.0,2.6532663316582923,12195,0
09/15/2026,14:14:21,774.88,796.0,2.6532663316582923,12196,0
09/15/2026,14:14:21,774.88,796.0,2.6532663316582923,12197,0
09/15/2026,14:14:21,774.88,796.0,2.6532663316582923,12198,1
09/15/2026,14:14:21,774.88,796.0,2.6532663316582923,12199,2
09/15/2026,14:14:21,774.88,796.0,2.6532663316582923,12200,0
09/15/2026,14:14:21,774.88,796.0,2.6532663316582923,12201,0
09/15/2026,14:14:21,774.88,796.0,2.6532663316582923,12202,1
09/15/2026,14:14:21,774.88,796.0,2.6532663316582923,12203,0
09/15/2026,14:14:21,774.88,796.0,2.6532663316582923,12204,0
09/15/2026,14:14:21,774.88,796.0,2.6532663316582923,12205,1
09/15/2026,14:14:21,774.88,796.0,2.6532663316582923,12206,2
09/15/2026,14:14:21,774.88,796.0,2.6532663316582923,12207,0
09/15/2026,14:14:21,774.88,796.0,2.6532663316582923,12208,0
09/15/2026,14:14:21,774.88,796.0,2.6532663316582923,12209,0
09/15/2026,14:14:21,774.88,796.0,2.6532663316582923,12210,3
09/15/2026,14:14:21,774.88,796.0,2.6532663316582923,12211,0
09/15/2026,14:14:21,774.88,796.0,2.6532663316582923,12212,1
09/15/2026,14:14:21,774.88,796.0,2.6532663316582923,12213,0
09/15/2026,14:14:21,774.88,796.0,2.6532663316582923,12214,1
09/15/2026,14:14:21,774.88,796.0,2.6532663316582923,12215,1
09/15/2026,14:14:21,774.88,796.0,2.6532663316582923,12216,0
09/15/2026,14:14:21,774.88,796.0,2.6532663316582923,12217,1
09/15/2026,14:14:21,774.88,796.0,2.6532663316582923,12218,1
09/15/2026,14:14:21,774.88,796.0,2.6532663316582923,12219,0
09/15/2026,14:14:21,774.88,796.0,2.6532663316582923,12220,1
09/15/2026,14:14:21,774.88,796.0,2.6532663316582923,12221,0
09/15/2026,14:14:21,774.88,796.0,2.6532663316582923,12222,0
09/15/2026,14:14:21,774.88,796.0,2.6532663316582923,12223,0
09/15/2026,14:14:21,774.88,796.0,2.6532663316582923,12224,3
09/15/2026,14:14:21,774.88,796.0,2.6532663316582923,12225,0
09/15/2026,14:14:21,774.88,796.0,2.6532663316582923,12226,0
09/15/2026,14:14:21,774.88,796.0,2.6532663316582923,12227,0
09/15/2026,14:14:21,774.88,796.0,2.6532663316582923,12228,2
09/15/2026,14:14:21,774.88,796.0,2.6532663316582923,12229,0
09/15/2026,14:14:21,774.88,796.0,2.6532663316582923,12230,1
09/15/2026,14:14:21,774.88,796.0,2.6532663316582923,12231,1
09/15/2026,14:14:21,774.88,796.0,2.6532663316582923,12232,1
09/15/2026,14:14:21,774.88,796.0,2.6532663316582923,12233,0
09/15/2026,14:14:21,774.88,796.0,2.6532663316582923,12234,1
09/15/2026,14:14:21,774.88,796.0,2.6532663316582923,12235,0
09/15/2026,14:14:21,774.88,796.0,2.6532663316582923,12236,1
09/15/2026,14:14:21,774.88,796.0,2.6532663316582923,12237,0
09/15/2026,14:14:21,774.88,796.0,2.6532663316582923,12238,0
09/15/2026,14:14:21,774.88,796.0,2.6532663316582923,12239,1
09/15/2026,14:14:21,774.88,796.0,2.6532663316582923,12240,1
09/15/2026,14:14:21,774.88,796.0,2.6532663316582923,12241,0
09/15/2026,14:14:21,774.88,796.0,2.6532663316582923,12242,0
09/15/2026,14:14:21,774.88,796.0,2.6532663316582923,12243,0
09/15/2026,14:14:21,774.88,796.0,2.6532663316582923,12244,0
09/15/2026,14:14:21,774.88,796.0,2.6532663316582923,12245,1
09/15/2026,14:14:21,774.88,796.0,2.6532663316582923,12246,0
09/15/2026,14:14:21,774.88,796.0,2.6532663316582923,12247,2
09/15/2026,14:14:21,774.88,796.0,2.6532663316582923,12248,1
09/15/2026,14:14:21,774.88,796.0,2.6532663316582923,12249,0
09/15/2026,14:14:21,774.88,796.0,2.6532663316582923,12250,0
09/15/2026,14:14:21,774.88,796.0,2.6532663316582923,12251,3
09/15/2026,14:14:21,774.88,796.0,2.6532663316582923,12252,0
09/15/2026,14:14:21,774.88,796.0,2.6532663316582923,12253,0
09/15/2026,14:14:21,774.88,796.0,2.6532663316582923,12254,1
09/15/2026,14:14:21,774.88,796.0,2.6532663316582923,12255,0
09/15/2026,14:14:21,774.88,796.0,2.6532663316582923,12256,1
09/15/2026,14:14:21,774.88,796.0,2.6532663316582923,12257,1
09/15/2026,14:14:21,774.88,796.0,2.6532663316582923,12258,1
09/15/2026,14:14:21,774.88,796.0,2.6532663316582923,12259,0
09/15/2026,14:14:21,774.88,796.0,2.6532663316582923,12260,1
09/15/2026,14:14:21,774.88,796.0,2.6532663316582923,12261,1
09/15/2026,14:14:21,774.88,796.0,2.6532663316582923,12262,2
09/15/2026,14:14:21,774.88,796.0,2.6532663316582923,12263,0
09/15/2026,14:14:21,774.88,796.0,2.6532663316582923,12264,0
09/15/2026,14:14:21,774.88,796.0,2.6532663316582923,12265,0
09/15/2026,14:14:21,774.88,796.0,2.6532663316582923,12266,0
09/15/2026,14:14:21,774.88,796.0,2.6532663316582923,12267,2
09/15/2026,14:14:21,774.88,796.0,2.6532663316582923,12268,0
09/15/2026,14:14:21,774.88,796.0,2.6532663316582923,12269,1
09/15/2026,14:14:21,774.88,796.0,2.6532663316582923,12270,1
09/15/2026,14:14:21,774.88,796.0,2.6532663316582923,12271,1
09/15/2026,14:14:21,774.88,796.0,2.6532663316582923,12272,0
09/15/2026,14:14:21,774.88,796.0,2.6532663316582923,12273,0
09/15/2026,14:14:21,774.88,796.0,2.6532663316582923,12274,2
09/15/2026,14:14:21,774.88,796.0,2.6532663316582923,12275,2
09/15/2026,14:14:21,774.88,796.0,2.6532663316582923,12276,0
09/15/2026,14:14:21,774.88,796.0,2.6532663316582923,12277,0
09/15/2026,14:14:21,774.88,796.0,2.6532663316582923,12278,0
09/15/2026,14:14:21,774.88,796.0,2.6532663316582923,12279,0
09/15/2026,14:14:21,774.88,796.0,2.6532663316582923,12280,0
09/15/2026,14:14:21,774.88,796.0,2.6532663316582923,12281,0
09/15/2026,14:14:21,774.88,796.0,2.6532663316582923,12282,0
09/15/2026,14:14:21,774.88,796.0,2.6532663316582923,12283,0
09/15/2026,14:14:21,774.88,796.0,2.6532663316582923,12284,1
09/15/2026,14:14:21,774.88,796.0,2.6532663316582923,12285,1
09/15/2026,14:14:21,774.88,796.0,2.6532663316582923,12286,0
09/15/2026,14:14:21,774.88,796.0,2.6532663316582923,12287,1
09/15/2026,14:14:21,774.88,796.0,2.6532663316582923,12288,1
09/15/2026,14:14:21,774.88,796.0,2.6532663316582923,12289,1
09/15/2026,14:14:21,774.88,796.0,2.6532663316582923,12290,0
09/15/2026,14:14:21,774.88,796.0,2.6532663316582923,12291,0
09/15/2026,14:14:21,774.88,796.0,2.6532663316582923,12292,0
09/15/2026,14:14:21,774.88,796.0,2.6532663316582923,12293,1
09/15/2026,14:14:21,774.88,796.0,2.6532663316582923,12294,0
09/15/2026,14:14:21,774.88,796.0,2.6532663316582923,12295,0
09/15/2026,14:14:21,774.88,796.0,2.6532663316582923,12296,1
09/15/2026,14:14:21,774.88,796.0,2.6532663316582923,12297,1
09/15/2026,14:14:21,774.88,796.0,2.6532663316582923,12298,1
09/15/2026,14:14:21,774.88,796.0,2.6532663316582923,12299,1
09/15/2026,14:14:21,774.88,796.0,2.6532663316582923,12300,0
09/15/2026,14:14:21,774.88,796.0,2.6532663316582923,12301,0
09/15/2026,14:14:21,774.88,796.0,2.6532663316582923,12302,0
09/15/2026,14:14:21,774.88,796.0,2.6532663316582923,12303,0
09/15/2026,14:14:21,774.88,796.0,2.6532663316582923,12304,0
09/15/2026,14:14:21,774.88,796.0,2.6532663316582923,12305,1
09/15/2026,14:14:21,774.88,796.0,2.6532663316582923,12306,2
09/15/2026,14:14:21,774.88,796.0,2.6532663316582923,12307,0
09/15/2026,14:14:21,774.88,796.0,2.6532663316582923,12308,0
09/15/2026,14:14:21,774.88,796.0,2.6532663316582923,12309,1
09/15/2026,14:14:21,774.88,796.0,2.6532663316582923,12310,0
09/15/2026,14:14:21,774.88,796.0,2.6532663316582923,12311,0
09/15/2026,14:14:21,774.88,796.0,2.6532663316582923,12312,1
09/15/2026,14:14:21,774.88,796.0,2.6532663316582923,12313,1
09/15/2026,14:14:21,774.88,796.0,2.6532663316582923,12314,0
09/15/2026,14:14:21,774.88,796.0,2.6532663316582923,12315,0
09/15/2026,14:14:21,774.88,796.0,2.6532663316582923,12316,0
09/15/2026,14:14:21,774.88,796.0,2.6532663316582923,12317,0
09/15/2026,14:14:21,774.88,796.0,2.6532663316582923,12318,0
09/15/2026,14:14:21,774.88,796.0,2.6532663316582923,12319,0
09/15/2026,14:14:21,774.88,796.0,2.6532663316582923,12320,2
09/15/2026,14:14:21,774.88,796.0,2.6532663316582923,12321,1
09/15/2026,14:14:21,774.88,796.0,2.6532663316582923,12322,1
09/15/2026,14:14:21,774.88,796.0,2.6532663316582923,12323,2
09/15/2026,14:14:21,774.88,796.0,2.6532663316582923,12324,0
09/15/2026,14:14:21,774.88,796.0,2.6532663316582923,12325,0
09/15/2026,14:14:21,774.88,796.0,2.6532663316582923,12326,0
09/15/2026,14:14:21,774.88,796.0,2.6532663316582923,12327,0
09/15/2026,14:14:21,774.88,796.0,2.6532663316582923,12328,0
09/15/2026,14:14:21,774.88,796.0,2.6532663316582923,12329,0
09/15/2026,14:14:21,774.88,796.0,2.6532663316582923,12330,1
09/15/2026,14:14:21,774.88,796.0,2.6532663316582923,12331,1
09/15/2026,14:14:21,774.88,796.0,2.6532663316582923,12332,0
09/15/2026,14:14:21,774.88,796.0,2.6532663316582923,12333,0
09/15/2026,14:14:21,774.88,796.0,2.6532663316582923,12334,0
09/15/2026,14:14:21,774.88,796.0,2.6532663316582923,12335,1
09/15/2026,14:14:21,774.88,796.0,2.6532663316582923,12336,2
09/15/2026,14:14:21,774.88,796.0,2.6532663316582923,12337,0
09/15/2026,14:14:21,774.88,796.0,2.6532663316582923,12338,1
09/15/2026,14:14:21,774.88,796.0,2.6532663316582923,12339,0
09/15/2026,14:14:21,774.88,796.0,2.6532663316582923,12340,1
09/15/2026,14:14:21,774.88,796.0,2.6532663316582923,12341,1
09/15/2026,14:14:21,774.88,796.0,2.6532663316582923,12342,0
09/15/2026,14:14:21,774.88,796.0,2.6532663316582923,12343,2
09/15/2026,14:14:21,774.88,796.0,2.6532663316582923,12344,0
09/15/2026,14:14:21,774.88,796.0,2.6532663316582923,12345,0
09/15/2026,14:14:21,774.88,796.0,2.6532663316582923,12346,1
09/15/2026,14:14:21,774.88,796.0,2.6532663316582923,12347,2
09/15/2026,14:14:21,774.88,796.0,2.6532663316582923,12348,1
09/15/2026,14:14:21,774.88,796.0,2.6532663316582923,12349,1
09/15/2026,14:14:21,774.88,796.0,2.6532663316582923,12350,0
09/15/2026,14:14:21,774.88,796.0,2.6532663316582923,12351,0
09/15/2026,14:14:21,774.88,796.0,2.6532663316582923,12352,2
09/15/2026,14:14:21,774.88,796.0,2.6532663316582923,12353,1
09/15/2026,14:14:21,774.88,796.0,2.6532663316582923,12354,0
09/15/2026,14:14:21,774.88,796.0,2.6532663316582923,12355,2
09/15/2026,14:14:21,774.88,796.0,2.6532663316582923,12356,0
09/15/2026,14:14:21,774.88,796.0,2.6532663316582923,12357,0
09/15/2026,14:14:21,774.88,796.0,2.6532663316582923,12358,0
09/15/2026,14:14:21,774.88,796.0,2.6532663316582923,12359,1
09/15/2026,14:14:21,774.88,796.0,2.6532663316582923,12360,1
09/15/2026,14:14:21,774.88,796.0,2.6532663316582923,12361,2
09/15/2026,14:14:21,774.88,796.0,2.6532663316582923,12362,0
09/15/2026,14:14:21,774.88,796.0,2.6532663316582923,12363,0
09/15/2026,14:14:21,774.88,796.0,2.6532663316582923,12364,0
09/15/2026,14:14:21,774.88,796.0,2.6532663316582923,12365,1
09/15/2026,14:14:21,774.88,796.0,2.6532663316582923,12366,1
09/15/2026,14:14:21,774.88,796.0,2.6532663316582923,12367,0
09/15/2026,14:14:21,774.88,796.0,2.6532663316582923,12368,0
09/15/2026,14:14:21,774.88,796.0,2.6532663316582923,12369,0
09/15/2026,14:14:21,774.88,796.0,2.6532663316582923,12370,0
09/15/2026,14:14:21,774.88,796.0,2.6532663316582923,12371,1
09/15/2026,14:14:21,774.88,796.0,2.6532663316582923,12372,0
09/15/2026,14:14:21,774.88,796.0,2.6532663316582923,12373,0
09/15/2026,14:14:21,774.88,796.0,2.6532663316582923,12374,0
09/15/2026,14:14:21,774.88,796.0,2.6532663316582923,12375,1
09/15/2026,14:14:21,774.88,796.0,2.6532663316582923,12376,0
09/15/2026,14:14:21,774.88,796.0,2.6532663316582923,12377,2
09/15/2026,14:14:21,774.88,796.0,2.6532663316582923,12378,1
09/15/2026,14:14:21,774.88,796.0,2.6532663316582923,12379,0
09/15/2026,14:14:21,774.88,796.0,2.6532663316582923,12380,0
09/15/2026,14:14:21,774.88,796.0,2.6532663316582923,12381,0
09/15/2026,14:14:21,774.88,796.0,2.6532663316582923,12382,0
09/15/2026,14:14:21,774.88,796.0,2.6532663316582923,12383,0
09/15/2026,14:14:21,774.88,796.0,2.6532663316582923,12384,3
09/15/2026,14:14:21,774.88,796.0,2.6532663316582923,12385,0
09/15/2026,14:14:21,774.88,796.0,2.6532663316582923,12386,0
09/15/2026,14:14:21,774.88,796.0,2.6532663316582923,12387,0
09/15/2026,14:14:21,774.88,796.0,2.6532663316582923,12388,0
09/15/2026,14:14:21,774.88,796.0,2.6532663316582923,12389,1
09/15/2026,14:14:21,774.88,796.0,2.6532663316582923,12390,0
09/15/2026,14:14:21,774.88,796.0,2.6532663316582923,12391,0
09/15/2026,14:14:21,774.88,796.0,2.6532663316582923,12392,0
09/15/2026,14:14:21,774.88,796.0,2.6532663316582923,12393,0
09/15/2026,14:14:21,774.88,796.0,2.6532663316582923,12394,0
09/15/2026,14:14:21,774.88,796.0,2.6532663316582923,12395,0
09/15/2026,14:14:21,774.88,796.0,2.6532663316582923,12396,1
09/15/2026,14:14:21,774.88,796.0,2.6532663316582923,12397,0
09/15/2026,14:14:21,774.88,796.0,2.6532663316582923,12398,0
09/15/2026,14:14:21,774.88,796.0,2.6532663316582923,12399,0
09/15/2026,14:14:21,774.88,796.0,2.6532663316582923,12400,0
09/15/2026,14:14:21,774.88,796.0,2.6532663316582923,12401,0
09/15/2026,14:14:21,774.88,796.0,2.6532663316582923,12402,1
09/15/2026,14:14:21,774.88,796.0,2.6532663316582923,12403,0
09/15/2026,14:14:21,774.88,796.0,2.6532663316582923,12404,1
09/15/2026,14:14:21,774.88,796.0,2.6532663316582923,12405,1
09/15/2026,14:14:21,774.88,796.0,2.6532663316582923,12406,0
09/15/2026,14:14:21,774.88,796.0,2.6532663316582923,12407,1
09/15/2026,14:14:21,774.88,796.0,2.6532663316582923,12408,1
09/15/2026,14:14:21,774.88,796.0,2.6532663316582923,12409,0
09/15/2026,14:14:21,774.88,796.0,2.6532663316582923,12410,2
09/15/2026,14:14:21,774.88,796.0,2.6532663316582923,12411,0
09/15/2026,14:14:21,774.88,796.0,2.6532663316582923,12412,0
09/15/2026,14:14:21,774.88,796.0,2.6532663316582923,12413,2
09/15/2026,14:14:21,774.88,796.0,2.6532663316582923,12414,1
09/15/2026,14:14:21,774.88,796.0,2.6532663316582923,12415,0
09/15/2026,14:14:21,774.88,796.0,2.6532663316582923,12416,1
09/15/2026,14:14:21,774.88,796.0,2.6532663316582923,12417,0
09/15/2026,14:14:21,774.88,796.0,2.6532663316582923,12418,1
09/15/2026,14:14:21,774.88,796.0,2.6532663316582923,12419,0
09/15/2026,14:14:21,774.88,796.0,2.6532663316582923,12420,1
09/15/2026,14:14:21,774.88,796.0,2.6532663316582923,12421,2
09/15/2026,14:14:21,774.88,796.0,2.6532663316582923,12422,1
09/15/2026,14:14:21,774.88,796.0,2.6532663316582923,12423,0
09/15/2026,14:14:21,774.88,796.0,2.6532663316582923,12424,1
09/15/2026,14:14:21,774.88,796.0,2.6532663316582923,12425,0
09/15/2026,14:14:21,774.88,796.0,2.6532663316582923,12426,0
09/15/2026,14:14:21,774.88,796.0,2.6532663316582923,12427,1
09/15/2026,14:14:21,774.88,796.0,2.6532663316582923,12428,1
09/15/2026,14:14:21,774.88,796.0,2.6532663316582923,12429,1
09/15/2026,14:14:21,774.88,796.0,2.6532663316582923,12430,0
09/15/2026,14:14:21,774.88,796.0,2.6532663316582923,12431,0
09/15/2026,14:14:21,774.88,796.0,2.6532663316582923,12432,0
09/15/2026,14:14:21,774.88,796.0,2.6532663316582923,12433,0
09/15/2026,14:14:21,774.88,796.0,2.6532663316582923,12434,0
09/15/2026,14:14:21,774.88,796.0,2.6532663316582923,12435,1
09/15/2026,14:14:21,774.88,796.0,2.6532663316582923,12436,1
09/15/2026,14:14:21,774.88,796.0,2.6532663316582923,12437,0
09/15/2026,14:14:21,774.88,796.0,2.6532663316582923,12438,1
09/15/2026,14:14:21,774.88,796.0,2.6532663316582923,12439,1
09/15/2026,14:14:21,774.88,796.0,2.6532663316582923,12440,2
09/15/2026,14:14:21,774.88,796.0,2.6532663316582923,12441,0
09/15/2026,14:14:21,774.88,796.0,2.6532663316582923,12442,0
09/15/2026,14:14:21,774.88,796.0,2.6532663316582923,12443,0
09/15/2026,14:14:21,774.88,796.0,2.6532663316582923,12444,0
09/15/2026,14:14:21,774.88,796.0,2.6532663316582923,12445,0
09/15/2026,14:14:21,774.88,796.0,2.6532663316582923,12446,1
09/15/2026,14:14:21,774.88,796.0,2.6532663316582923,12447,3
09/15/2026,14:14:21,774.88,796.0,2.6532663316582923,12448,0
09/15/2026,14:14:21,774.88,796.0,2.6532663316582923,12449,0
09/15/2026,14:14:21,774.88,796.0,2.6532663316582923,12450,0
09/15/2026,14:14:21,774.88,796.0,2.6532663316582923,12451,0
09/15/2026,14:14:21,774.88,796.0,2.6532663316582923,12452,0
09/15/2026,14:14:21,774.88,796.0,2.6532663316582923,12453,1
09/15/2026,14:14:21,774.88,796.0,2.6532663316582923,12454,2
09/15/2026,14:14:21,774.88,796.0,2.6532663316582923,12455,1
09/15/2026,14:14:21,774.88,796.0,2.6532663316582923,12456,0
09/15/2026,14:14:21,774.88,796.0,2.6532663316582923,12457,1
09/15/2026,14:14:21,774.88,796.0,2.6532663316582923,12458,0
09/15/2026,14:14:21,774.88,796.0,2.6532663316582923,12459,1
09/15/2026,14:14:21,774.88,796.0,2.6532663316582923,12460,1
09/15/2026,14:14:21,774.88,796.0,2.6532663316582923,12461,1
09/15/2026,14:14:21,774.88,796.0,2.6532663316582923,12462,0
09/15/2026,14:14:21,774.88,796.0,2.6532663316582923,12463,2
09/15/2026,14:14:21,774.88,796.0,2.6532663316582923,12464,1
09/15/2026,14:14:21,774.88,796.0,2.6532663316582923,12465,0
09/15/2026,14:14:21,774.88,796.0,2.6532663316582923,12466,2
09/15/2026,14:14:21,774.88,796.0,2.6532663316582923,12467,1
09/15/2026,14:14:21,774.88,796.0,2.6532663316582923,12468,0
09/15/2026,14:14:21,774.88,796.0,2.6532663316582923,12469,1
09/15/2026,14:14:21,774.88,796.0,2.6532663316582923,12470,0
09/15/2026,14:14:21,774.88,796.0,2.6532663316582923,12471,3
09/15/2026,14:14:21,774.88,796.0,2.6532663316582923,12472,0
09/15/2026,14:14:21,774.88,796.0,2.6532663316582923,12473,0
09/15/2026,14:14:21,774.88,796.0,2.6532663316582923,12474,1
09/15/2026,14:14:21,774.88,796.0,2.6532663316582923,12475,2
09/15/2026,14:14:21,774.88,796.0,2.6532663316582923,12476,0
09/15/2026,14:14:21,774.88,796.0,2.6532663316582923,12477,0
09/15/2026,14:14:21,774.88,796.0,2.6532663316582923,12478,0
09/15/2026,14:14:21,774.88,796.0,2.6532663316582923,12479,0
09/15/2026,14:14:21,774.88,796.0,2.6532663316582923,12480,2
09/15/2026,14:14:21,774.88,796.0,2.6532663316582923,12481,1
09/15/2026,14:14:21,774.88,796.0,2.6532663316582923,12482,0
09/15/2026,14:14:21,774.88,796.0,2.6532663316582923,12483,0
09/15/2026,14:14:21,774.88,796.0,2.6532663316582923,12484,0
09/15/2026,14:14:21,774.88,796.0,2.6532663316582923,12485,1
09/15/2026,14:14:21,774.88,796.0,2.6532663316582923,12486,0
09/15/2026,14:14:21,774.88,796.0,2.6532663316582923,12487,1
09/15/2026,14:14:21,774.88,796.0,2.6532663316582923,12488,0
09/15/2026,14:14:21,774.88,796.0,2.6532663316582923,12489,3
09/15/2026,14:14:21,774.88,796.0,2.6532663316582923,12490,0
09/15/2026,14:14:21,774.88,796.0,2.6532663316582923,12491,0
09/15/2026,14:14:21,774.88,796.0,2.6532663316582923,12492,1
09/15/2026,14:14:21,774.88,796.0,2.6532663316582923,12493,1
09/15/2026,14:14:21,774.88,796.0,2.6532663316582923,12494,0
09/15/2026,14:14:21,774.88,796.0,2.6532663316582923,12495,0
09/15/2026,14:14:21,774.88,796.0,2.6532663316582923,12496,0
09/15/2026,14:14:21,774.88,796.0,2.6532663316582923,12497,1
09/15/2026,14:14:21,774.88,796.0,2.6532663316582923,12498,0
09/15/2026,14:14:21,774.88,796.0,2.6532663316582923,12499,0
09/15/2026,14:14:21,774.88,796.0,2.6532663316582923,12500,0
09/15/2026,14:14:21,774.88,796.0,2.6532663316582923,12501,0
09/15/2026,14:14:21,774.88,796.0,2.6532663316582923,12502,0
09/15/2026,14:14:21,774.88,796.0,2.6532663316582923,12503,0
09/15/2026,14:14:21,774.88,796.0,2.6532663316582923,12504,1
09/15/2026,14:14:21,774.88,796.0,2.6532663316582923,12505,1
09/15/2026,14:14:21,774.88,796.0,2.6532663316582923,12506,0
09/15/2026,14:14:21,774.88,796.0,2.6532663316582923,12507,1
09/15/2026,14:14:21,774.88,796.0,2.6532663316582923,12508,0
09/15/2026,14:14:21,774.88,796.0,2.6532663316582923,12509,1
09/15/2026,14:14:21,774.88,796.0,2.6532663316582923,12510,2
09/15/2026,14:14:21,774.88,796.0,2.6532663316582923,12511,1
09/15/2026,14:14:21,774.88,796.0,2.6532663316582923,12512,1
09/15/2026,14:14:21,774.88,796.0,2.6532663316582923,12513,3
09/15/2026,14:14:21,774.88,796.0,2.6532663316582923,12514,1
09/15/2026,14:14:21,774.88,796.0,2.6532663316582923,12515,1
09/15/2026,14:14:21,774.88,796.0,2.6532663316582923,12516,0
09/15/2026,14:14:21,774.88,796.0,2.6532663316582923,12517,0
09/15/2026,14:14:21,774.88,796.0,2.6532663316582923,12518,0
09/15/2026,14:14:21,774.88,796.0,2.6532663316582923,12519,1
09/15/2026,14:14:21,774.88,796.0,2.6532663316582923,12520,1
09/15/2026,14:14:21,774.88,796.0,2.6532663316582923,12521,0
09/15/2026,14:14:21,774.88,796.0,2.6532663316582923,12522,2
09/15/2026,14:14:21,774.88,796.0,2.6532663316582923,12523,1
09/15/2026,14:14:21,774.88,796.0,2.6532663316582923,12524,1
09/15/2026,14:14:21,774.88,796.0,2.6532663316582923,12525,2
09/15/2026,14:14:21,774.88,796.0,2.6532663316582923,12526,0
09/15/2026,14:14:21,774.88,796.0,2.6532663316582923,12527,1
09/15/2026,14:14:21,774.88,796.0,2.6532663316582923,12528,1
09/15/2026,14:14:21,774.88,796.0,2.6532663316582923,12529,0
09/15/2026,14:14:21,774.88,796.0,2.6532663316582923,12530,2
09/15/2026,14:14:21,774.88,796.0,2.6532663316582923,12531,1
09/15/2026,14:14:21,774.88,796.0,2.6532663316582923,12532,0
09/15/2026,14:14:21,774.88,796.0,2.6532663316582923,12533,2
09/15/2026,14:14:21,774.88,796.0,2.6532663316582923,12534,1
09/15/2026,14:14:21,774.88,796.0,2.6532663316582923,12535,1
09/15/2026,14:14:21,774.88,796.0,2.6532663316582923,12536,1
09/15/2026,14:14:21,774.88,796.0,2.6532663316582923,12537,2
09/15/2026,14:14:21,774.88,796.0,2.6532663316582923,12538,0
09/15/2026,14:14:21,774.88,796.0,2.6532663316582923,12539,1
09/15/2026,14:14:21,774.88,796.0,2.6532663316582923,12540,1
09/15/2026,14:14:21,774.88,796.0,2.6532663316582923,12541,1
09/15/2026,14:14:21,774.88,796.0,2.6532663316582923,12542,0
09/15/2026,14:14:21,774.88,796.0,2.6532663316582923,12543,0
09/15/2026,14:14:21,774.88,796.0,2.6532663316582923,12544,1
09/15/2026,14:14:21,774.88,796.0,2.6532663316582923,12545,2
09/15/2026,14:14:21,774.88,796.0,2.6532663316582923,12546,1
09/15/2026,14:14:21,774.88,796.0,2.6532663316582923,12547,1
09/15/2026,14:14:21,774.88,796.0,2.6532663316582923,12548,0
09/15/2026,14:14:21,774.88,796.0,2.6532663316582923,12549,0
09/15/2026,14:14:21,774.88,796.0,2.6532663316582923,12550,1
09/15/2026,14:14:21,774.88,796.0,2.6532663316582923,12551,0
09/15/2026,14:14:21,774.88,796.0,2.6532663316582923,12552,1
09/15/2026,14:14:21,774.88,796.0,2.6532663316582923,12553,1
09/15/2026,14:14:21,774.88,796.0,2.6532663316582923,12554,0
09/15/2026,14:14:21,774.88,796.0,2.6532663316582923,12555,0
09/15/2026,14:14:21,774.88,796.0,2.6532663316582923,12556,2
09/15/2026,14:14:21,774.88,796.0,2.6532663316582923,12557,1
09/15/2026,14:14:21,774.88,796.0,2.6532663316582923,12558,1
09/15/2026,14:14:21,774.88,796.0,2.6532663316582923,12559,1
09/15/2026,14:14:21,774.88,796.0,2.6532663316582923,12560,2
09/15/2026,14:14:21,774.88,796.0,2.6532663316582923,12561,0
09/15/2026,14:14:21,774.88,796.0,2.6532663316582923,12562,3
09/15/2026,14:14:21,774.88,796.0,2.6532663316582923,12563,3
09/15/2026,14:14:21,774.88,796.0,2.6532663316582923,12564,1
09/15/2026,14:14:21,774.88,796.0,2.6532663316582923,12565,1
09/15/2026,14:14:21,774.88,796.0,2.6532663316582923,12566,0
09/15/2026,14:14:21,774.88,796.0,2.6532663316582923,12567,0
09/15/2026,14:14:21,774.88,796.0,2.6532663316582923,12568,0
09/15/2026,14:14:21,774.88,796.0,2.6532663316582923,12569,0
09/15/2026,14:14:21,774.88,796.0,2.6532663316582923,12570,0
09/15/2026,14:14:21,774.88,796.0,2.6532663316582923,12571,1
09/15/2026,14:14:21,774.88,796.0,2.6532663316582923,12572,1
09/15/2026,14:14:21,774.88,796.0,2.6532663316582923,12573,0
09/15/2026,14:14:21,774.88,796.0,2.6532663316582923,12574,1
09/15/2026,14:14:21,774.88,796.0,2.6532663316582923,12575,0
09/15/2026,14:14:21,774.88,796.0,2.6532663316582923,12576,0
09/15/2026,14:14:21,774.88,796.0,2.6532663316582923,12577,1
09/15/2026,14:14:21,774.88,796.0,2.6532663316582923,12578,0
09/15/2026,14:14:21,774.88,796.0,2.6532663316582923,12579,1
09/15/2026,14:14:21,774.88,796.0,2.6532663316582923,12580,0
09/15/2026,14:14:21,774.88,796.0,2.6532663316582923,12581,0
09/15/2026,14:14:21,774.88,796.0,2.6532663316582923,12582,0
09/15/2026,14:14:21,774.88,796.0,2.6532663316582923,12583,0
09/15/2026,14:14:21,774.88,796.0,2.6532663316582923,12584,1
09/15/2026,14:14:21,774.88,796.0,2.6532663316582923,12585,0
09/15/2026,14:14:21,774.88,796.0,2.6532663316582923,12586,1
09/15/2026,14:14:21,774.88,796.0,2.6532663316582923,12587,1
09/15/2026,14:14:21,774.88,796.0,2.6532663316582923,12588,0
09/15/2026,14:14:21,774.88,796.0,2.6532663316582923,12589,0
09/15/2026,14:14:21,774.88,796.0,2.6532663316582923,12590,0
09/15/2026,14:14:21,774.88,796.0,2.6532663316582923,12591,2
09/15/2026,14:14:21,774.88,796.0,2.6532663316582923,12592,1
09/15/2026,14:14:21,774.88,796.0,2.6532663316582923,12593,0
09/15/2026,14:14:21,774.88,796.0,2.6532663316582923,12594,0
09/15/2026,14:14:21,774.88,796.0,2.6532663316582923,12595,1
09/15/2026,14:14:21,774.88,796.0,2.6532663316582923,12596,0
09/15/2026,14:14:21,774.88,796.0,2.6532663316582923,12597,2
09/15/2026,14:14:21,774.88,796.0,2.6532663316582923,12598,0
09/15/2026,14:14:21,774.88,796.0,2.6532663316582923,12599,0
09/15/2026,14:14:21,774.88,796.0,2.6532663316582923,12600,0
09/15/2026,14:14:21,774.88,796.0,2.6532663316582923,12601,1
09/15/2026,14:14:21,774.88,796.0,2.6532663316582923,12602,2
09/15/2026,14:14:21,774.88,796.0,2.6532663316582923,12603,0
09/15/2026,14:14:21,774.88,796.0,2.6532663316582923,12604,1
09/15/2026,14:14:21,774.88,796.0,2.6532663316582923,12605,0
09/15/2026,14:14:21,774.88,796.0,2.6532663316582923,12606,1
09/15/2026,14:14:21,774.88,796.0,2.6532663316582923,12607,1
09/15/2026,14:14:21,774.88,796.0,2.6532663316582923,12608,1
09/15/2026,14:14:21,774.88,796.0,2.6532663316582923,12609,0
09/15/2026,14:14:21,774.88,796.0,2.6532663316582923,12610,1
09/15/2026,14:14:21,774.88,796.0,2.6532663316582923,12611,0
09/15/2026,14:14:21,774.88,796.0,2.6532663316582923,12612,0
09/15/2026,14:14:21,774.88,796.0,2.6532663316582923,12613,0
09/15/2026,14:14:21,774.88,796.0,2.6532663316582923,12614,0
09/15/2026,14:14:21,774.88,796.0,2.6532663316582923,12615,0
09/15/2026,14:14:21,774.88,796.0,2.6532663316582923,12616,0
09/15/2026,14:14:21,774.88,796.0,2.6532663316582923,12617,1
09/15/2026,14:14:21,774.88,796.0,2.6532663316582923,12618,0
09/15/2026,14:14:21,774.88,796.0,2.6532663316582923,12619,0
09/15/2026,14:14:21,774.88,796.0,2.6532663316582923,12620,0
09/15/2026,14:14:21,774.88,796.0,2.6532663316582923,12621,3
09/15/2026,14:14:21,774.88,796.0,2.6532663316582923,12622,2
09/15/2026,14:14:21,774.88,796.0,2.6532663316582923,12623,1
09/15/2026,14:14:21,774.88,796.0,2.6532663316582923,12624,0
09/15/2026,14:14:21,774.88,796.0,2.6532663316582923,12625,2
09/15/2026,14:14:21,774.88,796.0,2.6532663316582923,12626,2
09/15/2026,14:14:21,774.88,796.0,2.6532663316582923,12627,3
09/15/2026,14:14:21,774.88,796.0,2.6532663316582923,12628,0
09/15/2026,14:14:21,774.88,796.0,2.6532663316582923,12629,1
09/15/2026,14:14:21,774.88,796.0,2.6532663316582923,12630,0
09/15/2026,14:14:21,774.88,796.0,2.6532663316582923,12631,0
09/15/2026,14:14:21,774.88,796.0,2.6532663316582923,12632,0
09/15/2026,14:14:21,774.88,796.0,2.6532663316582923,12633,0
09/15/2026,14:14:21,774.88,796.0,2.6532663316582923,12634,2
09/15/2026,14:14:21,774.88,796.0,2.6532663316582923,12635,0
09/15/2026,14:14:21,774.88,796.0,2.6532663316582923,12636,0
09/15/2026,14:14:21,774.88,796.0,2.6532663316582923,12637,0
09/15/2026,14:14:21,774.88,796.0,2.6532663316582923,12638,0
09/15/2026,14:14:21,774.88,796.0,2.6532663316582923,12639,0
09/15/2026,14:14:21,774.88,796.0,2.6532663316582923,12640,1
09/15/2026,14:14:21,774.88,796.0,2.6532663316582923,12641,0
09/15/2026,14:14:21,774.88,796.0,2.6532663316582923,12642,0
09/15/2026,14:14:21,774.88,796.0,2.6532663316582923,12643,0
09/15/2026,14:14:21,774.88,796.0,2.6532663316582923,12644,1
09/15/2026,14:14:21,774.88,796.0,2.6532663316582923,12645,1
09/15/2026,14:14:21,774.88,796.0,2.6532663316582923,12646,0
09/15/2026,14:14:21,774.88,796.0,2.6532663316582923,12647,0
09/15/2026,14:14:21,774.88,796.0,2.6532663316582923,12648,0
09/15/2026,14:14:21,774.88,796.0,2.6532663316582923,12649,1
09/15/2026,14:14:21,774.88,796.0,2.6532663316582923,12650,0
09/15/2026,14:14:21,774.88,796.0,2.6532663316582923,12651,2
09/15/2026,14:14:21,774.88,796.0,2.6532663316582923,12652,0
09/15/2026,14:14:21,774.88,796.0,2.6532663316582923,12653,1
09/15/2026,14:14:21,774.88,796.0,2.6532663316582923,12654,1
09/15/2026,14:14:21,774.88,796.0,2.6532663316582923,12655,1
09/15/2026,14:14:21,774.88,796.0,2.6532663316582923,12656,1
09/15/2026,14:14:21,774.88,796.0,2.6532663316582923,12657,0
09/15/2026,14:14:21,774.88,796.0,2.6532663316582923,12658,1
09/15/2026,14:14:21,774.88,796.0,2.6532663316582923,12659,0
09/15/2026,14:14:21,774.88,796.0,2.6532663316582923,12660,0
09/15/2026,14:14:21,774.88,796.0,2.6532663316582923,12661,1
09/15/2026,14:14:21,774.88,796.0,2.6532663316582923,12662,0
09/15/2026,14:14:21,774.88,796.0,2.6532663316582923,12663,2
09/15/2026,14:14:21,774.88,796.0,2.6532663316582923,12664,0
09/15/2026,14:14:21,774.88,796.0,2.6532663316582923,12665,0
09/15/2026,14:14:21,774.88,796.0,2.6532663316582923,12666,0
09/15/2026,14:14:21,774.88,796.0,2.6532663316582923,12667,1
09/15/2026,14:14:21,774.88,796.0,2.6532663316582923,12668,0
09/15/2026,14:14:21,774.88,796.0,2.6532663316582923,12669,0
09/15/2026,14:14:21,774.88,796.0,2.6532663316582923,12670,0
09/15/2026,14:14:21,774.88,796.0,2.6532663316582923,12671,0
09/15/2026,14:14:21,774.88,796.0,2.6532663316582923,12672,1
09/15/2026,14:14:21,774.88,796.0,2.6532663316582923,12673,2
09/15/2026,14:14:21,774.88,796.0,2.6532663316582923,12674,1
09/15/2026,14:14:21,774.88,796.0,2.6532663316582923,12675,0
09/15/2026,14:14:21,774.88,796.0,2.6532663316582923,12676,1
09/15/2026,14:14:21,774.88,796.0,2.6532663316582923,12677,2
09/15/2026,14:14:21,774.88,796.0,2.6532663316582923,12678,0
09/15/2026,14:14:21,774.88,796.0,2.6532663316582923,12679,2
09/15/2026,14:14:21,774.88,796.0,2.6532663316582923,12680,1
09/15/2026,14:14:21,774.88,796.0,2.6532663316582923,12681,1
09/15/2026,14:14:21,774.88,796.0,2.6532663316582923,12682,0
09/15/2026,14:14:21,774.88,796.0,2.6532663316582923,12683,0
09/15/2026,14:14:21,774.88,796.0,2.6532663316582923,12684,2
09/15/2026,14:14:21,774.88,796.0,2.6532663316582923,12685,1
09/15/2026,14:14:21,774.88,796.0,2.6532663316582923,12686,0
09/15/2026,14:14:21,774.88,796.0,2.6532663316582923,12687,0
09/15/2026,14:14:21,774.88,796.0,2.6532663316582923,12688,0
09/15/2026,14:14:21,774.88,796.0,2.6532663316582923,12689,3
09/15/2026,14:14:21,774.88,796.0,2.6532663316582923,12690,1
09/15/2026,14:14:21,774.88,796.0,2.6532663316582923,12691,0
09/15/2026,14:14:21,774.88,796.0,2.6532663316582923,12692,2
09/15/2026,14:14:21,774.88,796.0,2.6532663316582923,12693,1
09/15/2026,14:14:21,774.88,796.0,2.6532663316582923,12694,2
09/15/2026,14:14:21,774.88,796.0,2.6532663316582923,12695,0
09/15/2026,14:14:21,774.88,796.0,2.6532663316582923,12696,0
09/15/2026,14:14:21,774.88,796.0,2.6532663316582923,12697,2
09/15/2026,14:14:21,774.88,796.0,2.6532663316582923,12698,0
09/15/2026,14:14:21,774.88,796.0,2.6532663316582923,12699,0
09/15/2026,14:14:21,774.88,796.0,2.6532663316582923,12700,0
09/15/2026,14:14:21,774.88,796.0,2.6532663316582923,12701,0
09/15/2026,14:14:21,774.88,796.0,2.6532663316582923,12702,1
09/15/2026,14:14:21,774.88,796.0,2.6532663316582923,12703,0
09/15/2026,14:14:21,774.88,796.0,2.6532663316582923,12704,0
09/15/2026,14:14:21,774.88,796.0,2.6532663316582923,12705,1
09/15/2026,14:14:21,774.88,796.0,2.6532663316582923,12706,0
09/15/2026,14:14:21,774.88,796.0,2.6532663316582923,12707,0
09/15/2026,14:14:21,774.88,796.0,2.6532663316582923,12708,0
09/15/2026,14:14:21,774.88,796.0,2.6532663316582923,12709,0
09/15/2026,14:14:21,774.88,796.0,2.6532663316582923,12710,1
09/15/2026,14:14:21,774.88,796.0,2.6532663316582923,12711,0
09/15/2026,14:14:21,774.88,796.0,2.6532663316582923,12712,0
09/15/2026,14:14:21,774.88,796.0,2.6532663316582923,12713,0
09/15/2026,14:14:21,774.88,796.0,2.6532663316582923,12714,0
09/15/2026,14:14:21,774.88,796.0,2.6532663316582923,12715,0
09/15/2026,14:14:21,774.88,796.0,2.6532663316582923,12716,1
09/15/2026,14:14:21,774.88,796.0,2.6532663316582923,12717,0
09/15/2026,14:14:21,774.88,796.0,2.6532663316582923,12718,0
09/15/2026,14:14:21,774.88,796.0,2.6532663316582923,12719,0
09/15/2026,14:14:21,774.88,796.0,2.6532663316582923,12720,0
09/15/2026,14:14:21,774.88,796.0,2.6532663316582923,12721,0
09/15/2026,14:14:21,774.88,796.0,2.6532663316582923,12722,0
09/15/2026,14:14:21,774.88,796.0,2.6532663316582923,12723,0
09/15/2026,14:14:21,774.88,796.0,2.6532663316582923,12724,0
09/15/2026,14:14:21,774.88,796.0,2.6532663316582923,12725,0
09/15/2026,14:14:21,774.88,796.0,2.6532663316582923,12726,2
09/15/2026,14:14:21,774.88,796.0,2.6532663316582923,12727,0
09/15/2026,14:14:21,774.88,796.0,2.6532663316582923,12728,0
09/15/2026,14:14:21,774.88,796.0,2.6532663316582923,12729,0
09/15/2026,14:14:21,774.88,796.0,2.6532663316582923,12730,0
09/15/2026,14:14:21,774.88,796.0,2.6532663316582923,12731,2
09/15/2026,14:14:21,774.88,796.0,2.6532663316582923,12732,1
09/15/2026,14:14:21,774.88,796.0,2.6532663316582923,12733,1
09/15/2026,14:14:21,774.88,796.0,2.6532663316582923,12734,1
09/15/2026,14:14:21,774.88,796.0,2.6532663316582923,12735,1
09/15/2026,14:14:21,774.88,796.0,2.6532663316582923,12736,0
09/15/2026,14:14:21,774.88,796.0,2.6532663316582923,12737,0
09/15/2026,14:14:21,774.88,796.0,2.6532663316582923,12738,1
09/15/2026,14:14:21,774.88,796.0,2.6532663316582923,12739,1
09/15/2026,14:14:21,774.88,796.0,2.6532663316582923,12740,0
09/15/2026,14:14:21,774.88,796.0,2.6532663316582923,12741,1
09/15/2026,14:14:21,774.88,796.0,2.6532663316582923,12742,1
09/15/2026,14:14:21,774.88,796.0,2.6532663316582923,12743,1
09/15/2026,14:14:21,774.88,796.0,2.6532663316582923,12744,1
09/15/2026,14:14:21,774.88,796.0,2.6532663316582923,12745,0
09/15/2026,14:14:21,774.88,796.0,2.6532663316582923,12746,2
09/15/2026,14:14:21,774.88,796.0,2.6532663316582923,12747,0
09/15/2026,14:14:21,774.88,796.0,2.6532663316582923,12748,1
09/15/2026,14:14:21,774.88,796.0,2.6532663316582923,12749,0
09/15/2026,14:14:21,774.88,796.0,2.6532663316582923,12750,0
09/15/2026,14:14:21,774.88,796.0,2.6532663316582923,12751,0
09/15/2026,14:14:21,774.88,796.0,2.6532663316582923,12752,2
09/15/2026,14:14:21,774.88,796.0,2.6532663316582923,12753,0
09/15/2026,14:14:21,774.88,796.0,2.6532663316582923,12754,0
09/15/2026,14:14:21,774.88,796.0,2.6532663316582923,12755,1
09/15/2026,14:14:21,774.88,796.0,2.6532663316582923,12756,2
09/15/2026,14:14:21,774.88,796.0,2.6532663316582923,12757,0
09/15/2026,14:14:21,774.88,796.0,2.6532663316582923,12758,0
09/15/2026,14:14:21,774.88,796.0,2.6532663316582923,12759,0
09/15/2026,14:14:21,774.88,796.0,2.6532663316582923,12760,1
09/15/2026,14:14:21,774.88,796.0,2.6532663316582923,12761,0
09/15/2026,14:14:21,774.88,796.0,2.6532663316582923,12762,0
09/15/2026,14:14:21,774.88,796.0,2.6532663316582923,12763,1
09/15/2026,14:14:21,774.88,796.0,2.6532663316582923,12764,0
09/15/2026,14:14:21,774.88,796.0,2.6532663316582923,12765,0
09/15/2026,14:14:21,774.88,796.0,2.6532663316582923,12766,2
09/15/2026,14:14:21,774.88,796.0,2.6532663316582923,12767,1
09/15/2026,14:14:21,774.88,796.0,2.6532663316582923,12768,3
09/15/2026,14:14:21,774.88,796.0,2.6532663316582923,12769,0
09/15/2026,14:14:21,774.88,796.0,2.6532663316582923,12770,1
09/15/2026,14:14:21,774.88,796.0,2.6532663316582923,12771,0
09/15/2026,14:14:21,774.88,796.0,2.6532663316582923,12772,1
09/15/2026,14:14:21,774.88,796.0,2.6532663316582923,12773,0
09/15/2026,14:14:21,774.88,796.0,2.6532663316582923,12774,1
09/15/2026,14:14:21,774.88,796.0,2.6532663316582923,12775,1
09/15/2026,14:14:21,774.88,796.0,2.6532663316582923,12776,1
09/15/2026,14:14:21,774.88,796.0,2.6532663316582923,12777,0
09/15/2026,14:14:21,774.88,796.0,2.6532663316582923,12778,1
09/15/2026,14:14:21,774.88,796.0,2.6532663316582923,12779,2
09/15/2026,14:14:21,774.88,796.0,2.6532663316582923,12780,3
09/15/2026,14:14:21,774.88,796.0,2.6532663316582923,12781,2
09/15/2026,14:14:21,774.88,796.0,2.6532663316582923,12782,1
09/15/2026,14:14:21,774.88,796.0,2.6532663316582923,12783,1
09/15/2026,14:14:21,774.88,796.0,2.6532663316582923,12784,0
09/15/2026,14:14:21,774.88,796.0,2.6532663316582923,12785,1
09/15/2026,14:14:21,774.88,796.0,2.6532663316582923,12786,1
09/15/2026,14:14:21,774.88,796.0,2.6532663316582923,12787,1
09/15/2026,14:14:21,774.88,796.0,2.6532663316582923,12788,0
09/15/2026,14:14:21,774.88,796.0,2.6532663316582923,12789,0
09/15/2026,14:14:21,774.88,796.0,2.6532663316582923,12790,2
09/15/2026,14:14:21,774.88,796.0,2.6532663316582923,12791,1
09/15/2026,14:14:21,774.88,796.0,2.6532663316582923,12792,0
09/15/2026,14:14:21,774.88,796.0,2.6532663316582923,12793,2
09/15/2026,14:14:21,774.88,796.0,2.6532663316582923,12794,0
09/15/2026,14:14:21,774.88,796.0,2.6532663316582923,12795,2
09/15/2026,14:14:21,774.88,796.0,2.6532663316582923,12796,1
09/15/2026,14:14:21,774.88,796.0,2.6532663316582923,12797,2
09/15/2026,14:14:21,774.88,796.0,2.6532663316582923,12798,0
09/15/2026,14:14:21,774.88,796.0,2.6532663316582923,12799,1
09/15/2026,14:14:21,774.88,796.0,2.6532663316582923,12800,1
09/15/2026,14:14:21,774.88,796.0,2.6532663316582923,12801,1
09/15/2026,14:14:21,774.88,796.0,2.6532663316582923,12802,0
09/15/2026,14:14:21,774.88,796.0,2.6532663316582923,12803,0
09/15/2026,14:14:21,774.88,796.0,2.6532663316582923,12804,0
09/15/2026,14:14:21,774.88,796.0,2.6532663316582923,12805,0
09/15/2026,14:14:21,774.88,796.0,2.6532663316582923,12806,0
09/15/2026,14:14:21,774.88,796.0,2.6532663316582923,12807,0
09/15/2026,14:14:21,774.88,796.0,2.6532663316582923,12808,0
09/15/2026,14:14:21,774.88,796.0,2.6532663316582923,12809,0
09/15/2026,14:14:21,774.88,796.0,2.6532663316582923,12810,0
09/15/2026,14:14:21,774.88,796.0,2.6532663316582923,12811,1
09/15/2026,14:14:21,774.88,796.0,2.6532663316582923,12812,0
09/15/2026,14:14:21,774.88,796.0,2.6532663316582923,12813,1
09/15/2026,14:14:21,774.88,796.0,2.6532663316582923,12814,0
09/15/2026,14:14:21,774.88,796.0,2.6532663316582923,12815,1
09/15/2026,14:14:21,774.88,796.0,2.6532663316582923,12816,2
09/15/2026,14:14:21,774.88,796.0,2.6532663316582923,12817,0
09/15/2026,14:14:21,774.88,796.0,2.6532663316582923,12818,0
09/15/2026,14:14:21,774.88,796.0,2.6532663316582923,12819,1
09/15/2026,14:14:21,774.88,796.0,2.6532663316582923,12820,0
09/15/2026,14:14:21,774.88,796.0,2.6532663316582923,12821,0
09/15/2026,14:14:21,774.88,796.0,2.6532663316582923,12822,0
09/15/2026,14:14:21,774.88,796.0,2.6532663316582923,12823,1
09/15/2026,14:14:21,774.88,796.0,2.6532663316582923,12824,1
09/15/2026,14:14:21,774.88,796.0,2.6532663316582923,12825,2
09/15/2026,14:14:21,774.88,796.0,2.6532663316582923,12826,0
09/15/2026,14:14:21,774.88,796.0,2.6532663316582923,12827,2
09/15/2026,14:14:21,774.88,796.0,2.6532663316582923,12828,0
09/15/2026,14:14:21,774.88,796.0,2.6532663316582923,12829,0
09/15/2026,14:14:21,774.88,796.0,2.6532663316582923,12830,0
09/15/2026,14:14:21,774.88,796.0,2.6532663316582923,12831,0
09/15/2026,14:14:21,774.88,796.0,2.6532663316582923,12832,1
09/15/2026,14:14:21,774.88,796.0,2.6532663316582923,12833,2
09/15/2026,14:14:21,774.88,796.0,2.6532663316582923,12834,0
09/15/2026,14:14:21,774.88,796.0,2.6532663316582923,12835,1
09/15/2026,14:14:21,774.88,796.0,2.6532663316582923,12836,0
09/15/2026,14:14:21,774.88,796.0,2.6532663316582923,12837,1
09/15/2026,14:14:21,774.88,796.0,2.6532663316582923,12838,0
09/15/2026,14:14:21,774.88,796.0,2.6532663316582923,12839,0
09/15/2026,14:14:21,774.88,796.0,2.6532663316582923,12840,0
09/15/2026,14:14:21,774.88,796.0,2.6532663316582923,12841,2
09/15/2026,14:14:21,774.88,796.0,2.6532663316582923,12842,1
09/15/2026,14:14:21,774.88,796.0,2.6532663316582923,12843,2
09/15/2026,14:14:21,774.88,796.0,2.6532663316582923,12844,0
09/15/2026,14:14:21,774.88,796.0,2.6532663316582923,12845,1
09/15/2026,14:14:21,774.88,796.0,2.6532663316582923,12846,0
09/15/2026,14:14:21,774.88,796.0,2.6532663316582923,12847,1
09/15/2026,14:14:21,774.88,796.0,2.6532663316582923,12848,2
09/15/2026,14:14:21,774.88,796.0,2.6532663316582923,12849,0
09/15/2026,14:14:21,774.88,796.0,2.6532663316582923,12850,1
09/15/2026,14:14:21,774.88,796.0,2.6532663316582923,12851,1
09/15/2026,14:14:21,774.88,796.0,2.6532663316582923,12852,2
09/15/2026,14:14:21,774.88,796.0,2.6532663316582923,12853,2
09/15/2026,14:14:21,774.88,796.0,2.6532663316582923,12854,0
09/15/2026,14:14:21,774.88,796.0,2.6532663316582923,12855,1
09/15/2026,14:14:21,774.88,796.0,2.6532663316582923,12856,2
09/15/2026,14:14:21,774.88,796.0,2.6532663316582923,12857,0
09/15/2026,14:14:21,774.88,796.0,2.6532663316582923,12858,0
09/15/2026,14:14:21,774.88,796.0,2.6532663316582923,12859,1
09/15/2026,14:14:21,774.88,796.0,2.6532663316582923,12860,0
09/15/2026,14:14:21,774.88,796.0,2.6532663316582923,12861,1
09/15/2026,14:14:21,774.88,796.0,2.6532663316582923,12862,0
09/15/2026,14:14:21,774.88,796.0,2.6532663316582923,12863,0
09/15/2026,14:14:21,774.88,796.0,2.6532663316582923,12864,1
09/15/2026,14:14:21,774.88,796.0,2.6532663316582923,12865,0
09/15/2026,14:14:21,774.88,796.0,2.6532663316582923,12866,1
09/15/2026,14:14:21,774.88,796.0,2.6532663316582923,12867,0
09/15/2026,14:14:21,774.88,796.0,2.6532663316582923,12868,1
09/15/2026,14:14:21,774.88,796.0,2.6532663316582923,12869,0
09/15/2026,14:14:21,774.88,796.0,2.6532663316582923,12870,0
09/15/2026,14:14:21,774.88,796.0,2.6532663316582923,12871,1
09/15/2026,14:14:21,774.88,796.0,2.6532663316582923,12872,0
09/15/2026,14:14:21,774.88,796.0,2.6532663316582923,12873,1
09/15/2026,14:14:21,774.88,796.0,2.6532663316582923,12874,1
09/15/2026,14:14:21,774.88,796.0,2.6532663316582923,12875,0
09/15/2026,14:14:21,774.88,796.0,2.6532663316582923,12876,2
09/15/2026,14:14:21,774.88,796.0,2.6532663316582923,12877,2
09/15/2026,14:14:21,774.88,796.0,2.6532663316582923,12878,0
09/15/2026,14:14:21,774.88,796.0,2.6532663316582923,12879,0
09/15/2026,14:14:21,774.88,796.0,2.6532663316582923,12880,0
09/15/2026,14:14:21,774.88,796.0,2.6532663316582923,12881,2
09/15/2026,14:14:21,774.88,796.0,2.6532663316582923,12882,1
09/15/2026,14:14:21,774.88,796.0,2.6532663316582923,12883,0
09/15/2026,14:14:21,774.88,796.0,2.6532663316582923,12884,0
09/15/2026,14:14:21,774.88,796.0,2.6532663316582923,12885,0
09/15/2026,14:14:21,774.88,796.0,2.6532663316582923,12886,1
09/15/2026,14:14:21,774.88,796.0,2.6532663316582923,12887,2
09/15/2026,14:14:21,774.88,796.0,2.6532663316582923,12888,2
09/15/2026,14:14:21,774.88,796.0,2.6532663316582923,12889,0
09/15/2026,14:14:21,774.88,796.0,2.6532663316582923,12890,1
09/15/2026,14:14:21,774.88,796.0,2.6532663316582923,12891,0
09/15/2026,14:14:21,774.88,796.0,2.6532663316582923,12892,0
09/15/2026,14:14:21,774.88,796.0,2.6532663316582923,12893,1
09/15/2026,14:14:21,774.88,796.0,2.6532663316582923,12894,1
09/15/2026,14:14:21,774.88,796.0,2.6532663316582923,12895,1
09/15/2026,14:14:21,774.88,796.0,2.6532663316582923,12896,1
09/15/2026,14:14:21,774.88,796.0,2.6532663316582923,12897,0
09/15/2026,14:14:21,774.88,796.0,2.6532663316582923,12898,0
09/15/2026,14:14:21,774.88,796.0,2.6532663316582923,12899,0
09/15/2026,14:14:21,774.88,796.0,2.6532663316582923,12900,0
09/15/2026,14:14:21,774.88,796.0,2.6532663316582923,12901,1
09/15/2026,14:14:21,774.88,796.0,2.6532663316582923,12902,1
09/15/2026,14:14:21,774.88,796.0,2.6532663316582923,12903,0
09/15/2026,14:14:21,774.88,796.0,2.6532663316582923,12904,2
09/15/2026,14:14:21,774.88,796.0,2.6532663316582923,12905,2
09/15/2026,14:14:21,774.88,796.0,2.6532663316582923,12906,0
09/15/2026,14:14:21,774.88,796.0,2.6532663316582923,12907,0
09/15/2026,14:14:21,774.88,796.0,2.6532663316582923,12908,1
09/15/2026,14:14:21,774.88,796.0,2.6532663316582923,12909,0
09/15/2026,14:14:21,774.88,796.0,2.6532663316582923,12910,2
09/15/2026,14:14:21,774.88,796.0,2.6532663316582923,12911,0
09/15/2026,14:14:21,774.88,796.0,2.6532663316582923,12912,0
09/15/2026,14:14:21,774.88,796.0,2.6532663316582923,12913,2
09/15/2026,14:14:21,774.88,796.0,2.6532663316582923,12914,0
09/15/2026,14:14:21,774.88,796.0,2.6532663316582923,12915,0
09/15/2026,14:14:21,774.88,796.0,2.6532663316582923,12916,0
09/15/2026,14:14:21,774.88,796.0,2.6532663316582923,12917,1
09/15/2026,14:14:21,774.88,796.0,2.6532663316582923,12918,2
09/15/2026,14:14:21,774.88,796.0,2.6532663316582923,12919,2
09/15/2026,14:14:21,774.88,796.0,2.6532663316582923,12920,0
09/15/2026,14:14:21,774.88,796.0,2.6532663316582923,12921,2
09/15/2026,14:14:21,774.88,796.0,2.6532663316582923,12922,1
09/15/2026,14:14:21,774.88,796.0,2.6532663316582923,12923,1
09/15/2026,14:14:21,774.88,796.0,2.6532663316582923,12924,3
09/15/2026,14:14:21,774.88,796.0,2.6532663316582923,12925,0
09/15/2026,14:14:21,774.88,796.0,2.6532663316582923,12926,0
09/15/2026,14:14:21,774.88,796.0,2.6532663316582923,12927,0
09/15/2026,14:14:21,774.88,796.0,2.6532663316582923,12928,3
09/15/2026,14:14:21,774.88,796.0,2.6532663316582923,12929,1
09/15/2026,14:14:21,774.88,796.0,2.6532663316582923,12930,0
09/15/2026,14:14:21,774.88,796.0,2.6532663316582923,12931,2
09/15/2026,14:14:21,774.88,796.0,2.6532663316582923,12932,0
09/15/2026,14:14:21,774.88,796.0,2.6532663316582923,12933,0
09/15/2026,14:14:21,774.88,796.0,2.6532663316582923,12934,0
09/15/2026,14:14:21,774.88,796.0,2.6532663316582923,12935,1
09/15/2026,14:14:21,774.88,796.0,2.6532663316582923,12936,0
09/15/2026,14:14:21,774.88,796.0,2.6532663316582923,12937,1
09/15/2026,14:14:21,774.88,796.0,2.6532663316582923,12938,0
09/15/2026,14:14:21,774.88,796.0,2.6532663316582923,12939,0
09/15/2026,14:14:21,774.88,796.0,2.6532663316582923,12940,0
09/15/2026,14:14:21,774.88,796.0,2.6532663316582923,12941,3
09/15/2026,14:14:21,774.88,796.0,2.6532663316582923,12942,4
09/15/2026,14:14:21,774.88,796.0,2.6532663316582923,12943,2
09/15/2026,14:14:21,774.88,796.0,2.6532663316582923,12944,1
09/15/2026,14:14:21,774.88,796.0,2.6532663316582923,12945,1
09/15/2026,14:14:21,774.88,796.0,2.6532663316582923,12946,3
09/15/2026,14:14:21,774.88,796.0,2.6532663316582923,12947,2
09/15/2026,14:14:21,774.88,796.0,2.6532663316582923,12948,1
09/15/2026,14:14:21,774.88,796.0,2.6532663316582923,12949,0
09/15/2026,14:14:21,774.88,796.0,2.6532663316582923,12950,1
09/15/2026,14:14:21,774.88,796.0,2.6532663316582923,12951,0
09/15/2026,14:14:21,774.88,796.0,2.6532663316582923,12952,1
09/15/2026,14:14:21,774.88,796.0,2.6532663316582923,12953,1
09/15/2026,14:14:21,774.88,796.0,2.6532663316582923,12954,0
09/15/2026,14:14:21,774.88,796.0,2.6532663316582923,12955,1
09/15/2026,14:14:21,774.88,796.0,2.6532663316582923,12956,0
09/15/2026,14:14:21,774.88,796.0,2.6532663316582923,12957,2
09/15/2026,14:14:21,774.88,796.0,2.6532663316582923,12958,0
09/15/2026,14:14:21,774.88,796.0,2.6532663316582923,12959,0
09/15/2026,14:14:21,774.88,796.0,2.6532663316582923,12960,2
09/15/2026,14:14:21,774.88,796.0,2.6532663316582923,12961,3
09/15/2026,14:14:21,774.88,796.0,2.6532663316582923,12962,0
09/15/2026,14:14:21,774.88,796.0,2.6532663316582923,12963,1
09/15/2026,14:14:21,774.88,796.0,2.6532663316582923,12964,1
09/15/2026,14:14:21,774.88,796.0,2.6532663316582923,12965,0
09/15/2026,14:14:21,774.88,796.0,2.6532663316582923,12966,3
09/15/2026,14:14:21,774.88,796.0,2.6532663316582923,12967,1
09/15/2026,14:14:21,774.88,796.0,2.6532663316582923,12968,0
09/15/2026,14:14:21,774.88,796.0,2.6532663316582923,12969,1
09/15/2026,14:14:21,774.88,796.0,2.6532663316582923,12970,0
09/15/2026,14:14:21,774.88,796.0,2.6532663316582923,12971,1
09/15/2026,14:14:21,774.88,796.0,2.6532663316582923,12972,0
09/15/2026,14:14:21,774.88,796.0,2.6532663316582923,12973,0
09/15/2026,14:14:21,774.88,796.0,2.6532663316582923,12974,2
09/15/2026,14:14:21,774.88,796.0,2.6532663316582923,12975,1
09/15/2026,14:14:21,774.88,796.0,2.6532663316582923,12976,2
09/15/2026,14:14:21,774.88,796.0,2.6532663316582923,12977,0
09/15/2026,14:14:21,774.88,796.0,2.6532663316582923,12978,2
09/15/2026,14:14:21,774.88,796.0,2.6532663316582923,12979,0
09/15/2026,14:14:21,774.88,796.0,2.6532663316582923,12980,0
09/15/2026,14:14:21,774.88,796.0,2.6532663316582923,12981,0
09/15/2026,14:14:21,774.88,796.0,2.6532663316582923,12982,0
09/15/2026,14:14:21,774.88,796.0,2.6532663316582923,12983,0
09/15/2026,14:14:21,774.88,796.0,2.6532663316582923,12984,1
09/15/2026,14:14:21,774.88,796.0,2.6532663316582923,12985,0
09/15/2026,14:14:21,774.88,796.0,2.6532663316582923,12986,0
09/15/2026,14:14:21,774.88,796.0,2.6532663316582923,12987,1
09/15/2026,14:14:21,774.88,796.0,2.6532663316582923,12988,3
09/15/2026,14:14:21,774.88,796.0,2.6532663316582923,12989,1
09/15/2026,14:14:21,774.88,796.0,2.6532663316582923,12990,1
09/15/2026,14:14:21,774.88,796.0,2.6532663316582923,12991,1
09/15/2026,14:14:21,774.88,796.0,2.6532663316582923,12992,0
09/15/2026,14:14:21,774.88,796.0,2.6532663316582923,12993,0
09/15/2026,14:14:21,774.88,796.0,2.6532663316582923,12994,0
09/15/2026,14:14:21,774.88,796.0,2.6532663316582923,12995,0
09/15/2026,14:14:21,774.88,796.0,2.6532663316582923,12996,1
09/15/2026,14:14:21,774.88,796.0,2.6532663316582923,12997,0
09/15/2026,14:14:21,774.88,796.0,2.6532663316582923,12998,0
09/15/2026,14:14:21,774.88,796.0,2.6532663316582923,12999,0
09/15/2026,14:14:21,774.88,796.0,2.6532663316582923,13000,3
09/15/2026,14:14:21,774.88,796.0,2.6532663316582923,13001,1
09/15/2026,14:14:21,774.88,796.0,2.6532663316582923,13002,0
09/15/2026,14:14:21,774.88,796.0,2.6532663316582923,13003,1
09/15/2026,14:14:21,774.88,796.0,2.6532663316582923,13004,0
09/15/2026,14:14:21,774.88,796.0,2.6532663316582923,13005,2
09/15/2026,14:14:21,774.88,796.0,2.6532663316582923,13006,0
09/15/2026,14:14:21,774.88,796.0,2.6532663316582923,13007,0
09/15/2026,14:14:21,774.88,796.0,2.6532663316582923,13008,1
09/15/2026,14:14:21,774.88,796.0,2.6532663316582923,13009,0
09/15/2026,14:14:21,774.88,796.0,2.6532663316582923,13010,0
09/15/2026,14:14:21,774.88,796.0,2.6532663316582923,13011,1
09/15/2026,14:14:21,774.88,796.0,2.6532663316582923,13012,0
09/15/2026,14:14:21,774.88,796.0,2.6532663316582923,13013,1
09/15/2026,14:14:21,774.88,796.0,2.6532663316582923,13014,0
09/15/2026,14:14:21,774.88,796.0,2.6532663316582923,13015,2
09/15/2026,14:14:21,774.88,796.0,2.6532663316582923,13016,0
09/15/2026,14:14:21,774.88,796.0,2.6532663316582923,13017,0
09/15/2026,14:14:21,774.88,796.0,2.6532663316582923,13018,0
09/15/2026,14:14:21,774.88,796.0,2.6532663316582923,13019,2
09/15/2026,14:14:21,774.88,796.0,2.6532663316582923,13020,0
09/15/2026,14:14:21,774.88,796.0,2.6532663316582923,13021,0
09/15/2026,14:14:21,774.88,796.0,2.6532663316582923,13022,0
09/15/2026,14:14:21,774.88,796.0,2.6532663316582923,13023,0
09/15/2026,14:14:21,774.88,796.0,2.6532663316582923,13024,1
09/15/2026,14:14:21,774.88,796.0,2.6532663316582923,13025,1
09/15/2026,14:14:21,774.88,796.0,2.6532663316582923,13026,0
09/15/2026,14:14:21,774.88,796.0,2.6532663316582923,13027,0
09/15/2026,14:14:21,774.88,796.0,2.6532663316582923,13028,0
09/15/2026,14:14:21,774.88,796.0,2.6532663316582923,13029,0
09/15/2026,14:14:21,774.88,796.0,2.6532663316582923,13030,0
09/15/2026,14:14:21,774.88,796.0,2.6532663316582923,13031,0
09/15/2026,14:14:21,774.88,796.0,2.6532663316582923,13032,0
09/15/2026,14:14:21,774.88,796.0,2.6532663316582923,13033,0
09/15/2026,14:14:21,774.88,796.0,2.6532663316582923,13034,0
09/15/2026,14:14:21,774.88,796.0,2.6532663316582923,13035,5
09/15/2026,14:14:21,774.88,796.0,2.6532663316582923,13036,0
09/15/2026,14:14:21,774.88,796.0,2.6532663316582923,13037,0
09/15/2026,14:14:21,774.88,796.0,2.6532663316582923,13038,0
09/15/2026,14:14:21,774.88,796.0,2.6532663316582923,13039,0
09/15/2026,14:14:21,774.88,796.0,2.6532663316582923,13040,0
09/15/2026,14:14:21,774.88,796.0,2.6532663316582923,13041,0
09/15/2026,14:14:21,774.88,796.0,2.6532663316582923,13042,0
09/15/2026,14:14:21,774.88,796.0,2.6532663316582923,13043,2
09/15/2026,14:14:21,774.88,796.0,2.6532663316582923,13044,0
09/15/2026,14:14:21,774.88,796.0,2.6532663316582923,13045,1
09/15/2026,14:14:21,774.88,796.0,2.6532663316582923,13046,1
09/15/2026,14:14:21,774.88,796.0,2.6532663316582923,13047,0
09/15/2026,14:14:21,774.88,796.0,2.6532663316582923,13048,0
09/15/2026,14:14:21,774.88,796.0,2.6532663316582923,13049,0
09/15/2026,14:14:21,774.88,796.0,2.6532663316582923,13050,1
09/15/2026,14:14:21,774.88,796.0,2.6532663316582923,13051,0
09/15/2026,14:14:21,774.88,796.0,2.6532663316582923,13052,0
09/15/2026,14:14:21,774.88,796.0,2.6532663316582923,13053,1
09/15/2026,14:14:21,774.88,796.0,2.6532663316582923,13054,0
09/15/2026,14:14:21,774.88,796.0,2.6532663316582923,13055,0
09/15/2026,14:14:21,774.88,796.0,2.6532663316582923,13056,0
09/15/2026,14:14:21,774.88,796.0,2.6532663316582923,13057,1
09/15/2026,14:14:21,774.88,796.0,2.6532663316582923,13058,0
09/15/2026,14:14:21,774.88,796.0,2.6532663316582923,13059,0
09/15/2026,14:14:21,774.88,796.0,2.6532663316582923,13060,2
09/15/2026,14:14:21,774.88,796.0,2.6532663316582923,13061,0
09/15/2026,14:14:21,774.88,796.0,2.6532663316582923,13062,1
09/15/2026,14:14:21,774.88,796.0,2.6532663316582923,13063,1
09/15/2026,14:14:21,774.88,796.0,2.6532663316582923,13064,2
09/15/2026,14:14:21,774.88,796.0,2.6532663316582923,13065,1
09/15/2026,14:14:21,774.88,796.0,2.6532663316582923,13066,0
09/15/2026,14:14:21,774.88,796.0,2.6532663316582923,13067,0
09/15/2026,14:14:21,774.88,796.0,2.6532663316582923,13068,1
09/15/2026,14:14:21,774.88,796.0,2.6532663316582923,13069,1
09/15/2026,14:14:21,774.88,796.0,2.6532663316582923,13070,1
09/15/2026,14:14:21,774.88,796.0,2.6532663316582923,13071,1
09/15/2026,14:14:21,774.88,796.0,2.6532663316582923,13072,1
09/15/2026,14:14:21,774.88,796.0,2.6532663316582923,13073,1
09/15/2026,14:14:21,774.88,796.0,2.6532663316582923,13074,0
09/15/2026,14:14:21,774.88,796.0,2.6532663316582923,13075,2
09/15/2026,14:14:21,774.88,796.0,2.6532663316582923,13076,0
09/15/2026,14:14:21,774.88,796.0,2.6532663316582923,13077,2
09/15/2026,14:14:21,774.88,796.0,2.6532663316582923,13078,0
09/15/2026,14:14:21,774.88,796.0,2.6532663316582923,13079,0
09/15/2026,14:14:21,774.88,796.0,2.6532663316582923,13080,1
09/15/2026,14:14:21,774.88,796.0,2.6532663316582923,13081,1
09/15/2026,14:14:21,774.88,796.0,2.6532663316582923,13082,1
09/15/2026,14:14:21,774.88,796.0,2.6532663316582923,13083,0
09/15/2026,14:14:21,774.88,796.0,2.6532663316582923,13084,0
09/15/2026,14:14:21,774.88,796.0,2.6532663316582923,13085,1
09/15/2026,14:14:21,774.88,796.0,2.6532663316582923,13086,0
09/15/2026,14:14:21,774.88,796.0,2.6532663316582923,13087,1
09/15/2026,14:14:21,774.88,796.0,2.6532663316582923,13088,1
09/15/2026,14:14:21,774.88,796.0,2.6532663316582923,13089,0
09/15/2026,14:14:21,774.88,796.0,2.6532663316582923,13090,0
09/15/2026,14:14:21,774.88,796.0,2.6532663316582923,13091,0
09/15/2026,14:14:21,774.88,796.0,2.6532663316582923,13092,0
09/15/2026,14:14:21,774.88,796.0,2.6532663316582923,13093,0
09/15/2026,14:14:21,774.88,796.0,2.6532663316582923,13094,0
09/15/2026,14:14:21,774.88,796.0,2.6532663316582923,13095,0
09/15/2026,14:14:21,774.88,796.0,2.6532663316582923,13096,0
09/15/2026,14:14:21,774.88,796.0,2.6532663316582923,13097,3
09/15/2026,14:14:21,774.88,796.0,2.6532663316582923,13098,0
09/15/2026,14:14:21,774.88,796.0,2.6532663316582923,13099,0
09/15/2026,14:14:21,774.88,796.0,2.6532663316582923,13100,1
09/15/2026,14:14:21,774.88,796.0,2.6532663316582923,13101,0
09/15/2026,14:14:21,774.88,796.0,2.6532663316582923,13102,2
09/15/2026,14:14:21,774.88,796.0,2.6532663316582923,13103,0
09/15/2026,14:14:21,774.88,796.0,2.6532663316582923,13104,1
09/15/2026,14:14:21,774.88,796.0,2.6532663316582923,13105,0
09/15/2026,14:14:21,774.88,796.0,2.6532663316582923,13106,1
09/15/2026,14:14:21,774.88,796.0,2.6532663316582923,13107,0
09/15/2026,14:14:21,774.88,796.0,2.6532663316582923,13108,0
09/15/2026,14:14:21,774.88,796.0,2.6532663316582923,13109,0
09/15/2026,14:14:21,774.88,796.0,2.6532663316582923,13110,0
09/15/2026,14:14:21,774.88,796.0,2.6532663316582923,13111,0
09/15/2026,14:14:21,774.88,796.0,2.6532663316582923,13112,1
09/15/2026,14:14:21,774.88,796.0,2.6532663316582923,13113,0
09/15/2026,14:14:21,774.88,796.0,2.6532663316582923,13114,1
09/15/2026,14:14:21,774.88,796.0,2.6532663316582923,13115,0
09/15/2026,14:14:21,774.88,796.0,2.6532663316582923,13116,1
09/15/2026,14:14:21,774.88,796.0,2.6532663316582923,13117,2
09/15/2026,14:14:21,774.88,796.0,2.6532663316582923,13118,3
09/15/2026,14:14:21,774.88,796.0,2.6532663316582923,13119,1
09/15/2026,14:14:21,774.88,796.0,2.6532663316582923,13120,2
09/15/2026,14:14:21,774.88,796.0,2.6532663316582923,13121,0
09/15/2026,14:14:21,774.88,796.0,2.6532663316582923,13122,0
09/15/2026,14:14:21,774.88,796.0,2.6532663316582923,13123,1
09/15/2026,14:14:21,774.88,796.0,2.6532663316582923,13124,0
09/15/2026,14:14:21,774.88,796.0,2.6532663316582923,13125,1
09/15/2026,14:14:21,774.88,796.0,2.6532663316582923,13126,1
09/15/2026,14:14:21,774.88,796.0,2.6532663316582923,13127,0
09/15/2026,14:14:21,774.88,796.0,2.6532663316582923,13128,2
09/15/2026,14:14:21,774.88,796.0,2.6532663316582923,13129,0
09/15/2026,14:14:21,774.88,796.0,2.6532663316582923,13130,1
09/15/2026,14:14:21,774.88,796.0,2.6532663316582923,13131,0
09/15/2026,14:14:21,774.88,796.0,2.6532663316582923,13132,1
09/15/2026,14:14:21,774.88,796.0,2.6532663316582923,13133,0
09/15/2026,14:14:21,774.88,796.0,2.6532663316582923,13134,1
09/15/2026,14:14:21,774.88,796.0,2.6532663316582923,13135,1
09/15/2026,14:14:21,774.88,796.0,2.6532663316582923,13136,0
09/15/2026,14:14:21,774.88,796.0,2.6532663316582923,13137,1
09/15/2026,14:14:21,774.88,796.0,2.6532663316582923,13138,1
09/15/2026,14:14:21,774.88,796.0,2.6532663316582923,13139,1
09/15/2026,14:14:21,774.88,796.0,2.6532663316582923,13140,0
09/15/2026,14:14:21,774.88,796.0,2.6532663316582923,13141,0
09/15/2026,14:14:21,774.88,796.0,2.6532663316582923,13142,1
09/15/2026,14:14:21,774.88,796.0,2.6532663316582923,13143,1
09/15/2026,14:14:21,774.88,796.0,2.6532663316582923,13144,1
09/15/2026,14:14:21,774.88,796.0,2.6532663316582923,13145,2
09/15/2026,14:14:21,774.88,796.0,2.6532663316582923,13146,0
09/15/2026,14:14:21,774.88,796.0,2.6532663316582923,13147,1
09/15/2026,14:14:21,774.88,796.0,2.6532663316582923,13148,1
09/15/2026,14:14:21,774.88,796.0,2.6532663316582923,13149,1
09/15/2026,14:14:21,774.88,796.0,2.6532663316582923,13150,0
09/15/2026,14:14:21,774.88,796.0,2.6532663316582923,13151,0
09/15/2026,14:14:21,774.88,796.0,2.6532663316582923,13152,1
09/15/2026,14:14:21,774.88,796.0,2.6532663316582923,13153,1
09/15/2026,14:14:21,774.88,796.0,2.6532663316582923,13154,1
09/15/2026,14:14:21,774.88,796.0,2.6532663316582923,13155,1
09/15/2026,14:14:21,774.88,796.0,2.6532663316582923,13156,1
09/15/2026,14:14:21,774.88,796.0,2.6532663316582923,13157,1
09/15/2026,14:14:21,774.88,796.0,2.6532663316582923,13158,0
09/15/2026,14:14:21,774.88,796.0,2.6532663316582923,13159,1
09/15/2026,14:14:21,774.88,796.0,2.6532663316582923,13160,0
09/15/2026,14:14:21,774.88,796.0,2.6532663316582923,13161,0
09/15/2026,14:14:21,774.88,796.0,2.6532663316582923,13162,3
09/15/2026,14:14:21,774.88,796.0,2.6532663316582923,13163,2
09/15/2026,14:14:21,774.88,796.0,2.6532663316582923,13164,0
09/15/2026,14:14:21,774.88,796.0,2.6532663316582923,13165,1
09/15/2026,14:14:21,774.88,796.0,2.6532663316582923,13166,0
09/15/2026,14:14:21,774.88,796.0,2.6532663316582923,13167,2
09/15/2026,14:14:21,774.88,796.0,2.6532663316582923,13168,1
09/15/2026,14:14:21,774.88,796.0,2.6532663316582923,13169,0
09/15/2026,14:14:21,774.88,796.0,2.6532663316582923,13170,0
09/15/2026,14:14:21,774.88,796.0,2.6532663316582923,13171,1
09/15/2026,14:14:21,774.88,796.0,2.6532663316582923,13172,1
09/15/2026,14:14:21,774.88,796.0,2.6532663316582923,13173,0
09/15/2026,14:14:21,774.88,796.0,2.6532663316582923,13174,1
09/15/2026,14:14:21,774.88,796.0,2.6532663316582923,13175,2
09/15/2026,14:14:21,774.88,796.0,2.6532663316582923,13176,0
09/15/2026,14:14:21,774.88,796.0,2.6532663316582923,13177,0
09/15/2026,14:14:21,774.88,796.0,2.6532663316582923,13178,1
09/15/2026,14:14:21,774.88,796.0,2.6532663316582923,13179,0
09/15/2026,14:14:21,774.88,796.0,2.6532663316582923,13180,1
09/15/2026,14:14:21,774.88,796.0,2.6532663316582923,13181,0
09/15/2026,14:14:21,774.88,796.0,2.6532663316582923,13182,0
09/15/2026,14:14:21,774.88,796.0,2.6532663316582923,13183,0
09/15/2026,14:14:21,774.88,796.0,2.6532663316582923,13184,0
09/15/2026,14:14:21,774.88,796.0,2.6532663316582923,13185,0
09/15/2026,14:14:21,774.88,796.0,2.6532663316582923,13186,2
09/15/2026,14:14:21,774.88,796.0,2.6532663316582923,13187,1
09/15/2026,14:14:21,774.88,796.0,2.6532663316582923,13188,1
09/15/2026,14:14:21,774.88,796.0,2.6532663316582923,13189,0
09/15/2026,14:14:21,774.88,796.0,2.6532663316582923,13190,0
09/15/2026,14:14:21,774.88,796.0,2.6532663316582923,13191,3
09/15/2026,14:14:21,774.88,796.0,2.6532663316582923,13192,0
09/15/2026,14:14:21,774.88,796.0,2.6532663316582923,13193,2
09/15/2026,14:14:21,774.88,796.0,2.6532663316582923,13194,0
09/15/2026,14:14:21,774.88,796.0,2.6532663316582923,13195,0
09/15/2026,14:14:21,774.88,796.0,2.6532663316582923,13196,0
09/15/2026,14:14:21,774.88,796.0,2.6532663316582923,13197,3
09/15/2026,14:14:21,774.88,796.0,2.6532663316582923,13198,2
09/15/2026,14:14:21,774.88,796.0,2.6532663316582923,13199,0
09/15/2026,14:14:21,774.88,796.0,2.6532663316582923,13200,1
09/15/2026,14:14:21,774.88,796.0,2.6532663316582923,13201,0
09/15/2026,14:14:21,774.88,796.0,2.6532663316582923,13202,0
09/15/2026,14:14:21,774.88,796.0,2.6532663316582923,13203,2
09/15/2026,14:14:21,774.88,796.0,2.6532663316582923,13204,0
09/15/2026,14:14:21,774.88,796.0,2.6532663316582923,13205,0
09/15/2026,14:14:21,774.88,796.0,2.6532663316582923,13206,0
09/15/2026,14:14:21,774.88,796.0,2.6532663316582923,13207,1
09/15/2026,14:14:21,774.88,796.0,2.6532663316582923,13208,0
09/15/2026,14:14:21,774.88,796.0,2.6532663316582923,13209,2
09/15/2026,14:14:21,774.88,796.0,2.6532663316582923,13210,0
09/15/2026,14:14:21,774.88,796.0,2.6532663316582923,13211,0
09/15/2026,14:14:21,774.88,796.0,2.6532663316582923,13212,0
09/15/2026,14:14:21,774.88,796.0,2.6532663316582923,13213,0
09/15/2026,14:14:21,774.88,796.0,2.6532663316582923,13214,1
09/15/2026,14:14:21,774.88,796.0,2.6532663316582923,13215,1
09/15/2026,14:14:21,774.88,796.0,2.6532663316582923,13216,0
09/15/2026,14:14:21,774.88,796.0,2.6532663316582923,13217,0
09/15/2026,14:14:21,774.88,796.0,2.6532663316582923,13218,1
09/15/2026,14:14:21,774.88,796.0,2.6532663316582923,13219,1
09/15/2026,14:14:21,774.88,796.0,2.6532663316582923,13220,1
09/15/2026,14:14:21,774.88,796.0,2.6532663316582923,13221,1
09/15/2026,14:14:21,774.88,796.0,2.6532663316582923,13222,1
09/15/2026,14:14:21,774.88,796.0,2.6532663316582923,13223,2
09/15/2026,14:14:21,774.88,796.0,2.6532663316582923,13224,1
09/15/2026,14:14:21,774.88,796.0,2.6532663316582923,13225,0
09/15/2026,14:14:21,774.88,796.0,2.6532663316582923,13226,0
09/15/2026,14:14:21,774.88,796.0,2.6532663316582923,13227,0
09/15/2026,14:14:21,774.88,796.0,2.6532663316582923,13228,0
09/15/2026,14:14:21,774.88,796.0,2.6532663316582923,13229,0
09/15/2026,14:14:21,774.88,796.0,2.6532663316582923,13230,0
09/15/2026,14:14:21,774.88,796.0,2.6532663316582923,13231,1
09/15/2026,14:14:21,774.88,796.0,2.6532663316582923,13232,0
09/15/2026,14:14:21,774.88,796.0,2.6532663316582923,13233,2
09/15/2026,14:14:21,774.88,796.0,2.6532663316582923,13234,1
09/15/2026,14:14:21,774.88,796.0,2.6532663316582923,13235,0
09/15/2026,14:14:21,774.88,796.0,2.6532663316582923,13236,0
09/15/2026,14:14:21,774.88,796.0,2.6532663316582923,13237,2
09/15/2026,14:14:21,774.88,796.0,2.6532663316582923,13238,0
09/15/2026,14:14:21,774.88,796.0,2.6532663316582923,13239,0
09/15/2026,14:14:21,774.88,796.0,2.6532663316582923,13240,0
09/15/2026,14:14:21,774.88,796.0,2.6532663316582923,13241,1
09/15/2026,14:14:21,774.88,796.0,2.6532663316582923,13242,1
09/15/2026,14:14:21,774.88,796.0,2.6532663316582923,13243,1
09/15/2026,14:14:21,774.88,796.0,2.6532663316582923,13244,0
09/15/2026,14:14:21,774.88,796.0,2.6532663316582923,13245,0
09/15/2026,14:14:21,774.88,796.0,2.6532663316582923,13246,0
09/15/2026,14:14:21,774.88,796.0,2.6532663316582923,13247,0
09/15/2026,14:14:21,774.88,796.0,2.6532663316582923,13248,0
09/15/2026,14:14:21,774.88,796.0,2.6532663316582923,13249,1
09/15/2026,14:14:21,774.88,796.0,2.6532663316582923,13250,1
09/15/2026,14:14:21,774.88,796.0,2.6532663316582923,13251,0
09/15/2026,14:14:21,774.88,796.0,2.6532663316582923,13252,0
09/15/2026,14:14:21,774.88,796.0,2.6532663316582923,13253,0
09/15/2026,14:14:21,774.88,796.0,2.6532663316582923,13254,0
09/15/2026,14:14:21,774.88,796.0,2.6532663316582923,13255,0
09/15/2026,14:14:21,774.88,796.0,2.6532663316582923,13256,0
09/15/2026,14:14:21,774.88,796.0,2.6532663316582923,13257,0
09/15/2026,14:14:21,774.88,796.0,2.6532663316582923,13258,0
09/15/2026,14:14:21,774.88,796.0,2.6532663316582923,13259,1
09/15/2026,14:14:21,774.88,796.0,2.6532663316582923,13260,0
09/15/2026,14:14:21,774.88,796.0,2.6532663316582923,13261,0
09/15/2026,14:14:21,774.88,796.0,2.6532663316582923,13262,1
09/15/2026,14:14:21,774.88,796.0,2.6532663316582923,13263,1
09/15/2026,14:14:21,774.88,796.0,2.6532663316582923,13264,0
09/15/2026,14:14:21,774.88,796.0,2.6532663316582923,13265,1
09/15/2026,14:14:21,774.88,796.0,2.6532663316582923,13266,1
09/15/2026,14:14:21,774.88,796.0,2.6532663316582923,13267,0
09/15/2026,14:14:21,774.88,796.0,2.6532663316582923,13268,0
09/15/2026,14:14:21,774.88,796.0,2.6532663316582923,13269,0
09/15/2026,14:14:21,774.88,796.0,2.6532663316582923,13270,0
09/15/2026,14:14:21,774.88,796.0,2.6532663316582923,13271,2
09/15/2026,14:14:21,774.88,796.0,2.6532663316582923,13272,2
09/15/2026,14:14:21,774.88,796.0,2.6532663316582923,13273,0
09/15/2026,14:14:21,774.88,796.0,2.6532663316582923,13274,0
09/15/2026,14:14:21,774.88,796.0,2.6532663316582923,13275,2
09/15/2026,14:14:21,774.88,796.0,2.6532663316582923,13276,2
09/15/2026,14:14:21,774.88,796.0,2.6532663316582923,13277,0
09/15/2026,14:14:21,774.88,796.0,2.6532663316582923,13278,1
09/15/2026,14:14:21,774.88,796.0,2.6532663316582923,13279,0
09/15/2026,14:14:21,774.88,796.0,2.6532663316582923,13280,1
09/15/2026,14:14:21,774.88,796.0,2.6532663316582923,13281,1
09/15/2026,14:14:21,774.88,796.0,2.6532663316582923,13282,1
09/15/2026,14:14:21,774.88,796.0,2.6532663316582923,13283,0
09/15/2026,14:14:21,774.88,796.0,2.6532663316582923,13284,0
09/15/2026,14:14:21,774.88,796.0,2.6532663316582923,13285,0
09/15/2026,14:14:21,774.88,796.0,2.6532663316582923,13286,1
09/15/2026,14:14:21,774.88,796.0,2.6532663316582923,13287,2
09/15/2026,14:14:21,774.88,796.0,2.6532663316582923,13288,0
09/15/2026,14:14:21,774.88,796.0,2.6532663316582923,13289,0
09/15/2026,14:14:21,774.88,796.0,2.6532663316582923,13290,0
09/15/2026,14:14:21,774.88,796.0,2.6532663316582923,13291,1
09/15/2026,14:14:21,774.88,796.0,2.6532663316582923,13292,0
09/15/2026,14:14:21,774.88,796.0,2.6532663316582923,13293,0
09/15/2026,14:14:21,774.88,796.0,2.6532663316582923,13294,0
09/15/2026,14:14:21,774.88,796.0,2.6532663316582923,13295,1
09/15/2026,14:14:21,774.88,796.0,2.6532663316582923,13296,0
09/15/2026,14:14:21,774.88,796.0,2.6532663316582923,13297,0
09/15/2026,14:14:21,774.88,796.0,2.6532663316582923,13298,1
09/15/2026,14:14:21,774.88,796.0,2.6532663316582923,13299,1
09/15/2026,14:14:21,774.88,796.0,2.6532663316582923,13300,0
09/15/2026,14:14:21,774.88,796.0,2.6532663316582923,13301,1
09/15/2026,14:14:21,774.88,796.0,2.6532663316582923,13302,0
09/15/2026,14:14:21,774.88,796.0,2.6532663316582923,13303,2
09/15/2026,14:14:21,774.88,796.0,2.6532663316582923,13304,0
09/15/2026,14:14:21,774.88,796.0,2.6532663316582923,13305,2
09/15/2026,14:14:21,774.88,796.0,2.6532663316582923,13306,0
09/15/2026,14:14:21,774.88,796.0,2.6532663316582923,13307,0
09/15/2026,14:14:21,774.88,796.0,2.6532663316582923,13308,0
09/15/2026,14:14:21,774.88,796.0,2.6532663316582923,13309,0
09/15/2026,14:14:21,774.88,796.0,2.6532663316582923,13310,0
09/15/2026,14:14:21,774.88,796.0,2.6532663316582923,13311,0
09/15/2026,14:14:21,774.88,796.0,2.6532663316582923,13312,0
09/15/2026,14:14:21,774.88,796.0,2.6532663316582923,13313,0
09/15/2026,14:14:21,774.88,796.0,2.6532663316582923,13314,0
09/15/2026,14:14:21,774.88,796.0,2.6532663316582923,13315,0
09/15/2026,14:14:21,774.88,796.0,2.6532663316582923,13316,1
09/15/2026,14:14:21,774.88,796.0,2.6532663316582923,13317,0
09/15/2026,14:14:21,774.88,796.0,2.6532663316582923,13318,0
09/15/2026,14:14:21,774.88,796.0,2.6532663316582923,13319,1
09/15/2026,14:14:21,774.88,796.0,2.6532663316582923,13320,1
09/15/2026,14:14:21,774.88,796.0,2.6532663316582923,13321,0
09/15/2026,14:14:21,774.88,796.0,2.6532663316582923,13322,0
09/15/2026,14:14:21,774.88,796.0,2.6532663316582923,13323,0
09/15/2026,14:14:21,774.88,796.0,2.6532663316582923,13324,2
09/15/2026,14:14:21,774.88,796.0,2.6532663316582923,13325,0
09/15/2026,14:14:21,774.88,796.0,2.6532663316582923,13326,1
09/15/2026,14:14:21,774.88,796.0,2.6532663316582923,13327,0
09/15/2026,14:14:21,774.88,796.0,2.6532663316582923,13328,0
09/15/2026,14:14:21,774.88,796.0,2.6532663316582923,13329,0
09/15/2026,14:14:21,774.88,796.0,2.6532663316582923,13330,0
09/15/2026,14:14:21,774.88,796.0,2.6532663316582923,13331,2
09/15/2026,14:14:21,774.88,796.0,2.6532663316582923,13332,0
09/15/2026,14:14:21,774.88,796.0,2.6532663316582923,13333,0
09/15/2026,14:14:21,774.88,796.0,2.6532663316582923,13334,0
09/15/2026,14:14:21,774.88,796.0,2.6532663316582923,13335,0
09/15/2026,14:14:21,774.88,796.0,2.6532663316582923,13336,0
09/15/2026,14:14:21,774.88,796.0,2.6532663316582923,13337,0
09/15/2026,14:14:21,774.88,796.0,2.6532663316582923,13338,1
09/15/2026,14:14:21,774.88,796.0,2.6532663316582923,13339,1
09/15/2026,14:14:21,774.88,796.0,2.6532663316582923,13340,0
09/15/2026,14:14:21,774.88,796.0,2.6532663316582923,13341,0
09/15/2026,14:14:21,774.88,796.0,2.6532663316582923,13342,0
09/15/2026,14:14:21,774.88,796.0,2.6532663316582923,13343,1
09/15/2026,14:14:21,774.88,796.0,2.6532663316582923,13344,0
09/15/2026,14:14:21,774.88,796.0,2.6532663316582923,13345,0
09/15/2026,14:14:21,774.88,796.0,2.6532663316582923,13346,1
09/15/2026,14:14:21,774.88,796.0,2.6532663316582923,13347,2
09/15/2026,14:14:21,774.88,796.0,2.6532663316582923,13348,0
09/15/2026,14:14:21,774.88,796.0,2.6532663316582923,13349,2
09/15/2026,14:14:21,774.88,796.0,2.6532663316582923,13350,1
09/15/2026,14:14:21,774.88,796.0,2.6532663316582923,13351,0
09/15/2026,14:14:21,774.88,796.0,2.6532663316582923,13352,1
09/15/2026,14:14:21,774.88,796.0,2.6532663316582923,13353,0
09/15/2026,14:14:21,774.88,796.0,2.6532663316582923,13354,0
09/15/2026,14:14:21,774.88,796.0,2.6532663316582923,13355,0
09/15/2026,14:14:21,774.88,796.0,2.6532663316582923,13356,2
09/15/2026,14:14:21,774.88,796.0,2.6532663316582923,13357,0
09/15/2026,14:14:21,774.88,796.0,2.6532663316582923,13358,0
09/15/2026,14:14:21,774.88,796.0,2.6532663316582923,13359,1
09/15/2026,14:14:21,774.88,796.0,2.6532663316582923,13360,1
09/15/2026,14:14:21,774.88,796.0,2.6532663316582923,13361,0
09/15/2026,14:14:21,774.88,796.0,2.6532663316582923,13362,1
09/15/2026,14:14:21,774.88,796.0,2.6532663316582923,13363,1
09/15/2026,14:14:21,774.88,796.0,2.6532663316582923,13364,2
09/15/2026,14:14:21,774.88,796.0,2.6532663316582923,13365,0
09/15/2026,14:14:21,774.88,796.0,2.6532663316582923,13366,0
09/15/2026,14:14:21,774.88,796.0,2.6532663316582923,13367,1
09/15/2026,14:14:21,774.88,796.0,2.6532663316582923,13368,1
09/15/2026,14:14:21,774.88,796.0,2.6532663316582923,13369,0
09/15/2026,14:14:21,774.88,796.0,2.6532663316582923,13370,0
09/15/2026,14:14:21,774.88,796.0,2.6532663316582923,13371,0
09/15/2026,14:14:21,774.88,796.0,2.6532663316582923,13372,1
09/15/2026,14:14:21,774.88,796.0,2.6532663316582923,13373,1
09/15/2026,14:14:21,774.88,796.0,2.6532663316582923,13374,0
09/15/2026,14:14:21,774.88,796.0,2.6532663316582923,13375,1
09/15/2026,14:14:21,774.88,796.0,2.6532663316582923,13376,2
09/15/2026,14:14:21,774.88,796.0,2.6532663316582923,13377,0
09/15/2026,14:14:21,774.88,796.0,2.6532663316582923,13378,1
09/15/2026,14:14:21,774.88,796.0,2.6532663316582923,13379,2
09/15/2026,14:14:21,774.88,796.0,2.6532663316582923,13380,0
09/15/2026,14:14:21,774.88,796.0,2.6532663316582923,13381,0
09/15/2026,14:14:21,774.88,796.0,2.6532663316582923,13382,1
09/15/2026,14:14:21,774.88,796.0,2.6532663316582923,13383,1
09/15/2026,14:14:21,774.88,796.0,2.6532663316582923,13384,1
09/15/2026,14:14:21,774.88,796.0,2.6532663316582923,13385,0
09/15/2026,14:14:21,774.88,796.0,2.6532663316582923,13386,2
09/15/2026,14:14:21,774.88,796.0,2.6532663316582923,13387,0
09/15/2026,14:14:21,774.88,796.0,2.6532663316582923,13388,0
09/15/2026,14:14:21,774.88,796.0,2.6532663316582923,13389,2
09/15/2026,14:14:21,774.88,796.0,2.6532663316582923,13390,0
09/15/2026,14:14:21,774.88,796.0,2.6532663316582923,13391,0
09/15/2026,14:14:21,774.88,796.0,2.6532663316582923,13392,0
09/15/2026,14:14:21,774.88,796.0,2.6532663316582923,13393,1
09/15/2026,14:14:21,774.88,796.0,2.6532663316582923,13394,0
09/15/2026,14:14:21,774.88,796.0,2.6532663316582923,13395,0
09/15/2026,14:14:21,774.88,796.0,2.6532663316582923,13396,2
09/15/2026,14:14:21,774.88,796.0,2.6532663316582923,13397,0
09/15/2026,14:14:21,774.88,796.0,2.6532663316582923,13398,0
09/15/2026,14:14:21,774.88,796.0,2.6532663316582923,13399,0
09/15/2026,14:14:21,774.88,796.0,2.6532663316582923,13400,0
09/15/2026,14:14:21,774.88,796.0,2.6532663316582923,13401,1
09/15/2026,14:14:21,774.88,796.0,2.6532663316582923,13402,0
09/15/2026,14:14:21,774.88,796.0,2.6532663316582923,13403,0
09/15/2026,14:14:21,774.88,796.0,2.6532663316582923,13404,0
09/15/2026,14:14:21,774.88,796.0,2.6532663316582923,13405,0
09/15/2026,14:14:21,774.88,796.0,2.6532663316582923,13406,0
09/15/2026,14:14:21,774.88,796.0,2.6532663316582923,13407,0
09/15/2026,14:14:21,774.88,796.0,2.6532663316582923,13408,1
09/15/2026,14:14:21,774.88,796.0,2.6532663316582923,13409,0
09/15/2026,14:14:21,774.88,796.0,2.6532663316582923,13410,0
09/15/2026,14:14:21,774.88,796.0,2.6532663316582923,13411,1
09/15/2026,14:14:21,774.88,796.0,2.6532663316582923,13412,1
09/15/2026,14:14:21,774.88,796.0,2.6532663316582923,13413,0
09/15/2026,14:14:21,774.88,796.0,2.6532663316582923,13414,0
09/15/2026,14:14:21,774.88,796.0,2.6532663316582923,13415,3
09/15/2026,14:14:21,774.88,796.0,2.6532663316582923,13416,0
09/15/2026,14:14:21,774.88,796.0,2.6532663316582923,13417,0
09/15/2026,14:14:21,774.88,796.0,2.6532663316582923,13418,2
09/15/2026,14:14:21,774.88,796.0,2.6532663316582923,13419,1
09/15/2026,14:14:21,774.88,796.0,2.6532663316582923,13420,1
09/15/2026,14:14:21,774.88,796.0,2.6532663316582923,13421,0
09/15/2026,14:14:21,774.88,796.0,2.6532663316582923,13422,1
09/15/2026,14:14:21,774.88,796.0,2.6532663316582923,13423,2
09/15/2026,14:14:21,774.88,796.0,2.6532663316582923,13424,2
09/15/2026,14:14:21,774.88,796.0,2.6532663316582923,13425,2
09/15/2026,14:14:21,774.88,796.0,2.6532663316582923,13426,0
09/15/2026,14:14:21,774.88,796.0,2.6532663316582923,13427,0
09/15/2026,14:14:21,774.88,796.0,2.6532663316582923,13428,1
09/15/2026,14:14:21,774.88,796.0,2.6532663316582923,13429,1
09/15/2026,14:14:21,774.88,796.0,2.6532663316582923,13430,1
09/15/2026,14:14:21,774.88,796.0,2.6532663316582923,13431,0
09/15/2026,14:14:21,774.88,796.0,2.6532663316582923,13432,1
09/15/2026,14:14:21,774.88,796.0,2.6532663316582923,13433,0
09/15/2026,14:14:21,774.88,796.0,2.6532663316582923,13434,0
09/15/2026,14:14:21,774.88,796.0,2.6532663316582923,13435,2
09/15/2026,14:14:21,774.88,796.0,2.6532663316582923,13436,1
09/15/2026,14:14:21,774.88,796.0,2.6532663316582923,13437,0
09/15/2026,14:14:21,774.88,796.0,2.6532663316582923,13438,0
09/15/2026,14:14:21,774.88,796.0,2.6532663316582923,13439,1
09/15/2026,14:14:21,774.88,796.0,2.6532663316582923,13440,0
09/15/2026,14:14:21,774.88,796.0,2.6532663316582923,13441,1
09/15/2026,14:14:21,774.88,796.0,2.6532663316582923,13442,1
09/15/2026,14:14:21,774.88,796.0,2.6532663316582923,13443,0
09/15/2026,14:14:21,774.88,796.0,2.6532663316582923,13444,2
09/15/2026,14:14:21,774.88,796.0,2.6532663316582923,13445,1
09/15/2026,14:14:21,774.88,796.0,2.6532663316582923,13446,1
09/15/2026,14:14:21,774.88,796.0,2.6532663316582923,13447,0
09/15/2026,14:14:21,774.88,796.0,2.6532663316582923,13448,0
09/15/2026,14:14:21,774.88,796.0,2.6532663316582923,13449,1
09/15/2026,14:14:21,774.88,796.0,2.6532663316582923,13450,0
09/15/2026,14:14:21,774.88,796.0,2.6532663316582923,13451,0
09/15/2026,14:14:21,774.88,796.0,2.6532663316582923,13452,0
09/15/2026,14:14:21,774.88,796.0,2.6532663316582923,13453,1
09/15/2026,14:14:21,774.88,796.0,2.6532663316582923,13454,1
09/15/2026,14:14:21,774.88,796.0,2.6532663316582923,13455,1
09/15/2026,14:14:21,774.88,796.0,2.6532663316582923,13456,0
09/15/2026,14:14:21,774.88,796.0,2.6532663316582923,13457,0
09/15/2026,14:14:21,774.88,796.0,2.6532663316582923,13458,0
09/15/2026,14:14:21,774.88,796.0,2.6532663316582923,13459,0
09/15/2026,14:14:21,774.88,796.0,2.6532663316582923,13460,1
09/15/2026,14:14:21,774.88,796.0,2.6532663316582923,13461,0
09/15/2026,14:14:21,774.88,796.0,2.6532663316582923,13462,0
09/15/2026,14:14:21,774.88,796.0,2.6532663316582923,13463,0
09/15/2026,14:14:21,774.88,796.0,2.6532663316582923,13464,1
09/15/2026,14:14:21,774.88,796.0,2.6532663316582923,13465,1
09/15/2026,14:14:21,774.88,796.0,2.6532663316582923,13466,0
09/15/2026,14:14:21,774.88,796.0,2.6532663316582923,13467,1
09/15/2026,14:14:21,774.88,796.0,2.6532663316582923,13468,1
09/15/2026,14:14:21,774.88,796.0,2.6532663316582923,13469,0
09/15/2026,14:14:21,774.88,796.0,2.6532663316582923,13470,0
09/15/2026,14:14:21,774.88,796.0,2.6532663316582923,13471,1
09/15/2026,14:14:21,774.88,796.0,2.6532663316582923,13472,0
09/15/2026,14:14:21,774.88,796.0,2.6532663316582923,13473,0
09/15/2026,14:14:21,774.88,796.0,2.6532663316582923,13474,0
09/15/2026,14:14:21,774.88,796.0,2.6532663316582923,13475,1
09/15/2026,14:14:21,774.88,796.0,2.6532663316582923,13476,1
09/15/2026,14:14:21,774.88,796.0,2.6532663316582923,13477,0
09/15/2026,14:14:21,774.88,796.0,2.6532663316582923,13478,0
09/15/2026,14:14:21,774.88,796.0,2.6532663316582923,13479,1
09/15/2026,14:14:21,774.88,796.0,2.6532663316582923,13480,1
09/15/2026,14:14:21,774.88,796.0,2.6532663316582923,13481,0
09/15/2026,14:14:21,774.88,796.0,2.6532663316582923,13482,1
09/15/2026,14:14:21,774.88,796.0,2.6532663316582923,13483,2
09/15/2026,14:14:21,774.88,796.0,2.6532663316582923,13484,0
09/15/2026,14:14:21,774.88,796.0,2.6532663316582923,13485,0
09/15/2026,14:14:21,774.88,796.0,2.6532663316582923,13486,0
09/15/2026,14:14:21,774.88,796.0,2.6532663316582923,13487,0
09/15/2026,14:14:21,774.88,796.0,2.6532663316582923,13488,1
09/15/2026,14:14:21,774.88,796.0,2.6532663316582923,13489,0
09/15/2026,14:14:21,774.88,796.0,2.6532663316582923,13490,0
09/15/2026,14:14:21,774.88,796.0,2.6532663316582923,13491,0
09/15/2026,14:14:21,774.88,796.0,2.6532663316582923,13492,1
09/15/2026,14:14:21,774.88,796.0,2.6532663316582923,13493,0
09/15/2026,14:14:21,774.88,796.0,2.6532663316582923,13494,0
09/15/2026,14:14:21,774.88,796.0,2.6532663316582923,13495,1
09/15/2026,14:14:21,774.88,796.0,2.6532663316582923,13496,1
09/15/2026,14:14:21,774.88,796.0,2.6532663316582923,13497,2
09/15/2026,14:14:21,774.88,796.0,2.6532663316582923,13498,0
09/15/2026,14:14:21,774.88,796.0,2.6532663316582923,13499,0
09/15/2026,14:14:21,774.88,796.0,2.6532663316582923,13500,0
09/15/2026,14:14:21,774.88,796.0,2.6532663316582923,13501,0
09/15/2026,14:14:21,774.88,796.0,2.6532663316582923,13502,1
09/15/2026,14:14:21,774.88,796.0,2.6532663316582923,13503,0
09/15/2026,14:14:21,774.88,796.0,2.6532663316582923,13504,0
09/15/2026,14:14:21,774.88,796.0,2.6532663316582923,13505,0
09/15/2026,14:14:21,774.88,796.0,2.6532663316582923,13506,2
09/15/2026,14:14:21,774.88,796.0,2.6532663316582923,13507,1
09/15/2026,14:14:21,774.88,796.0,2.6532663316582923,13508,0
09/15/2026,14:14:21,774.88,796.0,2.6532663316582923,13509,0
09/15/2026,14:14:21,774.88,796.0,2.6532663316582923,13510,1
09/15/2026,14:14:21,774.88,796.0,2.6532663316582923,13511,1
09/15/2026,14:14:21,774.88,796.0,2.6532663316582923,13512,0
09/15/2026,14:14:21,774.88,796.0,2.6532663316582923,13513,0
09/15/2026,14:14:21,774.88,796.0,2.6532663316582923,13514,0
09/15/2026,14:14:21,774.88,796.0,2.6532663316582923,13515,0
09/15/2026,14:14:21,774.88,796.0,2.6532663316582923,13516,0
09/15/2026,14:14:21,774.88,796.0,2.6532663316582923,13517,0
09/15/2026,14:14:21,774.88,796.0,2.6532663316582923,13518,1
09/15/2026,14:14:21,774.88,796.0,2.6532663316582923,13519,1
09/15/2026,14:14:21,774.88,796.0,2.6532663316582923,13520,2
09/15/2026,14:14:21,774.88,796.0,2.6532663316582923,13521,0
09/15/2026,14:14:21,774.88,796.0,2.6532663316582923,13522,0
09/15/2026,14:14:21,774.88,796.0,2.6532663316582923,13523,1
09/15/2026,14:14:21,774.88,796.0,2.6532663316582923,13524,1
09/15/2026,14:14:21,774.88,796.0,2.6532663316582923,13525,1
09/15/2026,14:14:21,774.88,796.0,2.6532663316582923,13526,0
09/15/2026,14:14:21,774.88,796.0,2.6532663316582923,13527,1
09/15/2026,14:14:21,774.88,796.0,2.6532663316582923,13528,1
09/15/2026,14:14:21,774.88,796.0,2.6532663316582923,13529,2
09/15/2026,14:14:21,774.88,796.0,2.6532663316582923,13530,1
09/15/2026,14:14:21,774.88,796.0,2.6532663316582923,13531,0
09/15/2026,14:14:21,774.88,796.0,2.6532663316582923,13532,0
09/15/2026,14:14:21,774.88,796.0,2.6532663316582923,13533,0
09/15/2026,14:14:21,774.88,796.0,2.6532663316582923,13534,1
09/15/2026,14:14:21,774.88,796.0,2.6532663316582923,13535,1
09/15/2026,14:14:21,774.88,796.0,2.6532663316582923,13536,0
09/15/2026,14:14:21,774.88,796.0,2.6532663316582923,13537,2
09/15/2026,14:14:21,774.88,796.0,2.6532663316582923,13538,0
09/15/2026,14:14:21,774.88,796.0,2.6532663316582923,13539,0
09/15/2026,14:14:21,774.88,796.0,2.6532663316582923,13540,1
09/15/2026,14:14:21,774.88,796.0,2.6532663316582923,13541,1
09/15/2026,14:14:21,774.88,796.0,2.6532663316582923,13542,0
09/15/2026,14:14:21,774.88,796.0,2.6532663316582923,13543,0
09/15/2026,14:14:21,774.88,796.0,2.6532663316582923,13544,1
09/15/2026,14:14:21,774.88,796.0,2.6532663316582923,13545,0
09/15/2026,14:14:21,774.88,796.0,2.6532663316582923,13546,0
09/15/2026,14:14:21,774.88,796.0,2.6532663316582923,13547,0
09/15/2026,14:14:21,774.88,796.0,2.6532663316582923,13548,0
09/15/2026,14:14:21,774.88,796.0,2.6532663316582923,13549,0
09/15/2026,14:14:21,774.88,796.0,2.6532663316582923,13550,1
09/15/2026,14:14:21,774.88,796.0,2.6532663316582923,13551,0
09/15/2026,14:14:21,774.88,796.0,2.6532663316582923,13552,0
09/15/2026,14:14:21,774.88,796.0,2.6532663316582923,13553,0
09/15/2026,14:14:21,774.88,796.0,2.6532663316582923,13554,0
09/15/2026,14:14:21,774.88,796.0,2.6532663316582923,13555,1
09/15/2026,14:14:21,774.88,796.0,2.6532663316582923,13556,0
09/15/2026,14:14:21,774.88,796.0,2.6532663316582923,13557,0
09/15/2026,14:14:21,774.88,796.0,2.6532663316582923,13558,0
09/15/2026,14:14:21,774.88,796.0,2.6532663316582923,13559,2
09/15/2026,14:14:21,774.88,796.0,2.6532663316582923,13560,0
09/15/2026,14:14:21,774.88,796.0,2.6532663316582923,13561,1
09/15/2026,14:14:21,774.88,796.0,2.6532663316582923,13562,0
09/15/2026,14:14:21,774.88,796.0,2.6532663316582923,13563,0
09/15/2026,14:14:21,774.88,796.0,2.6532663316582923,13564,1
09/15/2026,14:14:21,774.88,796.0,2.6532663316582923,13565,1
09/15/2026,14:14:21,774.88,796.0,2.6532663316582923,13566,1
09/15/2026,14:14:21,774.88,796.0,2.6532663316582923,13567,0
09/15/2026,14:14:21,774.88,796.0,2.6532663316582923,13568,1
09/15/2026,14:14:21,774.88,796.0,2.6532663316582923,13569,1
09/15/2026,14:14:21,774.88,796.0,2.6532663316582923,13570,0
09/15/2026,14:14:21,774.88,796.0,2.6532663316582923,13571,0
09/15/2026,14:14:21,774.88,796.0,2.6532663316582923,13572,0
09/15/2026,14:14:21,774.88,796.0,2.6532663316582923,13573,0
09/15/2026,14:14:21,774.88,796.0,2.6532663316582923,13574,0
09/15/2026,14:14:21,774.88,796.0,2.6532663316582923,13575,1
09/15/2026,14:14:21,774.88,796.0,2.6532663316582923,13576,0
09/15/2026,14:14:21,774.88,796.0,2.6532663316582923,13577,0
09/15/2026,14:14:21,774.88,796.0,2.6532663316582923,13578,0
09/15/2026,14:14:21,774.88,796.0,2.6532663316582923,13579,0
09/15/2026,14:14:21,774.88,796.0,2.6532663316582923,13580,0
09/15/2026,14:14:21,774.88,796.0,2.6532663316582923,13581,0
09/15/2026,14:14:21,774.88,796.0,2.6532663316582923,13582,0
09/15/2026,14:14:21,774.88,796.0,2.6532663316582923,13583,0
09/15/2026,14:14:21,774.88,796.0,2.6532663316582923,13584,1
09/15/2026,14:14:21,774.88,796.0,2.6532663316582923,13585,1
09/15/2026,14:14:21,774.88,796.0,2.6532663316582923,13586,2
09/15/2026,14:14:21,774.88,796.0,2.6532663316582923,13587,1
09/15/2026,14:14:21,774.88,796.0,2.6532663316582923,13588,1
09/15/2026,14:14:21,774.88,796.0,2.6532663316582923,13589,0
09/15/2026,14:14:21,774.88,796.0,2.6532663316582923,13590,0
09/15/2026,14:14:21,774.88,796.0,2.6532663316582923,13591,0
09/15/2026,14:14:21,774.88,796.0,2.6532663316582923,13592,0
09/15/2026,14:14:21,774.88,796.0,2.6532663316582923,13593,0
09/15/2026,14:14:21,774.88,796.0,2.6532663316582923,13594,0
09/15/2026,14:14:21,774.88,796.0,2.6532663316582923,13595,2
09/15/2026,14:14:21,774.88,796.0,2.6532663316582923,13596,2
09/15/2026,14:14:21,774.88,796.0,2.6532663316582923,13597,1
09/15/2026,14:14:21,774.88,796.0,2.6532663316582923,13598,0
09/15/2026,14:14:21,774.88,796.0,2.6532663316582923,13599,1
09/15/2026,14:14:21,774.88,796.0,2.6532663316582923,13600,0
09/15/2026,14:14:21,774.88,796.0,2.6532663316582923,13601,1
09/15/2026,14:14:21,774.88,796.0,2.6532663316582923,13602,0
09/15/2026,14:14:21,774.88,796.0,2.6532663316582923,13603,0
09/15/2026,14:14:21,774.88,796.0,2.6532663316582923,13604,0
09/15/2026,14:14:21,774.88,796.0,2.6532663316582923,13605,0
09/15/2026,14:14:21,774.88,796.0,2.6532663316582923,13606,0
09/15/2026,14:14:21,774.88,796.0,2.6532663316582923,13607,1
09/15/2026,14:14:21,774.88,796.0,2.6532663316582923,13608,0
09/15/2026,14:14:21,774.88,796.0,2.6532663316582923,13609,0
09/15/2026,14:14:21,774.88,796.0,2.6532663316582923,13610,1
09/15/2026,14:14:21,774.88,796.0,2.6532663316582923,13611,0
09/15/2026,14:14:21,774.88,796.0,2.6532663316582923,13612,0
09/15/2026,14:14:21,774.88,796.0,2.6532663316582923,13613,1
09/15/2026,14:14:21,774.88,796.0,2.6532663316582923,13614,0
09/15/2026,14:14:21,774.88,796.0,2.6532663316582923,13615,0
09/15/2026,14:14:21,774.88,796.0,2.6532663316582923,13616,1
09/15/2026,14:14:21,774.88,796.0,2.6532663316582923,13617,0
09/15/2026,14:14:21,774.88,796.0,2.6532663316582923,13618,0
09/15/2026,14:14:21,774.88,796.0,2.6532663316582923,13619,1
09/15/2026,14:14:21,774.88,796.0,2.6532663316582923,13620,1
09/15/2026,14:14:21,774.88,796.0,2.6532663316582923,13621,0
09/15/2026,14:14:21,774.88,796.0,2.6532663316582923,13622,0
09/15/2026,14:14:21,774.88,796.0,2.6532663316582923,13623,1
09/15/2026,14:14:21,774.88,796.0,2.6532663316582923,13624,1
09/15/2026,14:14:21,774.88,796.0,2.6532663316582923,13625,0
09/15/2026,14:14:21,774.88,796.0,2.6532663316582923,13626,0
09/15/2026,14:14:21,774.88,796.0,2.6532663316582923,13627,0
09/15/2026,14:14:21,774.88,796.0,2.6532663316582923,13628,0
09/15/2026,14:14:21,774.88,796.0,2.6532663316582923,13629,1
09/15/2026,14:14:21,774.88,796.0,2.6532663316582923,13630,0
09/15/2026,14:14:21,774.88,796.0,2.6532663316582923,13631,0
09/15/2026,14:14:21,774.88,796.0,2.6532663316582923,13632,0
09/15/2026,14:14:21,774.88,796.0,2.6532663316582923,13633,2
09/15/2026,14:14:21,774.88,796.0,2.6532663316582923,13634,1
09/15/2026,14:14:21,774.88,796.0,2.6532663316582923,13635,0
09/15/2026,14:14:21,774.88,796.0,2.6532663316582923,13636,0
09/15/2026,14:14:21,774.88,796.0,2.6532663316582923,13637,1
09/15/2026,14:14:21,774.88,796.0,2.6532663316582923,13638,0
09/15/2026,14:14:21,774.88,796.0,2.6532663316582923,13639,2
09/15/2026,14:14:21,774.88,796.0,2.6532663316582923,13640,0
09/15/2026,14:14:21,774.88,796.0,2.6532663316582923,13641,1
09/15/2026,14:14:21,774.88,796.0,2.6532663316582923,13642,0
09/15/2026,14:14:21,774.88,796.0,2.6532663316582923,13643,0
09/15/2026,14:14:21,774.88,796.0,2.6532663316582923,13644,1
09/15/2026,14:14:21,774.88,796.0,2.6532663316582923,13645,0
09/15/2026,14:14:21,774.88,796.0,2.6532663316582923,13646,0
09/15/2026,14:14:21,774.88,796.0,2.6532663316582923,13647,0
09/15/2026,14:14:21,774.88,796.0,2.6532663316582923,13648,0
09/15/2026,14:14:21,774.88,796.0,2.6532663316582923,13649,0
09/15/2026,14:14:21,774.88,796.0,2.6532663316582923,13650,2
09/15/2026,14:14:21,774.88,796.0,2.6532663316582923,13651,0
09/15/2026,14:14:21,774.88,796.0,2.6532663316582923,13652,0
09/15/2026,14:14:21,774.88,796.0,2.6532663316582923,13653,0
09/15/2026,14:14:21,774.88,796.0,2.6532663316582923,13654,0
09/15/2026,14:14:21,774.88,796.0,2.6532663316582923,13655,0
09/15/2026,14:14:21,774.88,796.0,2.6532663316582923,13656,1
09/15/2026,14:14:21,774.88,796.0,2.6532663316582923,13657,0
09/15/2026,14:14:21,774.88,796.0,2.6532663316582923,13658,0
09/15/2026,14:14:21,774.88,796.0,2.6532663316582923,13659,0
09/15/2026,14:14:21,774.88,796.0,2.6532663316582923,13660,0
09/15/2026,14:14:21,774.88,796.0,2.6532663316582923,13661,0
09/15/2026,14:14:21,774.88,796.0,2.6532663316582923,13662,0
09/15/2026,14:14:21,774.88,796.0,2.6532663316582923,13663,0
09/15/2026,14:14:21,774.88,796.0,2.6532663316582923,13664,1
09/15/2026,14:14:21,774.88,796.0,2.6532663316582923,13665,0
09/15/2026,14:14:21,774.88,796.0,2.6532663316582923,13666,0
09/15/2026,14:14:21,774.88,796.0,2.6532663316582923,13667,1
09/15/2026,14:14:21,774.88,796.0,2.6532663316582923,13668,0
09/15/2026,14:14:21,774.88,796.0,2.6532663316582923,13669,0
09/15/2026,14:14:21,774.88,796.0,2.6532663316582923,13670,1
09/15/2026,14:14:21,774.88,796.0,2.6532663316582923,13671,1
09/15/2026,14:14:21,774.88,796.0,2.6532663316582923,13672,0
09/15/2026,14:14:21,774.88,796.0,2.6532663316582923,13673,2
09/15/2026,14:14:21,774.88,796.0,2.6532663316582923,13674,0
09/15/2026,14:14:21,774.88,796.0,2.6532663316582923,13675,0
09/15/2026,14:14:21,774.88,796.0,2.6532663316582923,13676,0
09/15/2026,14:14:21,774.88,796.0,2.6532663316582923,13677,0
09/15/2026,14:14:21,774.88,796.0,2.6532663316582923,13678,1
09/15/2026,14:14:21,774.88,796.0,2.6532663316582923,13679,1
09/15/2026,14:14:21,774.88,796.0,2.6532663316582923,13680,0
09/15/2026,14:14:21,774.88,796.0,2.6532663316582923,13681,0
09/15/2026,14:14:21,774.88,796.0,2.6532663316582923,13682,1
09/15/2026,14:14:21,774.88,796.0,2.6532663316582923,13683,0
09/15/2026,14:14:21,774.88,796.0,2.6532663316582923,13684,0
09/15/2026,14:14:21,774.88,796.0,2.6532663316582923,13685,0
09/15/2026,14:14:21,774.88,796.0,2.6532663316582923,13686,0
09/15/2026,14:14:21,774.88,796.0,2.6532663316582923,13687,2
09/15/2026,14:14:21,774.88,796.0,2.6532663316582923,13688,1
09/15/2026,14:14:21,774.88,796.0,2.6532663316582923,13689,0
09/15/2026,14:14:21,774.88,796.0,2.6532663316582923,13690,0
09/15/2026,14:14:21,774.88,796.0,2.6532663316582923,13691,0
09/15/2026,14:14:21,774.88,796.0,2.6532663316582923,13692,0
09/15/2026,14:14:21,774.88,796.0,2.6532663316582923,13693,0
09/15/2026,14:14:21,774.88,796.0,2.6532663316582923,13694,0
09/15/2026,14:14:21,774.88,796.0,2.6532663316582923,13695,0
09/15/2026,14:14:21,774.88,796.0,2.6532663316582923,13696,1
09/15/2026,14:14:21,774.88,796.0,2.6532663316582923,13697,0
09/15/2026,14:14:21,774.88,796.0,2.6532663316582923,13698,0
09/15/2026,14:14:21,774.88,796.0,2.6532663316582923,13699,0
09/15/2026,14:14:21,774.88,796.0,2.6532663316582923,13700,1
09/15/2026,14:14:21,774.88,796.0,2.6532663316582923,13701,1
09/15/2026,14:14:21,774.88,796.0,2.6532663316582923,13702,0
09/15/2026,14:14:21,774.88,796.0,2.6532663316582923,13703,0
09/15/2026,14:14:21,774.88,796.0,2.6532663316582923,13704,1
09/15/2026,14:14:21,774.88,796.0,2.6532663316582923,13705,0
09/15/2026,14:14:21,774.88,796.0,2.6532663316582923,13706,0
09/15/2026,14:14:21,774.88,796.0,2.6532663316582923,13707,0
09/15/2026,14:14:21,774.88,796.0,2.6532663316582923,13708,1
09/15/2026,14:14:21,774.88,796.0,2.6532663316582923,13709,0
09/15/2026,14:14:21,774.88,796.0,2.6532663316582923,13710,0
09/15/2026,14:14:21,774.88,796.0,2.6532663316582923,13711,0
09/15/2026,14:14:21,774.88,796.0,2.6532663316582923,13712,1
09/15/2026,14:14:21,774.88,796.0,2.6532663316582923,13713,0
09/15/2026,14:14:21,774.88,796.0,2.6532663316582923,13714,1
09/15/2026,14:14:21,774.88,796.0,2.6532663316582923,13715,0
09/15/2026,14:14:21,774.88,796.0,2.6532663316582923,13716,1
09/15/2026,14:14:21,774.88,796.0,2.6532663316582923,13717,1
09/15/2026,14:14:21,774.88,796.0,2.6532663316582923,13718,0
09/15/2026,14:14:21,774.88,796.0,2.6532663316582923,13719,0
09/15/2026,14:14:21,774.88,796.0,2.6532663316582923,13720,1
09/15/2026,14:14:21,774.88,796.0,2.6532663316582923,13721,1
09/15/2026,14:14:21,774.88,796.0,2.6532663316582923,13722,0
09/15/2026,14:14:21,774.88,796.0,2.6532663316582923,13723,0
09/15/2026,14:14:21,774.88,796.0,2.6532663316582923,13724,0
09/15/2026,14:14:21,774.88,796.0,2.6532663316582923,13725,0
09/15/2026,14:14:21,774.88,796.0,2.6532663316582923,13726,0
09/15/2026,14:14:21,774.88,796.0,2.6532663316582923,13727,1
09/15/2026,14:14:21,774.88,796.0,2.6532663316582923,13728,0
09/15/2026,14:14:21,774.88,796.0,2.6532663316582923,13729,1
09/15/2026,14:14:21,774.88,796.0,2.6532663316582923,13730,1
09/15/2026,14:14:21,774.88,796.0,2.6532663316582923,13731,0
09/15/2026,14:14:21,774.88,796.0,2.6532663316582923,13732,0
09/15/2026,14:14:21,774.88,796.0,2.6532663316582923,13733,0
09/15/2026,14:14:21,774.88,796.0,2.6532663316582923,13734,0
09/15/2026,14:14:21,774.88,796.0,2.6532663316582923,13735,0
09/15/2026,14:14:21,774.88,796.0,2.6532663316582923,13736,0
09/15/2026,14:14:21,774.88,796.0,2.6532663316582923,13737,0
09/15/2026,14:14:21,774.88,796.0,2.6532663316582923,13738,0
09/15/2026,14:14:21,774.88,796.0,2.6532663316582923,13739,0
09/15/2026,14:14:21,774.88,796.0,2.6532663316582923,13740,0
09/15/2026,14:14:21,774.88,796.0,2.6532663316582923,13741,0
09/15/2026,14:14:21,774.88,796.0,2.6532663316582923,13742,0
09/15/2026,14:14:21,774.88,796.0,2.6532663316582923,13743,1
09/15/2026,14:14:21,774.88,796.0,2.6532663316582923,13744,0
09/15/2026,14:14:21,774.88,796.0,2.6532663316582923,13745,1
09/15/2026,14:14:21,774.88,796.0,2.6532663316582923,13746,1
09/15/2026,14:14:21,774.88,796.0,2.6532663316582923,13747,1
09/15/2026,14:14:21,774.88,796.0,2.6532663316582923,13748,1
09/15/2026,14:14:21,774.88,796.0,2.6532663316582923,13749,0
09/15/2026,14:14:21,774.88,796.0,2.6532663316582923,13750,0
09/15/2026,14:14:21,774.88,796.0,2.6532663316582923,13751,0
09/15/2026,14:14:21,774.88,796.0,2.6532663316582923,13752,1
09/15/2026,14:14:21,774.88,796.0,2.6532663316582923,13753,0
09/15/2026,14:14:21,774.88,796.0,2.6532663316582923,13754,0
09/15/2026,14:14:21,774.88,796.0,2.6532663316582923,13755,1
09/15/2026,14:14:21,774.88,796.0,2.6532663316582923,13756,0
09/15/2026,14:14:21,774.88,796.0,2.6532663316582923,13757,1
09/15/2026,14:14:21,774.88,796.0,2.6532663316582923,13758,0
09/15/2026,14:14:21,774.88,796.0,2.6532663316582923,13759,0
09/15/2026,14:14:21,774.88,796.0,2.6532663316582923,13760,0
09/15/2026,14:14:21,774.88,796.0,2.6532663316582923,13761,1
09/15/2026,14:14:21,774.88,796.0,2.6532663316582923,13762,0
09/15/2026,14:14:21,774.88,796.0,2.6532663316582923,13763,1
09/15/2026,14:14:21,774.88,796.0,2.6532663316582923,13764,0
09/15/2026,14:14:21,774.88,796.0,2.6532663316582923,13765,2
09/15/2026,14:14:21,774.88,796.0,2.6532663316582923,13766,1
09/15/2026,14:14:21,774.88,796.0,2.6532663316582923,13767,0
09/15/2026,14:14:21,774.88,796.0,2.6532663316582923,13768,0
09/15/2026,14:14:21,774.88,796.0,2.6532663316582923,13769,0
09/15/2026,14:14:21,774.88,796.0,2.6532663316582923,13770,0
09/15/2026,14:14:21,774.88,796.0,2.6532663316582923,13771,0
09/15/2026,14:14:21,774.88,796.0,2.6532663316582923,13772,0
09/15/2026,14:14:21,774.88,796.0,2.6532663316582923,13773,0
09/15/2026,14:14:21,774.88,796.0,2.6532663316582923,13774,0
09/15/2026,14:14:21,774.88,796.0,2.6532663316582923,13775,0
09/15/2026,14:14:21,774.88,796.0,2.6532663316582923,13776,0
09/15/2026,14:14:21,774.88,796.0,2.6532663316582923,13777,0
09/15/2026,14:14:21,774.88,796.0,2.6532663316582923,13778,0
09/15/2026,14:14:21,774.88,796.0,2.6532663316582923,13779,0
09/15/2026,14:14:21,774.88,796.0,2.6532663316582923,13780,1
09/15/2026,14:14:21,774.88,796.0,2.6532663316582923,13781,0
09/15/2026,14:14:21,774.88,796.0,2.6532663316582923,13782,1
09/15/2026,14:14:21,774.88,796.0,2.6532663316582923,13783,0
09/15/2026,14:14:21,774.88,796.0,2.6532663316582923,13784,1
09/15/2026,14:14:21,774.88,796.0,2.6532663316582923,13785,1
09/15/2026,14:14:21,774.88,796.0,2.6532663316582923,13786,0
09/15/2026,14:14:21,774.88,796.0,2.6532663316582923,13787,0
09/15/2026,14:14:21,774.88,796.0,2.6532663316582923,13788,0
09/15/2026,14:14:21,774.88,796.0,2.6532663316582923,13789,2
09/15/2026,14:14:21,774.88,796.0,2.6532663316582923,13790,0
09/15/2026,14:14:21,774.88,796.0,2.6532663316582923,13791,0
09/15/2026,14:14:21,774.88,796.0,2.6532663316582923,13792,1
09/15/2026,14:14:21,774.88,796.0,2.6532663316582923,13793,0
09/15/2026,14:14:21,774.88,796.0,2.6532663316582923,13794,1
09/15/2026,14:14:21,774.88,796.0,2.6532663316582923,13795,0
09/15/2026,14:14:21,774.88,796.0,2.6532663316582923,13796,1
09/15/2026,14:14:21,774.88,796.0,2.6532663316582923,13797,0
09/15/2026,14:14:21,774.88,796.0,2.6532663316582923,13798,1
09/15/2026,14:14:21,774.88,796.0,2.6532663316582923,13799,0
09/15/2026,14:14:21,774.88,796.0,2.6532663316582923,13800,1
09/15/2026,14:14:21,774.88,796.0,2.6532663316582923,13801,0
09/15/2026,14:14:21,774.88,796.0,2.6532663316582923,13802,0
09/15/2026,14:14:21,774.88,796.0,2.6532663316582923,13803,1
09/15/2026,14:14:21,774.88,796.0,2.6532663316582923,13804,2
09/15/2026,14:14:21,774.88,796.0,2.6532663316582923,13805,0
09/15/2026,14:14:21,774.88,796.0,2.6532663316582923,13806,1
09/15/2026,14:14:21,774.88,796.0,2.6532663316582923,13807,1
09/15/2026,14:14:21,774.88,796.0,2.6532663316582923,13808,1
09/15/2026,14:14:21,774.88,796.0,2.6532663316582923,13809,0
09/15/2026,14:14:21,774.88,796.0,2.6532663316582923,13810,0
09/15/2026,14:14:21,774.88,796.0,2.6532663316582923,13811,1
09/15/2026,14:14:21,774.88,796.0,2.6532663316582923,13812,1
09/15/2026,14:14:21,774.88,796.0,2.6532663316582923,13813,1
09/15/2026,14:14:21,774.88,796.0,2.6532663316582923,13814,1
09/15/2026,14:14:21,774.88,796.0,2.6532663316582923,13815,1
09/15/2026,14:14:21,774.88,796.0,2.6532663316582923,13816,0
09/15/2026,14:14:21,774.88,796.0,2.6532663316582923,13817,0
09/15/2026,14:14:21,774.88,796.0,2.6532663316582923,13818,1
09/15/2026,14:14:21,774.88,796.0,2.6532663316582923,13819,1
09/15/2026,14:14:21,774.88,796.0,2.6532663316582923,13820,0
09/15/2026,14:14:21,774.88,796.0,2.6532663316582923,13821,0
09/15/2026,14:14:21,774.88,796.0,2.6532663316582923,13822,1
09/15/2026,14:14:21,774.88,796.0,2.6532663316582923,13823,0
09/15/2026,14:14:21,774.88,796.0,2.6532663316582923,13824,0
09/15/2026,14:14:21,774.88,796.0,2.6532663316582923,13825,2
09/15/2026,14:14:21,774.88,796.0,2.6532663316582923,13826,0
09/15/2026,14:14:21,774.88,796.0,2.6532663316582923,13827,1
09/15/2026,14:14:21,774.88,796.0,2.6532663316582923,13828,0
09/15/2026,14:14:21,774.88,796.0,2.6532663316582923,13829,0
09/15/2026,14:14:21,774.88,796.0,2.6532663316582923,13830,0
09/15/2026,14:14:21,774.88,796.0,2.6532663316582923,13831,0
09/15/2026,14:14:21,774.88,796.0,2.6532663316582923,13832,0
09/15/2026,14:14:21,774.88,796.0,2.6532663316582923,13833,0
09/15/2026,14:14:21,774.88,796.0,2.6532663316582923,13834,1
09/15/2026,14:14:21,774.88,796.0,2.6532663316582923,13835,0
09/15/2026,14:14:21,774.88,796.0,2.6532663316582923,13836,0
09/15/2026,14:14:21,774.88,796.0,2.6532663316582923,13837,1
09/15/2026,14:14:21,774.88,796.0,2.6532663316582923,13838,0
09/15/2026,14:14:21,774.88,796.0,2.6532663316582923,13839,0
09/15/2026,14:14:21,774.88,796.0,2.6532663316582923,13840,1
09/15/2026,14:14:21,774.88,796.0,2.6532663316582923,13841,0
09/15/2026,14:14:21,774.88,796.0,2.6532663316582923,13842,2
09/15/2026,14:14:21,774.88,796.0,2.6532663316582923,13843,0
09/15/2026,14:14:21,774.88,796.0,2.6532663316582923,13844,0
09/15/2026,14:14:21,774.88,796.0,2.6532663316582923,13845,0
09/15/2026,14:14:21,774.88,796.0,2.6532663316582923,13846,0
09/15/2026,14:14:21,774.88,796.0,2.6532663316582923,13847,0
09/15/2026,14:14:21,774.88,796.0,2.6532663316582923,13848,0
09/15/2026,14:14:21,774.88,796.0,2.6532663316582923,13849,0
09/15/2026,14:14:21,774.88,796.0,2.6532663316582923,13850,0
09/15/2026,14:14:21,774.88,796.0,2.6532663316582923,13851,0
09/15/2026,14:14:21,774.88,796.0,2.6532663316582923,13852,3
09/15/2026,14:14:21,774.88,796.0,2.6532663316582923,13853,1
09/15/2026,14:14:21,774.88,796.0,2.6532663316582923,13854,0
09/15/2026,14:14:21,774.88,796.0,2.6532663316582923,13855,0
09/15/2026,14:14:21,774.88,796.0,2.6532663316582923,13856,0
09/15/2026,14:14:21,774.88,796.0,2.6532663316582923,13857,1
09/15/2026,14:14:21,774.88,796.0,2.6532663316582923,13858,0
09/15/2026,14:14:21,774.88,796.0,2.6532663316582923,13859,1
09/15/2026,14:14:21,774.88,796.0,2.6532663316582923,13860,1
09/15/2026,14:14:21,774.88,796.0,2.6532663316582923,13861,0
09/15/2026,14:14:21,774.88,796.0,2.6532663316582923,13862,0
09/15/2026,14:14:21,774.88,796.0,2.6532663316582923,13863,0
09/15/2026,14:14:21,774.88,796.0,2.6532663316582923,13864,0
09/15/2026,14:14:21,774.88,796.0,2.6532663316582923,13865,0
09/15/2026,14:14:21,774.88,796.0,2.6532663316582923,13866,0
09/15/2026,14:14:21,774.88,796.0,2.6532663316582923,13867,0
09/15/2026,14:14:21,774.88,796.0,2.6532663316582923,13868,0
09/15/2026,14:14:21,774.88,796.0,2.6532663316582923,13869,1
09/15/2026,14:14:21,774.88,796.0,2.6532663316582923,13870,0
09/15/2026,14:14:21,774.88,796.0,2.6532663316582923,13871,0
09/15/2026,14:14:21,774.88,796.0,2.6532663316582923,13872,0
09/15/2026,14:14:21,774.88,796.0,2.6532663316582923,13873,0
09/15/2026,14:14:21,774.88,796.0,2.6532663316582923,13874,1
09/15/2026,14:14:21,774.88,796.0,2.6532663316582923,13875,0
09/15/2026,14:14:21,774.88,796.0,2.6532663316582923,13876,0
09/15/2026,14:14:21,774.88,796.0,2.6532663316582923,13877,0
09/15/2026,14:14:21,774.88,796.0,2.6532663316582923,13878,3
09/15/2026,14:14:21,774.88,796.0,2.6532663316582923,13879,1
09/15/2026,14:14:21,774.88,796.0,2.6532663316582923,13880,0
09/15/2026,14:14:21,774.88,796.0,2.6532663316582923,13881,0
09/15/2026,14:14:21,774.88,796.0,2.6532663316582923,13882,1
09/15/2026,14:14:21,774.88,796.0,2.6532663316582923,13883,0
09/15/2026,14:14:21,774.88,796.0,2.6532663316582923,13884,0
09/15/2026,14:14:21,774.88,796.0,2.6532663316582923,13885,2
09/15/2026,14:14:21,774.88,796.0,2.6532663316582923,13886,1
09/15/2026,14:14:21,774.88,796.0,2.6532663316582923,13887,1
09/15/2026,14:14:21,774.88,796.0,2.6532663316582923,13888,1
09/15/2026,14:14:21,774.88,796.0,2.6532663316582923,13889,1
09/15/2026,14:14:21,774.88,796.0,2.6532663316582923,13890,0
09/15/2026,14:14:21,774.88,796.0,2.6532663316582923,13891,0
09/15/2026,14:14:21,774.88,796.0,2.6532663316582923,13892,0
09/15/2026,14:14:21,774.88,796.0,2.6532663316582923,13893,0
09/15/2026,14:14:21,774.88,796.0,2.6532663316582923,13894,1
09/15/2026,14:14:21,774.88,796.0,2.6532663316582923,13895,2
09/15/2026,14:14:21,774.88,796.0,2.6532663316582923,13896,0
09/15/2026,14:14:21,774.88,796.0,2.6532663316582923,13897,0
09/15/2026,14:14:21,774.88,796.0,2.6532663316582923,13898,0
09/15/2026,14:14:21,774.88,796.0,2.6532663316582923,13899,0
09/15/2026,14:14:21,774.88,796.0,2.6532663316582923,13900,1
09/15/2026,14:14:21,774.88,796.0,2.6532663316582923,13901,0
09/15/2026,14:14:21,774.88,796.0,2.6532663316582923,13902,1
09/15/2026,14:14:21,774.88,796.0,2.6532663316582923,13903,0
09/15/2026,14:14:21,774.88,796.0,2.6532663316582923,13904,0
09/15/2026,14:14:21,774.88,796.0,2.6532663316582923,13905,0
09/15/2026,14:14:21,774.88,796.0,2.6532663316582923,13906,0
09/15/2026,14:14:21,774.88,796.0,2.6532663316582923,13907,0
09/15/2026,14:14:21,774.88,796.0,2.6532663316582923,13908,0
09/15/2026,14:14:21,774.88,796.0,2.6532663316582923,13909,0
09/15/2026,14:14:21,774.88,796.0,2.6532663316582923,13910,0
09/15/2026,14:14:21,774.88,796.0,2.6532663316582923,13911,0
09/15/2026,14:14:21,774.88,796.0,2.6532663316582923,13912,0
09/15/2026,14:14:21,774.88,796.0,2.6532663316582923,13913,0
09/15/2026,14:14:21,774.88,796.0,2.6532663316582923,13914,0
09/15/2026,14:14:21,774.88,796.0,2.6532663316582923,13915,0
09/15/2026,14:14:21,774.88,796.0,2.6532663316582923,13916,0
09/15/2026,14:14:21,774.88,796.0,2.6532663316582923,13917,0
09/15/2026,14:14:21,774.88,796.0,2.6532663316582923,13918,1
09/15/2026,14:14:21,774.88,796.0,2.6532663316582923,13919,0
09/15/2026,14:14:21,774.88,796.0,2.6532663316582923,13920,2
09/15/2026,14:14:21,774.88,796.0,2.6532663316582923,13921,0
09/15/2026,14:14:21,774.88,796.0,2.6532663316582923,13922,0
09/15/2026,14:14:21,774.88,796.0,2.6532663316582923,13923,1
09/15/2026,14:14:21,774.88,796.0,2.6532663316582923,13924,0
09/15/2026,14:14:21,774.88,796.0,2.6532663316582923,13925,0
09/15/2026,14:14:21,774.88,796.0,2.6532663316582923,13926,2
09/15/2026,14:14:21,774.88,796.0,2.6532663316582923,13927,0
09/15/2026,14:14:21,774.88,796.0,2.6532663316582923,13928,0
09/15/2026,14:14:21,774.88,796.0,2.6532663316582923,13929,1
09/15/2026,14:14:21,774.88,796.0,2.6532663316582923,13930,0
09/15/2026,14:14:21,774.88,796.0,2.6532663316582923,13931,0
09/15/2026,14:14:21,774.88,796.0,2.6532663316582923,13932,2
09/15/2026,14:14:21,774.88,796.0,2.6532663316582923,13933,0
09/15/2026,14:14:21,774.88,796.0,2.6532663316582923,13934,1
09/15/2026,14:14:21,774.88,796.0,2.6532663316582923,13935,0
09/15/2026,14:14:21,774.88,796.0,2.6532663316582923,13936,0
09/15/2026,14:14:21,774.88,796.0,2.6532663316582923,13937,0
09/15/2026,14:14:21,774.88,796.0,2.6532663316582923,13938,0
09/15/2026,14:14:21,774.88,796.0,2.6532663316582923,13939,1
09/15/2026,14:14:21,774.88,796.0,2.6532663316582923,13940,0
09/15/2026,14:14:21,774.88,796.0,2.6532663316582923,13941,0
09/15/2026,14:14:21,774.88,796.0,2.6532663316582923,13942,1
09/15/2026,14:14:21,774.88,796.0,2.6532663316582923,13943,2
09/15/2026,14:14:21,774.88,796.0,2.6532663316582923,13944,0
09/15/2026,14:14:21,774.88,796.0,2.6532663316582923,13945,0
09/15/2026,14:14:21,774.88,796.0,2.6532663316582923,13946,2
09/15/2026,14:14:21,774.88,796.0,2.6532663316582923,13947,0
09/15/2026,14:14:21,774.88,796.0,2.6532663316582923,13948,0
09/15/2026,14:14:21,774.88,796.0,2.6532663316582923,13949,3
09/15/2026,14:14:21,774.88,796.0,2.6532663316582923,13950,0
09/15/2026,14:14:21,774.88,796.0,2.6532663316582923,13951,0
09/15/2026,14:14:21,774.88,796.0,2.6532663316582923,13952,0
09/15/2026,14:14:21,774.88,796.0,2.6532663316582923,13953,0
09/15/2026,14:14:21,774.88,796.0,2.6532663316582923,13954,1
09/15/2026,14:14:21,774.88,796.0,2.6532663316582923,13955,0
09/15/2026,14:14:21,774.88,796.0,2.6532663316582923,13956,1
09/15/2026,14:14:21,774.88,796.0,2.6532663316582923,13957,0
09/15/2026,14:14:21,774.88,796.0,2.6532663316582923,13958,1
09/15/2026,14:14:21,774.88,796.0,2.6532663316582923,13959,0
09/15/2026,14:14:21,774.88,796.0,2.6532663316582923,13960,2
09/15/2026,14:14:21,774.88,796.0,2.6532663316582923,13961,0
09/15/2026,14:14:21,774.88,796.0,2.6532663316582923,13962,0
09/15/2026,14:14:21,774.88,796.0,2.6532663316582923,13963,1
09/15/2026,14:14:21,774.88,796.0,2.6532663316582923,13964,2
09/15/2026,14:14:21,774.88,796.0,2.6532663316582923,13965,0
09/15/2026,14:14:21,774.88,796.0,2.6532663316582923,13966,0
09/15/2026,14:14:21,774.88,796.0,2.6532663316582923,13967,0
09/15/2026,14:14:21,774.88,796.0,2.6532663316582923,13968,0
09/15/2026,14:14:21,774.88,796.0,2.6532663316582923,13969,0
09/15/2026,14:14:21,774.88,796.0,2.6532663316582923,13970,0
09/15/2026,14:14:21,774.88,796.0,2.6532663316582923,13971,0
09/15/2026,14:14:21,774.88,796.0,2.6532663316582923,13972,1
09/15/2026,14:14:21,774.88,796.0,2.6532663316582923,13973,0
09/15/2026,14:14:21,774.88,796.0,2.6532663316582923,13974,0
09/15/2026,14:14:21,774.88,796.0,2.6532663316582923,13975,1
09/15/2026,14:14:21,774.88,796.0,2.6532663316582923,13976,1
09/15/2026,14:14:21,774.88,796.0,2.6532663316582923,13977,0
09/15/2026,14:14:21,774.88,796.0,2.6532663316582923,13978,0
09/15/2026,14:14:21,774.88,796.0,2.6532663316582923,13979,3
09/15/2026,14:14:21,774.88,796.0,2.6532663316582923,13980,0
09/15/2026,14:14:21,774.88,796.0,2.6532663316582923,13981,0
09/15/2026,14:14:21,774.88,796.0,2.6532663316582923,13982,0
09/15/2026,14:14:21,774.88,796.0,2.6532663316582923,13983,0
09/15/2026,14:14:21,774.88,796.0,2.6532663316582923,13984,0
09/15/2026,14:14:21,774.88,796.0,2.6532663316582923,13985,0
09/15/2026,14:14:21,774.88,796.0,2.6532663316582923,13986,0
09/15/2026,14:14:21,774.88,796.0,2.6532663316582923,13987,0
09/15/2026,14:14:21,774.88,796.0,2.6532663316582923,13988,1
09/15/2026,14:14:21,774.88,796.0,2.6532663316582923,13989,1
09/15/2026,14:14:21,774.88,796.0,2.6532663316582923,13990,0
09/15/2026,14:14:21,774.88,796.0,2.6532663316582923,13991,1
09/15/2026,14:14:21,774.88,796.0,2.6532663316582923,13992,0
09/15/2026,14:14:21,774.88,796.0,2.6532663316582923,13993,0
09/15/2026,14:14:21,774.88,796.0,2.6532663316582923,13994,0
09/15/2026,14:14:21,774.88,796.0,2.6532663316582923,13995,0
09/15/2026,14:14:21,774.88,796.0,2.6532663316582923,13996,1
09/15/2026,14:14:21,774.88,796.0,2.6532663316582923,13997,0
09/15/2026,14:14:21,774.88,796.0,2.6532663316582923,13998,0
09/15/2026,14:14:21,774.88,796.0,2.6532663316582923,13999,0
09/15/2026,14:14:21,774.88,796.0,2.6532663316582923,14000,0
09/15/2026,14:14:21,774.88,796.0,2.6532663316582923,14001,1
09/15/2026,14:14:21,774.88,796.0,2.6532663316582923,14002,0
09/15/2026,14:14:21,774.88,796.0,2.6532663316582923,14003,1
09/15/2026,14:14:21,774.88,796.0,2.6532663316582923,14004,0
09/15/2026,14:14:21,774.88,796.0,2.6532663316582923,14005,0
09/15/2026,14:14:21,774.88,796.0,2.6532663316582923,14006,1
09/15/2026,14:14:21,774.88,796.0,2.6532663316582923,14007,0
09/15/2026,14:14:21,774.88,796.0,2.6532663316582923,14008,0
09/15/2026,14:14:21,774.88,796.0,2.6532663316582923,14009,0
09/15/2026,14:14:21,774.88,796.0,2.6532663316582923,14010,1
09/15/2026,14:14:21,774.88,796.0,2.6532663316582923,14011,0
09/15/2026,14:14:21,774.88,796.0,2.6532663316582923,14012,0
09/15/2026,14:14:21,774.88,796.0,2.6532663316582923,14013,0
09/15/2026,14:14:21,774.88,796.0,2.6532663316582923,14014,0
09/15/2026,14:14:21,774.88,796.0,2.6532663316582923,14015,1
09/15/2026,14:14:21,774.88,796.0,2.6532663316582923,14016,0
09/15/2026,14:14:21,774.88,796.0,2.6532663316582923,14017,0
09/15/2026,14:14:21,774.88,796.0,2.6532663316582923,14018,0
09/15/2026,14:14:21,774.88,796.0,2.6532663316582923,14019,0
09/15/2026,14:14:21,774.88,796.0,2.6532663316582923,14020,1
09/15/2026,14:14:21,774.88,796.0,2.6532663316582923,14021,0
09/15/2026,14:14:21,774.88,796.0,2.6532663316582923,14022,0
09/15/2026,14:14:21,774.88,796.0,2.6532663316582923,14023,1
09/15/2026,14:14:21,774.88,796.0,2.6532663316582923,14024,0
09/15/2026,14:14:21,774.88,796.0,2.6532663316582923,14025,0
09/15/2026,14:14:21,774.88,796.0,2.6532663316582923,14026,0
09/15/2026,14:14:21,774.88,796.0,2.6532663316582923,14027,0
09/15/2026,14:14:21,774.88,796.0,2.6532663316582923,14028,2
09/15/2026,14:14:21,774.88,796.0,2.6532663316582923,14029,0
09/15/2026,14:14:21,774.88,796.0,2.6532663316582923,14030,1
09/15/2026,14:14:21,774.88,796.0,2.6532663316582923,14031,0
09/15/2026,14:14:21,774.88,796.0,2.6532663316582923,14032,0
09/15/2026,14:14:21,774.88,796.0,2.6532663316582923,14033,0
09/15/2026,14:14:21,774.88,796.0,2.6532663316582923,14034,0
09/15/2026,14:14:21,774.88,796.0,2.6532663316582923,14035,0
09/15/2026,14:14:21,774.88,796.0,2.6532663316582923,14036,0
09/15/2026,14:14:21,774.88,796.0,2.6532663316582923,14037,0
09/15/2026,14:14:21,774.88,796.0,2.6532663316582923,14038,0
09/15/2026,14:14:21,774.88,796.0,2.6532663316582923,14039,2
09/15/2026,14:14:21,774.88,796.0,2.6532663316582923,14040,0
09/15/2026,14:14:21,774.88,796.0,2.6532663316582923,14041,0
09/15/2026,14:14:21,774.88,796.0,2.6532663316582923,14042,1
09/15/2026,14:14:21,774.88,796.0,2.6532663316582923,14043,0
09/15/2026,14:14:21,774.88,796.0,2.6532663316582923,14044,1
09/15/2026,14:14:21,774.88,796.0,2.6532663316582923,14045,0
09/15/2026,14:14:21,774.88,796.0,2.6532663316582923,14046,0
09/15/2026,14:14:21,774.88,796.0,2.6532663316582923,14047,0
09/15/2026,14:14:21,774.88,796.0,2.6532663316582923,14048,0
09/15/2026,14:14:21,774.88,796.0,2.6532663316582923,14049,0
09/15/2026,14:14:21,774.88,796.0,2.6532663316582923,14050,2
09/15/2026,14:14:21,774.88,796.0,2.6532663316582923,14051,0
09/15/2026,14:14:21,774.88,796.0,2.6532663316582923,14052,1
09/15/2026,14:14:21,774.88,796.0,2.6532663316582923,14053,0
09/15/2026,14:14:21,774.88,796.0,2.6532663316582923,14054,1
09/15/2026,14:14:21,774.88,796.0,2.6532663316582923,14055,0
09/15/2026,14:14:21,774.88,796.0,2.6532663316582923,14056,1
09/15/2026,14:14:21,774.88,796.0,2.6532663316582923,14057,0
09/15/2026,14:14:21,774.88,796.0,2.6532663316582923,14058,0
09/15/2026,14:14:21,774.88,796.0,2.6532663316582923,14059,0
09/15/2026,14:14:21,774.88,796.0,2.6532663316582923,14060,1
09/15/2026,14:14:21,774.88,796.0,2.6532663316582923,14061,0
09/15/2026,14:14:21,774.88,796.0,2.6532663316582923,14062,0
09/15/2026,14:14:21,774.88,796.0,2.6532663316582923,14063,0
09/15/2026,14:14:21,774.88,796.0,2.6532663316582923,14064,1
09/15/2026,14:14:21,774.88,796.0,2.6532663316582923,14065,0
09/15/2026,14:14:21,774.88,796.0,2.6532663316582923,14066,1
09/15/2026,14:14:21,774.88,796.0,2.6532663316582923,14067,1
09/15/2026,14:14:21,774.88,796.0,2.6532663316582923,14068,0
09/15/2026,14:14:21,774.88,796.0,2.6532663316582923,14069,0
09/15/2026,14:14:21,774.88,796.0,2.6532663316582923,14070,0
09/15/2026,14:14:21,774.88,796.0,2.6532663316582923,14071,0
09/15/2026,14:14:21,774.88,796.0,2.6532663316582923,14072,0
09/15/2026,14:14:21,774.88,796.0,2.6532663316582923,14073,0
09/15/2026,14:14:21,774.88,796.0,2.6532663316582923,14074,1
09/15/2026,14:14:21,774.88,796.0,2.6532663316582923,14075,1
09/15/2026,14:14:21,774.88,796.0,2.6532663316582923,14076,1
09/15/2026,14:14:21,774.88,796.0,2.6532663316582923,14077,0
09/15/2026,14:14:21,774.88,796.0,2.6532663316582923,14078,0
09/15/2026,14:14:21,774.88,796.0,2.6532663316582923,14079,0
09/15/2026,14:14:21,774.88,796.0,2.6532663316582923,14080,0
09/15/2026,14:14:21,774.88,796.0,2.6532663316582923,14081,0
09/15/2026,14:14:21,774.88,796.0,2.6532663316582923,14082,0
09/15/2026,14:14:21,774.88,796.0,2.6532663316582923,14083,1
09/15/2026,14:14:21,774.88,796.0,2.6532663316582923,14084,0
09/15/2026,14:14:21,774.88,796.0,2.6532663316582923,14085,0
09/15/2026,14:14:21,774.88,796.0,2.6532663316582923,14086,0
09/15/2026,14:14:21,774.88,796.0,2.6532663316582923,14087,0
09/15/2026,14:14:21,774.88,796.0,2.6532663316582923,14088,0
09/15/2026,14:14:21,774.88,796.0,2.6532663316582923,14089,0
09/15/2026,14:14:21,774.88,796.0,2.6532663316582923,14090,0
09/15/2026,14:14:21,774.88,796.0,2.6532663316582923,14091,0
09/15/2026,14:14:21,774.88,796.0,2.6532663316582923,14092,0
09/15/2026,14:14:21,774.88,796.0,2.6532663316582923,14093,2
09/15/2026,14:14:21,774.88,796.0,2.6532663316582923,14094,1
09/15/2026,14:14:21,774.88,796.0,2.6532663316582923,14095,0
09/15/2026,14:14:21,774.88,796.0,2.6532663316582923,14096,0
09/15/2026,14:14:21,774.88,796.0,2.6532663316582923,14097,1
09/15/2026,14:14:21,774.88,796.0,2.6532663316582923,14098,0
09/15/2026,14:14:21,774.88,796.0,2.6532663316582923,14099,0
09/15/2026,14:14:21,774.88,796.0,2.6532663316582923,14100,0
09/15/2026,14:14:21,774.88,796.0,2.6532663316582923,14101,0
09/15/2026,14:14:21,774.88,796.0,2.6532663316582923,14102,0
09/15/2026,14:14:21,774.88,796.0,2.6532663316582923,14103,0
09/15/2026,14:14:21,774.88,796.0,2.6532663316582923,14104,0
09/15/2026,14:14:21,774.88,796.0,2.6532663316582923,14105,1
09/15/2026,14:14:21,774.88,796.0,2.6532663316582923,14106,0
09/15/2026,14:14:21,774.88,796.0,2.6532663316582923,14107,0
09/15/2026,14:14:21,774.88,796.0,2.6532663316582923,14108,0
09/15/2026,14:14:21,774.88,796.0,2.6532663316582923,14109,0
09/15/2026,14:14:21,774.88,796.0,2.6532663316582923,14110,0
09/15/2026,14:14:21,774.88,796.0,2.6532663316582923,14111,0
09/15/2026,14:14:21,774.88,796.0,2.6532663316582923,14112,0
09/15/2026,14:14:21,774.88,796.0,2.6532663316582923,14113,1
09/15/2026,14:14:21,774.88,796.0,2.6532663316582923,14114,0
09/15/2026,14:14:21,774.88,796.0,2.6532663316582923,14115,0
09/15/2026,14:14:21,774.88,796.0,2.6532663316582923,14116,0
09/15/2026,14:14:21,774.88,796.0,2.6532663316582923,14117,0
09/15/2026,14:14:21,774.88,796.0,2.6532663316582923,14118,0
09/15/2026,14:14:21,774.88,796.0,2.6532663316582923,14119,0
09/15/2026,14:14:21,774.88,796.0,2.6532663316582923,14120,0
09/15/2026,14:14:21,774.88,796.0,2.6532663316582923,14121,0
09/15/2026,14:14:21,774.88,796.0,2.6532663316582923,14122,0
09/15/2026,14:14:21,774.88,796.0,2.6532663316582923,14123,0
09/15/2026,14:14:21,774.88,796.0,2.6532663316582923,14124,0
09/15/2026,14:14:21,774.88,796.0,2.6532663316582923,14125,0
09/15/2026,14:14:21,774.88,796.0,2.6532663316582923,14126,0
09/15/2026,14:14:21,774.88,796.0,2.6532663316582923,14127,1
09/15/2026,14:14:21,774.88,796.0,2.6532663316582923,14128,0
09/15/2026,14:14:21,774.88,796.0,2.6532663316582923,14129,0
09/15/2026,14:14:21,774.88,796.0,2.6532663316582923,14130,0
09/15/2026,14:14:21,774.88,796.0,2.6532663316582923,14131,0
09/15/2026,14:14:21,774.88,796.0,2.6532663316582923,14132,0
09/15/2026,14:14:21,774.88,796.0,2.6532663316582923,14133,0
09/15/2026,14:14:21,774.88,796.0,2.6532663316582923,14134,0
09/15/2026,14:14:21,774.88,796.0,2.6532663316582923,14135,0
09/15/2026,14:14:21,774.88,796.0,2.6532663316582923,14136,0
09/15/2026,14:14:21,774.88,796.0,2.6532663316582923,14137,1
09/15/2026,14:14:21,774.88,796.0,2.6532663316582923,14138,1
09/15/2026,14:14:21,774.88,796.0,2.6532663316582923,14139,0
09/15/2026,14:14:21,774.88,796.0,2.6532663316582923,14140,0
09/15/2026,14:14:21,774.88,796.0,2.6532663316582923,14141,0
09/15/2026,14:14:21,774.88,796.0,2.6532663316582923,14142,0
09/15/2026,14:14:21,774.88,796.0,2.6532663316582923,14143,0
09/15/2026,14:14:21,774.88,796.0,2.6532663316582923,14144,0
09/15/2026,14:14:21,774.88,796.0,2.6532663316582923,14145,1
09/15/2026,14:14:21,774.88,796.0,2.6532663316582923,14146,1
09/15/2026,14:14:21,774.88,796.0,2.6532663316582923,14147,0
09/15/2026,14:14:21,774.88,796.0,2.6532663316582923,14148,1
09/15/2026,14:14:21,774.88,796.0,2.6532663316582923,14149,1
09/15/2026,14:14:21,774.88,796.0,2.6532663316582923,14150,2
09/15/2026,14:14:21,774.88,796.0,2.6532663316582923,14151,0
09/15/2026,14:14:21,774.88,796.0,2.6532663316582923,14152,0
09/15/2026,14:14:21,774.88,796.0,2.6532663316582923,14153,1
09/15/2026,14:14:21,774.88,796.0,2.6532663316582923,14154,0
09/15/2026,14:14:21,774.88,796.0,2.6532663316582923,14155,0
09/15/2026,14:14:21,774.88,796.0,2.6532663316582923,14156,1
09/15/2026,14:14:21,774.88,796.0,2.6532663316582923,14157,0
09/15/2026,14:14:21,774.88,796.0,2.6532663316582923,14158,0
09/15/2026,14:14:21,774.88,796.0,2.6532663316582923,14159,0
09/15/2026,14:14:21,774.88,796.0,2.6532663316582923,14160,1
09/15/2026,14:14:21,774.88,796.0,2.6532663316582923,14161,0
09/15/2026,14:14:21,774.88,796.0,2.6532663316582923,14162,1
09/15/2026,14:14:21,774.88,796.0,2.6532663316582923,14163,0
09/15/2026,14:14:21,774.88,796.0,2.6532663316582923,14164,1
09/15/2026,14:14:21,774.88,796.0,2.6532663316582923,14165,2
09/15/2026,14:14:21,774.88,796.0,2.6532663316582923,14166,0
09/15/2026,14:14:21,774.88,796.0,2.6532663316582923,14167,1
09/15/2026,14:14:21,774.88,796.0,2.6532663316582923,14168,0
09/15/2026,14:14:21,774.88,796.0,2.6532663316582923,14169,0
09/15/2026,14:14:21,774.88,796.0,2.6532663316582923,14170,1
09/15/2026,14:14:21,774.88,796.0,2.6532663316582923,14171,0
09/15/2026,14:14:21,774.88,796.0,2.6532663316582923,14172,1
09/15/2026,14:14:21,774.88,796.0,2.6532663316582923,14173,0
09/15/2026,14:14:21,774.88,796.0,2.6532663316582923,14174,0
09/15/2026,14:14:21,774.88,796.0,2.6532663316582923,14175,0
09/15/2026,14:14:21,774.88,796.0,2.6532663316582923,14176,0
09/15/2026,14:14:21,774.88,796.0,2.6532663316582923,14177,0
09/15/2026,14:14:21,774.88,796.0,2.6532663316582923,14178,0
09/15/2026,14:14:21,774.88,796.0,2.6532663316582923,14179,0
09/15/2026,14:14:21,774.88,796.0,2.6532663316582923,14180,0
09/15/2026,14:14:21,774.88,796.0,2.6532663316582923,14181,1
09/15/2026,14:14:21,774.88,796.0,2.6532663316582923,14182,0
09/15/2026,14:14:21,774.88,796.0,2.6532663316582923,14183,0
09/15/2026,14:14:21,774.88,796.0,2.6532663316582923,14184,0
09/15/2026,14:14:21,774.88,796.0,2.6532663316582923,14185,1
09/15/2026,14:14:21,774.88,796.0,2.6532663316582923,14186,0
09/15/2026,14:14:21,774.88,796.0,2.6532663316582923,14187,0
09/15/2026,14:14:21,774.88,796.0,2.6532663316582923,14188,0
09/15/2026,14:14:21,774.88,796.0,2.6532663316582923,14189,0
09/15/2026,14:14:21,774.88,796.0,2.6532663316582923,14190,0
09/15/2026,14:14:21,774.88,796.0,2.6532663316582923,14191,2
09/15/2026,14:14:21,774.88,796.0,2.6532663316582923,14192,0
09/15/2026,14:14:21,774.88,796.0,2.6532663316582923,14193,0
09/15/2026,14:14:21,774.88,796.0,2.6532663316582923,14194,1
09/15/2026,14:14:21,774.88,796.0,2.6532663316582923,14195,0
09/15/2026,14:14:21,774.88,796.0,2.6532663316582923,14196,1
09/15/2026,14:14:21,774.88,796.0,2.6532663316582923,14197,0
09/15/2026,14:14:21,774.88,796.0,2.6532663316582923,14198,0
09/15/2026,14:14:21,774.88,796.0,2.6532663316582923,14199,0
09/15/2026,14:14:21,774.88,796.0,2.6532663316582923,14200,0
09/15/2026,14:14:21,774.88,796.0,2.6532663316582923,14201,0
09/15/2026,14:14:21,774.88,796.0,2.6532663316582923,14202,0
09/15/2026,14:14:21,774.88,796.0,2.6532663316582923,14203,0
09/15/2026,14:14:21,774.88,796.0,2.6532663316582923,14204,1
09/15/2026,14:14:21,774.88,796.0,2.6532663316582923,14205,0
09/15/2026,14:14:21,774.88,796.0,2.6532663316582923,14206,0
09/15/2026,14:14:21,774.88,796.0,2.6532663316582923,14207,1
09/15/2026,14:14:21,774.88,796.0,2.6532663316582923,14208,0
09/15/2026,14:14:21,774.88,796.0,2.6532663316582923,14209,0
09/15/2026,14:14:21,774.88,796.0,2.6532663316582923,14210,1
09/15/2026,14:14:21,774.88,796.0,2.6532663316582923,14211,0
09/15/2026,14:14:21,774.88,796.0,2.6532663316582923,14212,0
09/15/2026,14:14:21,774.88,796.0,2.6532663316582923,14213,1
09/15/2026,14:14:21,774.88,796.0,2.6532663316582923,14214,0
09/15/2026,14:14:21,774.88,796.0,2.6532663316582923,14215,0
09/15/2026,14:14:21,774.88,796.0,2.6532663316582923,14216,0
09/15/2026,14:14:21,774.88,796.0,2.6532663316582923,14217,0
09/15/2026,14:14:21,774.88,796.0,2.6532663316582923,14218,0
09/15/2026,14:14:21,774.88,796.0,2.6532663316582923,14219,0
09/15/2026,14:14:21,774.88,796.0,2.6532663316582923,14220,1
09/15/2026,14:14:21,774.88,796.0,2.6532663316582923,14221,0
09/15/2026,14:14:21,774.88,796.0,2.6532663316582923,14222,1
09/15/2026,14:14:21,774.88,796.0,2.6532663316582923,14223,0
09/15/2026,14:14:21,774.88,796.0,2.6532663316582923,14224,0
09/15/2026,14:14:21,774.88,796.0,2.6532663316582923,14225,0
09/15/2026,14:14:21,774.88,796.0,2.6532663316582923,14226,1
09/15/2026,14:14:21,774.88,796.0,2.6532663316582923,14227,1
09/15/2026,14:14:21,774.88,796.0,2.6532663316582923,14228,0
09/15/2026,14:14:21,774.88,796.0,2.6532663316582923,14229,1
09/15/2026,14:14:21,774.88,796.0,2.6532663316582923,14230,1
09/15/2026,14:14:21,774.88,796.0,2.6532663316582923,14231,0
09/15/2026,14:14:21,774.88,796.0,2.6532663316582923,14232,2
09/15/2026,14:14:21,774.88,796.0,2.6532663316582923,14233,0
09/15/2026,14:14:21,774.88,796.0,2.6532663316582923,14234,0
09/15/2026,14:14:21,774.88,796.0,2.6532663316582923,14235,0
09/15/2026,14:14:21,774.88,796.0,2.6532663316582923,14236,0
09/15/2026,14:14:21,774.88,796.0,2.6532663316582923,14237,0
09/15/2026,14:14:21,774.88,796.0,2.6532663316582923,14238,0
09/15/2026,14:14:21,774.88,796.0,2.6532663316582923,14239,1
09/15/2026,14:14:21,774.88,796.0,2.6532663316582923,14240,1
09/15/2026,14:14:21,774.88,796.0,2.6532663316582923,14241,0
09/15/2026,14:14:21,774.88,796.0,2.6532663316582923,14242,0
09/15/2026,14:14:21,774.88,796.0,2.6532663316582923,14243,0
09/15/2026,14:14:21,774.88,796.0,2.6532663316582923,14244,1
09/15/2026,14:14:21,774.88,796.0,2.6532663316582923,14245,2
09/15/2026,14:14:21,774.88,796.0,2.6532663316582923,14246,1
09/15/2026,14:14:21,774.88,796.0,2.6532663316582923,14247,1
09/15/2026,14:14:21,774.88,796.0,2.6532663316582923,14248,0
09/15/2026,14:14:21,774.88,796.0,2.6532663316582923,14249,1
09/15/2026,14:14:21,774.88,796.0,2.6532663316582923,14250,0
09/15/2026,14:14:21,774.88,796.0,2.6532663316582923,14251,1
09/15/2026,14:14:21,774.88,796.0,2.6532663316582923,14252,1
09/15/2026,14:14:21,774.88,796.0,2.6532663316582923,14253,0
09/15/2026,14:14:21,774.88,796.0,2.6532663316582923,14254,1
09/15/2026,14:14:21,774.88,796.0,2.6532663316582923,14255,0
09/15/2026,14:14:21,774.88,796.0,2.6532663316582923,14256,1
09/15/2026,14:14:21,774.88,796.0,2.6532663316582923,14257,0
09/15/2026,14:14:21,774.88,796.0,2.6532663316582923,14258,0
09/15/2026,14:14:21,774.88,796.0,2.6532663316582923,14259,1
09/15/2026,14:14:21,774.88,796.0,2.6532663316582923,14260,0
09/15/2026,14:14:21,774.88,796.0,2.6532663316582923,14261,0
09/15/2026,14:14:21,774.88,796.0,2.6532663316582923,14262,1
09/15/2026,14:14:21,774.88,796.0,2.6532663316582923,14263,0
09/15/2026,14:14:21,774.88,796.0,2.6532663316582923,14264,0
09/15/2026,14:14:21,774.88,796.0,2.6532663316582923,14265,0
09/15/2026,14:14:21,774.88,796.0,2.6532663316582923,14266,0
09/15/2026,14:14:21,774.88,796.0,2.6532663316582923,14267,0
09/15/2026,14:14:21,774.88,796.0,2.6532663316582923,14268,0
09/15/2026,14:14:21,774.88,796.0,2.6532663316582923,14269,0
09/15/2026,14:14:21,774.88,796.0,2.6532663316582923,14270,0
09/15/2026,14:14:21,774.88,796.0,2.6532663316582923,14271,1
09/15/2026,14:14:21,774.88,796.0,2.6532663316582923,14272,0
09/15/2026,14:14:21,774.88,796.0,2.6532663316582923,14273,1
09/15/2026,14:14:21,774.88,796.0,2.6532663316582923,14274,2
09/15/2026,14:14:21,774.88,796.0,2.6532663316582923,14275,0
09/15/2026,14:14:21,774.88,796.0,2.6532663316582923,14276,1
09/15/2026,14:14:21,774.88,796.0,2.6532663316582923,14277,2
09/15/2026,14:14:21,774.88,796.0,2.6532663316582923,14278,1
09/15/2026,14:14:21,774.88,796.0,2.6532663316582923,14279,0
09/15/2026,14:14:21,774.88,796.0,2.6532663316582923,14280,1
09/15/2026,14:14:21,774.88,796.0,2.6532663316582923,14281,0
09/15/2026,14:14:21,774.88,796.0,2.6532663316582923,14282,0
09/15/2026,14:14:21,774.88,796.0,2.6532663316582923,14283,1
09/15/2026,14:14:21,774.88,796.0,2.6532663316582923,14284,0
09/15/2026,14:14:21,774.88,796.0,2.6532663316582923,14285,0
09/15/2026,14:14:21,774.88,796.0,2.6532663316582923,14286,0
09/15/2026,14:14:21,774.88,796.0,2.6532663316582923,14287,1
09/15/2026,14:14:21,774.88,796.0,2.6532663316582923,14288,0
09/15/2026,14:14:21,774.88,796.0,2.6532663316582923,14289,0
09/15/2026,14:14:21,774.88,796.0,2.6532663316582923,14290,1
09/15/2026,14:14:21,774.88,796.0,2.6532663316582923,14291,0
09/15/2026,14:14:21,774.88,796.0,2.6532663316582923,14292,0
09/15/2026,14:14:21,774.88,796.0,2.6532663316582923,14293,0
09/15/2026,14:14:21,774.88,796.0,2.6532663316582923,14294,0
09/15/2026,14:14:21,774.88,796.0,2.6532663316582923,14295,0
09/15/2026,14:14:21,774.88,796.0,2.6532663316582923,14296,0
09/15/2026,14:14:21,774.88,796.0,2.6532663316582923,14297,0
09/15/2026,14:14:21,774.88,796.0,2.6532663316582923,14298,0
09/15/2026,14:14:21,774.88,796.0,2.6532663316582923,14299,0
09/15/2026,14:14:21,774.88,796.0,2.6532663316582923,14300,0
09/15/2026,14:14:21,774.88,796.0,2.6532663316582923,14301,1
09/15/2026,14:14:21,774.88,796.0,2.6532663316582923,14302,0
09/15/2026,14:14:21,774.88,796.0,2.6532663316582923,14303,1
09/15/2026,14:14:21,774.88,796.0,2.6532663316582923,14304,2
09/15/2026,14:14:21,774.88,796.0,2.6532663316582923,14305,1
09/15/2026,14:14:21,774.88,796.0,2.6532663316582923,14306,0
09/15/2026,14:14:21,774.88,796.0,2.6532663316582923,14307,0
09/15/2026,14:14:21,774.88,796.0,2.6532663316582923,14308,0
09/15/2026,14:14:21,774.88,796.0,2.6532663316582923,14309,0
09/15/2026,14:14:21,774.88,796.0,2.6532663316582923,14310,0
09/15/2026,14:14:21,774.88,796.0,2.6532663316582923,14311,0
09/15/2026,14:14:21,774.88,796.0,2.6532663316582923,14312,0
09/15/2026,14:14:21,774.88,796.0,2.6532663316582923,14313,1
09/15/2026,14:14:21,774.88,796.0,2.6532663316582923,14314,0
09/15/2026,14:14:21,774.88,796.0,2.6532663316582923,14315,0
09/15/2026,14:14:21,774.88,796.0,2.6532663316582923,14316,0
09/15/2026,14:14:21,774.88,796.0,2.6532663316582923,14317,1
09/15/2026,14:14:21,774.88,796.0,2.6532663316582923,14318,0
09/15/2026,14:14:21,774.88,796.0,2.6532663316582923,14319,2
09/15/2026,14:14:21,774.88,796.0,2.6532663316582923,14320,0
09/15/2026,14:14:21,774.88,796.0,2.6532663316582923,14321,2
09/15/2026,14:14:21,774.88,796.0,2.6532663316582923,14322,0
09/15/2026,14:14:21,774.88,796.0,2.6532663316582923,14323,1
09/15/2026,14:14:21,774.88,796.0,2.6532663316582923,14324,0
09/15/2026,14:14:21,774.88,796.0,2.6532663316582923,14325,0
09/15/2026,14:14:21,774.88,796.0,2.6532663316582923,14326,1
09/15/2026,14:14:21,774.88,796.0,2.6532663316582923,14327,0
09/15/2026,14:14:21,774.88,796.0,2.6532663316582923,14328,0
09/15/2026,14:14:21,774.88,796.0,2.6532663316582923,14329,0
09/15/2026,14:14:21,774.88,796.0,2.6532663316582923,14330,0
09/15/2026,14:14:21,774.88,796.0,2.6532663316582923,14331,1
09/15/2026,14:14:21,774.88,796.0,2.6532663316582923,14332,0
09/15/2026,14:14:21,774.88,796.0,2.6532663316582923,14333,0
09/15/2026,14:14:21,774.88,796.0,2.6532663316582923,14334,0
09/15/2026,14:14:21,774.88,796.0,2.6532663316582923,14335,0
09/15/2026,14:14:21,774.88,796.0,2.6532663316582923,14336,0
09/15/2026,14:14:21,774.88,796.0,2.6532663316582923,14337,1
09/15/2026,14:14:21,774.88,796.0,2.6532663316582923,14338,0
09/15/2026,14:14:21,774.88,796.0,2.6532663316582923,14339,0
09/15/2026,14:14:21,774.88,796.0,2.6532663316582923,14340,0
09/15/2026,14:14:21,774.88,796.0,2.6532663316582923,14341,1
09/15/2026,14:14:21,774.88,796.0,2.6532663316582923,14342,0
09/15/2026,14:14:21,774.88,796.0,2.6532663316582923,14343,0
09/15/2026,14:14:21,774.88,796.0,2.6532663316582923,14344,0
09/15/2026,14:14:21,774.88,796.0,2.6532663316582923,14345,1
09/15/2026,14:14:21,774.88,796.0,2.6532663316582923,14346,1
09/15/2026,14:14:21,774.88,796.0,2.6532663316582923,14347,1
09/15/2026,14:14:21,774.88,796.0,2.6532663316582923,14348,0
09/15/2026,14:14:21,774.88,796.0,2.6532663316582923,14349,0
09/15/2026,14:14:21,774.88,796.0,2.6532663316582923,14350,0
09/15/2026,14:14:21,774.88,796.0,2.6532663316582923,14351,0
09/15/2026,14:14:21,774.88,796.0,2.6532663316582923,14352,0
09/15/2026,14:14:21,774.88,796.0,2.6532663316582923,14353,1
09/15/2026,14:14:21,774.88,796.0,2.6532663316582923,14354,2
09/15/2026,14:14:21,774.88,796.0,2.6532663316582923,14355,0
09/15/2026,14:14:21,774.88,796.0,2.6532663316582923,14356,0
09/15/2026,14:14:21,774.88,796.0,2.6532663316582923,14357,0
09/15/2026,14:14:21,774.88,796.0,2.6532663316582923,14358,2
09/15/2026,14:14:21,774.88,796.0,2.6532663316582923,14359,1
09/15/2026,14:14:21,774.88,796.0,2.6532663316582923,14360,0
09/15/2026,14:14:21,774.88,796.0,2.6532663316582923,14361,2
09/15/2026,14:14:21,774.88,796.0,2.6532663316582923,14362,0
09/15/2026,14:14:21,774.88,796.0,2.6532663316582923,14363,1
09/15/2026,14:14:21,774.88,796.0,2.6532663316582923,14364,0
09/15/2026,14:14:21,774.88,796.0,2.6532663316582923,14365,0
09/15/2026,14:14:21,774.88,796.0,2.6532663316582923,14366,0
09/15/2026,14:14:21,774.88,796.0,2.6532663316582923,14367,1
09/15/2026,14:14:21,774.88,796.0,2.6532663316582923,14368,1
09/15/2026,14:14:21,774.88,796.0,2.6532663316582923,14369,1
09/15/2026,14:14:21,774.88,796.0,2.6532663316582923,14370,2
09/15/2026,14:14:21,774.88,796.0,2.6532663316582923,14371,0
09/15/2026,14:14:21,774.88,796.0,2.6532663316582923,14372,0
09/15/2026,14:14:21,774.88,796.0,2.6532663316582923,14373,0
09/15/2026,14:14:21,774.88,796.0,2.6532663316582923,14374,0
09/15/2026,14:14:21,774.88,796.0,2.6532663316582923,14375,0
09/15/2026,14:14:21,774.88,796.0,2.6532663316582923,14376,1
09/15/2026,14:14:21,774.88,796.0,2.6532663316582923,14377,0
09/15/2026,14:14:21,774.88,796.0,2.6532663316582923,14378,0
09/15/2026,14:14:21,774.88,796.0,2.6532663316582923,14379,1
09/15/2026,14:14:21,774.88,796.0,2.6532663316582923,14380,0
09/15/2026,14:14:21,774.88,796.0,2.6532663316582923,14381,1
09/15/2026,14:14:21,774.88,796.0,2.6532663316582923,14382,0
09/15/2026,14:14:21,774.88,796.0,2.6532663316582923,14383,0
09/15/2026,14:14:21,774.88,796.0,2.6532663316582923,14384,0
09/15/2026,14:14:21,774.88,796.0,2.6532663316582923,14385,0
09/15/2026,14:14:21,774.88,796.0,2.6532663316582923,14386,0
09/15/2026,14:14:21,774.88,796.0,2.6532663316582923,14387,0
09/15/2026,14:14:21,774.88,796.0,2.6532663316582923,14388,0
09/15/2026,14:14:21,774.88,796.0,2.6532663316582923,14389,1
09/15/2026,14:14:21,774.88,796.0,2.6532663316582923,14390,0
09/15/2026,14:14:21,774.88,796.0,2.6532663316582923,14391,0
09/15/2026,14:14:21,774.88,796.0,2.6532663316582923,14392,0
09/15/2026,14:14:21,774.88,796.0,2.6532663316582923,14393,1
09/15/2026,14:14:21,774.88,796.0,2.6532663316582923,14394,0
09/15/2026,14:14:21,774.88,796.0,2.6532663316582923,14395,0
09/15/2026,14:14:21,774.88,796.0,2.6532663316582923,14396,0
09/15/2026,14:14:21,774.88,796.0,2.6532663316582923,14397,0
09/15/2026,14:14:21,774.88,796.0,2.6532663316582923,14398,0
09/15/2026,14:14:21,774.88,796.0,2.6532663316582923,14399,1
09/15/2026,14:14:21,774.88,796.0,2.6532663316582923,14400,0
09/15/2026,14:14:21,774.88,796.0,2.6532663316582923,14401,0
09/15/2026,14:14:21,774.88,796.0,2.6532663316582923,14402,0
09/15/2026,14:14:21,774.88,796.0,2.6532663316582923,14403,1
09/15/2026,14:14:21,774.88,796.0,2.6532663316582923,14404,0
09/15/2026,14:14:21,774.88,796.0,2.6532663316582923,14405,0
09/15/2026,14:14:21,774.88,796.0,2.6532663316582923,14406,0
09/15/2026,14:14:21,774.88,796.0,2.6532663316582923,14407,1
09/15/2026,14:14:21,774.88,796.0,2.6532663316582923,14408,1
09/15/2026,14:14:21,774.88,796.0,2.6532663316582923,14409,0
09/15/2026,14:14:21,774.88,796.0,2.6532663316582923,14410,1
09/15/2026,14:14:21,774.88,796.0,2.6532663316582923,14411,0
09/15/2026,14:14:21,774.88,796.0,2.6532663316582923,14412,0
09/15/2026,14:14:21,774.88,796.0,2.6532663316582923,14413,0
09/15/2026,14:14:21,774.88,796.0,2.6532663316582923,14414,1
09/15/2026,14:14:21,774.88,796.0,2.6532663316582923,14415,0
09/15/2026,14:14:21,774.88,796.0,2.6532663316582923,14416,2
09/15/2026,14:14:21,774.88,796.0,2.6532663316582923,14417,1
09/15/2026,14:14:21,774.88,796.0,2.6532663316582923,14418,0
09/15/2026,14:14:21,774.88,796.0,2.6532663316582923,14419,0
09/15/2026,14:14:21,774.88,796.0,2.6532663316582923,14420,2
09/15/2026,14:14:21,774.88,796.0,2.6532663316582923,14421,0
09/15/2026,14:14:21,774.88,796.0,2.6532663316582923,14422,1
09/15/2026,14:14:21,774.88,796.0,2.6532663316582923,14423,0
09/15/2026,14:14:21,774.88,796.0,2.6532663316582923,14424,0
09/15/2026,14:14:21,774.88,796.0,2.6532663316582923,14425,0
09/15/2026,14:14:21,774.88,796.0,2.6532663316582923,14426,2
09/15/2026,14:14:21,774.88,796.0,2.6532663316582923,14427,0
09/15/2026,14:14:21,774.88,796.0,2.6532663316582923,14428,0
09/15/2026,14:14:21,774.88,796.0,2.6532663316582923,14429,0
09/15/2026,14:14:21,774.88,796.0,2.6532663316582923,14430,0
09/15/2026,14:14:21,774.88,796.0,2.6532663316582923,14431,0
09/15/2026,14:14:21,774.88,796.0,2.6532663316582923,14432,0
09/15/2026,14:14:21,774.88,796.0,2.6532663316582923,14433,0
09/15/2026,14:14:21,774.88,796.0,2.6532663316582923,14434,0
09/15/2026,14:14:21,774.88,796.0,2.6532663316582923,14435,0
09/15/2026,14:14:21,774.88,796.0,2.6532663316582923,14436,0
09/15/2026,14:14:21,774.88,796.0,2.6532663316582923,14437,0
09/15/2026,14:14:21,774.88,796.0,2.6532663316582923,14438,0
09/15/2026,14:14:21,774.88,796.0,2.6532663316582923,14439,1
09/15/2026,14:14:21,774.88,796.0,2.6532663316582923,14440,1
09/15/2026,14:14:21,774.88,796.0,2.6532663316582923,14441,1
09/15/2026,14:14:21,774.88,796.0,2.6532663316582923,14442,0
09/15/2026,14:14:21,774.88,796.0,2.6532663316582923,14443,0
09/15/2026,14:14:21,774.88,796.0,2.6532663316582923,14444,1
09/15/2026,14:14:21,774.88,796.0,2.6532663316582923,14445,0
09/15/2026,14:14:21,774.88,796.0,2.6532663316582923,14446,0
09/15/2026,14:14:21,774.88,796.0,2.6532663316582923,14447,0
09/15/2026,14:14:21,774.88,796.0,2.6532663316582923,14448,0
09/15/2026,14:14:21,774.88,796.0,2.6532663316582923,14449,0
09/15/2026,14:14:21,774.88,796.0,2.6532663316582923,14450,1
09/15/2026,14:14:21,774.88,796.0,2.6532663316582923,14451,0
09/15/2026,14:14:21,774.88,796.0,2.6532663316582923,14452,0
09/15/2026,14:14:21,774.88,796.0,2.6532663316582923,14453,0
09/15/2026,14:14:21,774.88,796.0,2.6532663316582923,14454,2
09/15/2026,14:14:21,774.88,796.0,2.6532663316582923,14455,1
09/15/2026,14:14:21,774.88,796.0,2.6532663316582923,14456,1
09/15/2026,14:14:21,774.88,796.0,2.6532663316582923,14457,1
09/15/2026,14:14:21,774.88,796.0,2.6532663316582923,14458,1
09/15/2026,14:14:21,774.88,796.0,2.6532663316582923,14459,0
09/15/2026,14:14:21,774.88,796.0,2.6532663316582923,14460,1
09/15/2026,14:14:21,774.88,796.0,2.6532663316582923,14461,0
09/15/2026,14:14:21,774.88,796.0,2.6532663316582923,14462,1
09/15/2026,14:14:21,774.88,796.0,2.6532663316582923,14463,1
09/15/2026,14:14:21,774.88,796.0,2.6532663316582923,14464,0
09/15/2026,14:14:21,774.88,796.0,2.6532663316582923,14465,0
09/15/2026,14:14:21,774.88,796.0,2.6532663316582923,14466,0
09/15/2026,14:14:21,774.88,796.0,2.6532663316582923,14467,0
09/15/2026,14:14:21,774.88,796.0,2.6532663316582923,14468,0
09/15/2026,14:14:21,774.88,796.0,2.6532663316582923,14469,0
09/15/2026,14:14:21,774.88,796.0,2.6532663316582923,14470,0
09/15/2026,14:14:21,774.88,796.0,2.6532663316582923,14471,0
09/15/2026,14:14:21,774.88,796.0,2.6532663316582923,14472,1
09/15/2026,14:14:21,774.88,796.0,2.6532663316582923,14473,0
09/15/2026,14:14:21,774.88,796.0,2.6532663316582923,14474,0
09/15/2026,14:14:21,774.88,796.0,2.6532663316582923,14475,0
09/15/2026,14:14:21,774.88,796.0,2.6532663316582923,14476,0
09/15/2026,14:14:21,774.88,796.0,2.6532663316582923,14477,1
09/15/2026,14:14:21,774.88,796.0,2.6532663316582923,14478,1
09/15/2026,14:14:21,774.88,796.0,2.6532663316582923,14479,2
09/15/2026,14:14:21,774.88,796.0,2.6532663316582923,14480,0
09/15/2026,14:14:21,774.88,796.0,2.6532663316582923,14481,0
09/15/2026,14:14:21,774.88,796.0,2.6532663316582923,14482,0
09/15/2026,14:14:21,774.88,796.0,2.6532663316582923,14483,0
09/15/2026,14:14:21,774.88,796.0,2.6532663316582923,14484,1
09/15/2026,14:14:21,774.88,796.0,2.6532663316582923,14485,2
09/15/2026,14:14:21,774.88,796.0,2.6532663316582923,14486,0
09/15/2026,14:14:21,774.88,796.0,2.6532663316582923,14487,0
09/15/2026,14:14:21,774.88,796.0,2.6532663316582923,14488,0
09/15/2026,14:14:21,774.88,796.0,2.6532663316582923,14489,0
09/15/2026,14:14:21,774.88,796.0,2.6532663316582923,14490,0
09/15/2026,14:14:21,774.88,796.0,2.6532663316582923,14491,0
09/15/2026,14:14:21,774.88,796.0,2.6532663316582923,14492,0
09/15/2026,14:14:21,774.88,796.0,2.6532663316582923,14493,1
09/15/2026,14:14:21,774.88,796.0,2.6532663316582923,14494,0
09/15/2026,14:14:21,774.88,796.0,2.6532663316582923,14495,1
09/15/2026,14:14:21,774.88,796.0,2.6532663316582923,14496,0
09/15/2026,14:14:21,774.88,796.0,2.6532663316582923,14497,0
09/15/2026,14:14:21,774.88,796.0,2.6532663316582923,14498,0
09/15/2026,14:14:21,774.88,796.0,2.6532663316582923,14499,0
09/15/2026,14:14:21,774.88,796.0,2.6532663316582923,14500,0
09/15/2026,14:14:21,774.88,796.0,2.6532663316582923,14501,0
09/15/2026,14:14:21,774.88,796.0,2.6532663316582923,14502,0
09/15/2026,14:14:21,774.88,796.0,2.6532663316582923,14503,0
09/15/2026,14:14:21,774.88,796.0,2.6532663316582923,14504,0
09/15/2026,14:14:21,774.88,796.0,2.6532663316582923,14505,0
09/15/2026,14:14:21,774.88,796.0,2.6532663316582923,14506,0
09/15/2026,14:14:21,774.88,796.0,2.6532663316582923,14507,1
09/15/2026,14:14:21,774.88,796.0,2.6532663316582923,14508,1
09/15/2026,14:14:21,774.88,796.0,2.6532663316582923,14509,0
09/15/2026,14:14:21,774.88,796.0,2.6532663316582923,14510,0
09/15/2026,14:14:21,774.88,796.0,2.6532663316582923,14511,0
09/15/2026,14:14:21,774.88,796.0,2.6532663316582923,14512,0
09/15/2026,14:14:21,774.88,796.0,2.6532663316582923,14513,0
09/15/2026,14:14:21,774.88,796.0,2.6532663316582923,14514,0
09/15/2026,14:14:21,774.88,796.0,2.6532663316582923,14515,0
09/15/2026,14:14:21,774.88,796.0,2.6532663316582923,14516,0
09/15/2026,14:14:21,774.88,796.0,2.6532663316582923,14517,0
09/15/2026,14:14:21,774.88,796.0,2.6532663316582923,14518,0
09/15/2026,14:14:21,774.88,796.0,2.6532663316582923,14519,0
09/15/2026,14:14:21,774.88,796.0,2.6532663316582923,14520,2
09/15/2026,14:14:21,774.88,796.0,2.6532663316582923,14521,0
09/15/2026,14:14:21,774.88,796.0,2.6532663316582923,14522,0
09/15/2026,14:14:21,774.88,796.0,2.6532663316582923,14523,0
09/15/2026,14:14:21,774.88,796.0,2.6532663316582923,14524,0
09/15/2026,14:14:21,774.88,796.0,2.6532663316582923,14525,0
09/15/2026,14:14:21,774.88,796.0,2.6532663316582923,14526,0
09/15/2026,14:14:21,774.88,796.0,2.6532663316582923,14527,0
09/15/2026,14:14:21,774.88,796.0,2.6532663316582923,14528,1
09/15/2026,14:14:21,774.88,796.0,2.6532663316582923,14529,1
09/15/2026,14:14:21,774.88,796.0,2.6532663316582923,14530,0
09/15/2026,14:14:21,774.88,796.0,2.6532663316582923,14531,1
09/15/2026,14:14:21,774.88,796.0,2.6532663316582923,14532,0
09/15/2026,14:14:21,774.88,796.0,2.6532663316582923,14533,2
09/15/2026,14:14:21,774.88,796.0,2.6532663316582923,14534,1
09/15/2026,14:14:21,774.88,796.0,2.6532663316582923,14535,0
09/15/2026,14:14:21,774.88,796.0,2.6532663316582923,14536,0
09/15/2026,14:14:21,774.88,796.0,2.6532663316582923,14537,0
09/15/2026,14:14:21,774.88,796.0,2.6532663316582923,14538,1
09/15/2026,14:14:21,774.88,796.0,2.6532663316582923,14539,0
09/15/2026,14:14:21,774.88,796.0,2.6532663316582923,14540,0
09/15/2026,14:14:21,774.88,796.0,2.6532663316582923,14541,0
09/15/2026,14:14:21,774.88,796.0,2.6532663316582923,14542,2
09/15/2026,14:14:21,774.88,796.0,2.6532663316582923,14543,1
09/15/2026,14:14:21,774.88,796.0,2.6532663316582923,14544,1
09/15/2026,14:14:21,774.88,796.0,2.6532663316582923,14545,0
09/15/2026,14:14:21,774.88,796.0,2.6532663316582923,14546,0
09/15/2026,14:14:21,774.88,796.0,2.6532663316582923,14547,0
09/15/2026,14:14:21,774.88,796.0,2.6532663316582923,14548,0
09/15/2026,14:14:21,774.88,796.0,2.6532663316582923,14549,1
09/15/2026,14:14:21,774.88,796.0,2.6532663316582923,14550,0
09/15/2026,14:14:21,774.88,796.0,2.6532663316582923,14551,0
09/15/2026,14:14:21,774.88,796.0,2.6532663316582923,14552,0
09/15/2026,14:14:21,774.88,796.0,2.6532663316582923,14553,0
09/15/2026,14:14:21,774.88,796.0,2.6532663316582923,14554,1
09/15/2026,14:14:21,774.88,796.0,2.6532663316582923,14555,0
09/15/2026,14:14:21,774.88,796.0,2.6532663316582923,14556,0
09/15/2026,14:14:21,774.88,796.0,2.6532663316582923,14557,0
09/15/2026,14:14:21,774.88,796.0,2.6532663316582923,14558,2
09/15/2026,14:14:21,774.88,796.0,2.6532663316582923,14559,1
09/15/2026,14:14:21,774.88,796.0,2.6532663316582923,14560,1
09/15/2026,14:14:21,774.88,796.0,2.6532663316582923,14561,0
09/15/2026,14:14:21,774.88,796.0,2.6532663316582923,14562,0
09/15/2026,14:14:21,774.88,796.0,2.6532663316582923,14563,1
09/15/2026,14:14:21,774.88,796.0,2.6532663316582923,14564,0
09/15/2026,14:14:21,774.88,796.0,2.6532663316582923,14565,1
09/15/2026,14:14:21,774.88,796.0,2.6532663316582923,14566,1
09/15/2026,14:14:21,774.88,796.0,2.6532663316582923,14567,0
09/15/2026,14:14:21,774.88,796.0,2.6532663316582923,14568,0
09/15/2026,14:14:21,774.88,796.0,2.6532663316582923,14569,0
09/15/2026,14:14:21,774.88,796.0,2.6532663316582923,14570,1
09/15/2026,14:14:21,774.88,796.0,2.6532663316582923,14571,1
09/15/2026,14:14:21,774.88,796.0,2.6532663316582923,14572,0
09/15/2026,14:14:21,774.88,796.0,2.6532663316582923,14573,1
09/15/2026,14:14:21,774.88,796.0,2.6532663316582923,14574,0
09/15/2026,14:14:21,774.88,796.0,2.6532663316582923,14575,0
09/15/2026,14:14:21,774.88,796.0,2.6532663316582923,14576,0
09/15/2026,14:14:21,774.88,796.0,2.6532663316582923,14577,0
09/15/2026,14:14:21,774.88,796.0,2.6532663316582923,14578,0
09/15/2026,14:14:21,774.88,796.0,2.6532663316582923,14579,0
09/15/2026,14:14:21,774.88,796.0,2.6532663316582923,14580,0
09/15/2026,14:14:21,774.88,796.0,2.6532663316582923,14581,2
09/15/2026,14:14:21,774.88,796.0,2.6532663316582923,14582,0
09/15/2026,14:14:21,774.88,796.0,2.6532663316582923,14583,0
09/15/2026,14:14:21,774.88,796.0,2.6532663316582923,14584,0
09/15/2026,14:14:21,774.88,796.0,2.6532663316582923,14585,0
09/15/2026,14:14:21,774.88,796.0,2.6532663316582923,14586,0
09/15/2026,14:14:21,774.88,796.0,2.6532663316582923,14587,0
09/15/2026,14:14:21,774.88,796.0,2.6532663316582923,14588,0
09/15/2026,14:14:21,774.88,796.0,2.6532663316582923,14589,1
09/15/2026,14:14:21,774.88,796.0,2.6532663316582923,14590,0
09/15/2026,14:14:21,774.88,796.0,2.6532663316582923,14591,1
09/15/2026,14:14:21,774.88,796.0,2.6532663316582923,14592,0
09/15/2026,14:14:21,774.88,796.0,2.6532663316582923,14593,0
09/15/2026,14:14:21,774.88,796.0,2.6532663316582923,14594,0
09/15/2026,14:14:21,774.88,796.0,2.6532663316582923,14595,0
09/15/2026,14:14:21,774.88,796.0,2.6532663316582923,14596,1
09/15/2026,14:14:21,774.88,796.0,2.6532663316582923,14597,1
09/15/2026,14:14:21,774.88,796.0,2.6532663316582923,14598,1
09/15/2026,14:14:21,774.88,796.0,2.6532663316582923,14599,0
09/15/2026,14:14:21,774.88,796.0,2.6532663316582923,14600,0
09/15/2026,14:14:21,774.88,796.0,2.6532663316582923,14601,0
09/15/2026,14:14:21,774.88,796.0,2.6532663316582923,14602,3
09/15/2026,14:14:21,774.88,796.0,2.6532663316582923,14603,0
09/15/2026,14:14:21,774.88,796.0,2.6532663316582923,14604,0
09/15/2026,14:14:21,774.88,796.0,2.6532663316582923,14605,1
09/15/2026,14:14:21,774.88,796.0,2.6532663316582923,14606,1
09/15/2026,14:14:21,774.88,796.0,2.6532663316582923,14607,0
09/15/2026,14:14:21,774.88,796.0,2.6532663316582923,14608,0
09/15/2026,14:14:21,774.88,796.0,2.6532663316582923,14609,1
09/15/2026,14:14:21,774.88,796.0,2.6532663316582923,14610,0
09/15/2026,14:14:21,774.88,796.0,2.6532663316582923,14611,0
09/15/2026,14:14:21,774.88,796.0,2.6532663316582923,14612,1
09/15/2026,14:14:21,774.88,796.0,2.6532663316582923,14613,0
09/15/2026,14:14:21,774.88,796.0,2.6532663316582923,14614,0
09/15/2026,14:14:21,774.88,796.0,2.6532663316582923,14615,0
09/15/2026,14:14:21,774.88,796.0,2.6532663316582923,14616,1
09/15/2026,14:14:21,774.88,796.0,2.6532663316582923,14617,1
09/15/2026,14:14:21,774.88,796.0,2.6532663316582923,14618,0
09/15/2026,14:14:21,774.88,796.0,2.6532663316582923,14619,0
09/15/2026,14:14:21,774.88,796.0,2.6532663316582923,14620,0
09/15/2026,14:14:21,774.88,796.0,2.6532663316582923,14621,1
09/15/2026,14:14:21,774.88,796.0,2.6532663316582923,14622,2
09/15/2026,14:14:21,774.88,796.0,2.6532663316582923,14623,1
09/15/2026,14:14:21,774.88,796.0,2.6532663316582923,14624,0
09/15/2026,14:14:21,774.88,796.0,2.6532663316582923,14625,0
09/15/2026,14:14:21,774.88,796.0,2.6532663316582923,14626,0
09/15/2026,14:14:21,774.88,796.0,2.6532663316582923,14627,0
09/15/2026,14:14:21,774.88,796.0,2.6532663316582923,14628,0
09/15/2026,14:14:21,774.88,796.0,2.6532663316582923,14629,0
09/15/2026,14:14:21,774.88,796.0,2.6532663316582923,14630,0
09/15/2026,14:14:21,774.88,796.0,2.6532663316582923,14631,1
09/15/2026,14:14:21,774.88,796.0,2.6532663316582923,14632,0
09/15/2026,14:14:21,774.88,796.0,2.6532663316582923,14633,1
09/15/2026,14:14:21,774.88,796.0,2.6532663316582923,14634,0
09/15/2026,14:14:21,774.88,796.0,2.6532663316582923,14635,2
09/15/2026,14:14:21,774.88,796.0,2.6532663316582923,14636,1
09/15/2026,14:14:21,774.88,796.0,2.6532663316582923,14637,1
09/15/2026,14:14:21,774.88,796.0,2.6532663316582923,14638,0
09/15/2026,14:14:21,774.88,796.0,2.6532663316582923,14639,0
09/15/2026,14:14:21,774.88,796.0,2.6532663316582923,14640,0
09/15/2026,14:14:21,774.88,796.0,2.6532663316582923,14641,0
09/15/2026,14:14:21,774.88,796.0,2.6532663316582923,14642,0
09/15/2026,14:14:21,774.88,796.0,2.6532663316582923,14643,1
09/15/2026,14:14:21,774.88,796.0,2.6532663316582923,14644,0
09/15/2026,14:14:21,774.88,796.0,2.6532663316582923,14645,0
09/15/2026,14:14:21,774.88,796.0,2.6532663316582923,14646,1
09/15/2026,14:14:21,774.88,796.0,2.6532663316582923,14647,0
09/15/2026,14:14:21,774.88,796.0,2.6532663316582923,14648,0
09/15/2026,14:14:21,774.88,796.0,2.6532663316582923,14649,0
09/15/2026,14:14:21,774.88,796.0,2.6532663316582923,14650,0
09/15/2026,14:14:21,774.88,796.0,2.6532663316582923,14651,2
09/15/2026,14:14:21,774.88,796.0,2.6532663316582923,14652,1
09/15/2026,14:14:21,774.88,796.0,2.6532663316582923,14653,0
09/15/2026,14:14:21,774.88,796.0,2.6532663316582923,14654,0
09/15/2026,14:14:21,774.88,796.0,2.6532663316582923,14655,0
09/15/2026,14:14:21,774.88,796.0,2.6532663316582923,14656,0
09/15/2026,14:14:21,774.88,796.0,2.6532663316582923,14657,0
09/15/2026,14:14:21,774.88,796.0,2.6532663316582923,14658,0
09/15/2026,14:14:21,774.88,796.0,2.6532663316582923,14659,1
09/15/2026,14:14:21,774.88,796.0,2.6532663316582923,14660,0
09/15/2026,14:14:21,774.88,796.0,2.6532663316582923,14661,0
09/15/2026,14:14:21,774.88,796.0,2.6532663316582923,14662,0
09/15/2026,14:14:21,774.88,796.0,2.6532663316582923,14663,0
09/15/2026,14:14:21,774.88,796.0,2.6532663316582923,14664,0
09/15/2026,14:14:21,774.88,796.0,2.6532663316582923,14665,0
09/15/2026,14:14:21,774.88,796.0,2.6532663316582923,14666,0
09/15/2026,14:14:21,774.88,796.0,2.6532663316582923,14667,0
09/15/2026,14:14:21,774.88,796.0,2.6532663316582923,14668,0
09/15/2026,14:14:21,774.88,796.0,2.6532663316582923,14669,0
09/15/2026,14:14:21,774.88,796.0,2.6532663316582923,14670,0
09/15/2026,14:14:21,774.88,796.0,2.6532663316582923,14671,0
09/15/2026,14:14:21,774.88,796.0,2.6532663316582923,14672,1
09/15/2026,14:14:21,774.88,796.0,2.6532663316582923,14673,0
09/15/2026,14:14:21,774.88,796.0,2.6532663316582923,14674,1
09/15/2026,14:14:21,774.88,796.0,2.6532663316582923,14675,1
09/15/2026,14:14:21,774.88,796.0,2.6532663316582923,14676,0
09/15/2026,14:14:21,774.88,796.0,2.6532663316582923,14677,1
09/15/2026,14:14:21,774.88,796.0,2.6532663316582923,14678,0
09/15/2026,14:14:21,774.88,796.0,2.6532663316582923,14679,0
09/15/2026,14:14:21,774.88,796.0,2.6532663316582923,14680,0
09/15/2026,14:14:21,774.88,796.0,2.6532663316582923,14681,0
09/15/2026,14:14:21,774.88,796.0,2.6532663316582923,14682,0
09/15/2026,14:14:21,774.88,796.0,2.6532663316582923,14683,0
09/15/2026,14:14:21,774.88,796.0,2.6532663316582923,14684,0
09/15/2026,14:14:21,774.88,796.0,2.6532663316582923,14685,0
09/15/2026,14:14:21,774.88,796.0,2.6532663316582923,14686,0
09/15/2026,14:14:21,774.88,796.0,2.6532663316582923,14687,0
09/15/2026,14:14:21,774.88,796.0,2.6532663316582923,14688,0
09/15/2026,14:14:21,774.88,796.0,2.6532663316582923,14689,0
09/15/2026,14:14:21,774.88,796.0,2.6532663316582923,14690,0
09/15/2026,14:14:21,774.88,796.0,2.6532663316582923,14691,1
09/15/2026,14:14:21,774.88,796.0,2.6532663316582923,14692,1
09/15/2026,14:14:21,774.88,796.0,2.6532663316582923,14693,1
09/15/2026,14:14:21,774.88,796.0,2.6532663316582923,14694,0
09/15/2026,14:14:21,774.88,796.0,2.6532663316582923,14695,0
09/15/2026,14:14:21,774.88,796.0,2.6532663316582923,14696,0
09/15/2026,14:14:21,774.88,796.0,2.6532663316582923,14697,0
09/15/2026,14:14:21,774.88,796.0,2.6532663316582923,14698,0
09/15/2026,14:14:21,774.88,796.0,2.6532663316582923,14699,0
09/15/2026,14:14:21,774.88,796.0,2.6532663316582923,14700,0
09/15/2026,14:14:21,774.88,796.0,2.6532663316582923,14701,0
09/15/2026,14:14:21,774.88,796.0,2.6532663316582923,14702,0
09/15/2026,14:14:21,774.88,796.0,2.6532663316582923,14703,0
09/15/2026,14:14:21,774.88,796.0,2.6532663316582923,14704,0
09/15/2026,14:14:21,774.88,796.0,2.6532663316582923,14705,0
09/15/2026,14:14:21,774.88,796.0,2.6532663316582923,14706,1
09/15/2026,14:14:21,774.88,796.0,2.6532663316582923,14707,1
09/15/2026,14:14:21,774.88,796.0,2.6532663316582923,14708,0
09/15/2026,14:14:21,774.88,796.0,2.6532663316582923,14709,0
09/15/2026,14:14:21,774.88,796.0,2.6532663316582923,14710,1
09/15/2026,14:14:21,774.88,796.0,2.6532663316582923,14711,0
09/15/2026,14:14:21,774.88,796.0,2.6532663316582923,14712,0
09/15/2026,14:14:21,774.88,796.0,2.6532663316582923,14713,0
09/15/2026,14:14:21,774.88,796.0,2.6532663316582923,14714,0
09/15/2026,14:14:21,774.88,796.0,2.6532663316582923,14715,1
09/15/2026,14:14:21,774.88,796.0,2.6532663316582923,14716,0
09/15/2026,14:14:21,774.88,796.0,2.6532663316582923,14717,0
09/15/2026,14:14:21,774.88,796.0,2.6532663316582923,14718,2
09/15/2026,14:14:21,774.88,796.0,2.6532663316582923,14719,0
09/15/2026,14:14:21,774.88,796.0,2.6532663316582923,14720,1
09/15/2026,14:14:21,774.88,796.0,2.6532663316582923,14721,0
09/15/2026,14:14:21,774.88,796.0,2.6532663316582923,14722,0
09/15/2026,14:14:21,774.88,796.0,2.6532663316582923,14723,2
09/15/2026,14:14:21,774.88,796.0,2.6532663316582923,14724,0
09/15/2026,14:14:21,774.88,796.0,2.6532663316582923,14725,0
09/15/2026,14:14:21,774.88,796.0,2.6532663316582923,14726,0
09/15/2026,14:14:21,774.88,796.0,2.6532663316582923,14727,1
09/15/2026,14:14:21,774.88,796.0,2.6532663316582923,14728,0
09/15/2026,14:14:21,774.88,796.0,2.6532663316582923,14729,0
09/15/2026,14:14:21,774.88,796.0,2.6532663316582923,14730,0
09/15/2026,14:14:21,774.88,796.0,2.6532663316582923,14731,0
09/15/2026,14:14:21,774.88,796.0,2.6532663316582923,14732,0
09/15/2026,14:14:21,774.88,796.0,2.6532663316582923,14733,0
09/15/2026,14:14:21,774.88,796.0,2.6532663316582923,14734,2
09/15/2026,14:14:21,774.88,796.0,2.6532663316582923,14735,0
09/15/2026,14:14:21,774.88,796.0,2.6532663316582923,14736,0
09/15/2026,14:14:21,774.88,796.0,2.6532663316582923,14737,0
09/15/2026,14:14:21,774.88,796.0,2.6532663316582923,14738,0
09/15/2026,14:14:21,774.88,796.0,2.6532663316582923,14739,0
09/15/2026,14:14:21,774.88,796.0,2.6532663316582923,14740,0
09/15/2026,14:14:21,774.88,796.0,2.6532663316582923,14741,0
09/15/2026,14:14:21,774.88,796.0,2.6532663316582923,14742,0
09/15/2026,14:14:21,774.88,796.0,2.6532663316582923,14743,0
09/15/2026,14:14:21,774.88,796.0,2.6532663316582923,14744,0
09/15/2026,14:14:21,774.88,796.0,2.6532663316582923,14745,0
09/15/2026,14:14:21,774.88,796.0,2.6532663316582923,14746,0
09/15/2026,14:14:21,774.88,796.0,2.6532663316582923,14747,0
09/15/2026,14:14:21,774.88,796.0,2.6532663316582923,14748,0
09/15/2026,14:14:21,774.88,796.0,2.6532663316582923,14749,1
09/15/2026,14:14:21,774.88,796.0,2.6532663316582923,14750,0
09/15/2026,14:14:21,774.88,796.0,2.6532663316582923,14751,0
09/15/2026,14:14:21,774.88,796.0,2.6532663316582923,14752,0
09/15/2026,14:14:21,774.88,796.0,2.6532663316582923,14753,1
09/15/2026,14:14:21,774.88,796.0,2.6532663316582923,14754,0
09/15/2026,14:14:21,774.88,796.0,2.6532663316582923,14755,1
09/15/2026,14:14:21,774.88,796.0,2.6532663316582923,14756,0
09/15/2026,14:14:21,774.88,796.0,2.6532663316582923,14757,0
09/15/2026,14:14:21,774.88,796.0,2.6532663316582923,14758,0
09/15/2026,14:14:21,774.88,796.0,2.6532663316582923,14759,1
09/15/2026,14:14:21,774.88,796.0,2.6532663316582923,14760,0
09/15/2026,14:14:21,774.88,796.0,2.6532663316582923,14761,0
09/15/2026,14:14:21,774.88,796.0,2.6532663316582923,14762,0
09/15/2026,14:14:21,774.88,796.0,2.6532663316582923,14763,0
09/15/2026,14:14:21,774.88,796.0,2.6532663316582923,14764,0
09/15/2026,14:14:21,774.88,796.0,2.6532663316582923,14765,1
09/15/2026,14:14:21,774.88,796.0,2.6532663316582923,14766,0
09/15/2026,14:14:21,774.88,796.0,2.6532663316582923,14767,0
09/15/2026,14:14:21,774.88,796.0,2.6532663316582923,14768,0
09/15/2026,14:14:21,774.88,796.0,2.6532663316582923,14769,0
09/15/2026,14:14:21,774.88,796.0,2.6532663316582923,14770,1
09/15/2026,14:14:21,774.88,796.0,2.6532663316582923,14771,0
09/15/2026,14:14:21,774.88,796.0,2.6532663316582923,14772,0
09/15/2026,14:14:21,774.88,796.0,2.6532663316582923,14773,0
09/15/2026,14:14:21,774.88,796.0,2.6532663316582923,14774,0
09/15/2026,14:14:21,774.88,796.0,2.6532663316582923,14775,0
09/15/2026,14:14:21,774.88,796.0,2.6532663316582923,14776,0
09/15/2026,14:14:21,774.88,796.0,2.6532663316582923,14777,0
09/15/2026,14:14:21,774.88,796.0,2.6532663316582923,14778,0
09/15/2026,14:14:21,774.88,796.0,2.6532663316582923,14779,0
09/15/2026,14:14:21,774.88,796.0,2.6532663316582923,14780,0
09/15/2026,14:14:21,774.88,796.0,2.6532663316582923,14781,0
09/15/2026,14:14:21,774.88,796.0,2.6532663316582923,14782,0
09/15/2026,14:14:21,774.88,796.0,2.6532663316582923,14783,0
09/15/2026,14:14:21,774.88,796.0,2.6532663316582923,14784,1
09/15/2026,14:14:21,774.88,796.0,2.6532663316582923,14785,0
09/15/2026,14:14:21,774.88,796.0,2.6532663316582923,14786,1
09/15/2026,14:14:21,774.88,796.0,2.6532663316582923,14787,0
09/15/2026,14:14:21,774.88,796.0,2.6532663316582923,14788,0
09/15/2026,14:14:21,774.88,796.0,2.6532663316582923,14789,1
09/15/2026,14:14:21,774.88,796.0,2.6532663316582923,14790,0
09/15/2026,14:14:21,774.88,796.0,2.6532663316582923,14791,0
09/15/2026,14:14:21,774.88,796.0,2.6532663316582923,14792,0
09/15/2026,14:14:21,774.88,796.0,2.6532663316582923,14793,0
09/15/2026,14:14:21,774.88,796.0,2.6532663316582923,14794,0
09/15/2026,14:14:21,774.88,796.0,2.6532663316582923,14795,0
09/15/2026,14:14:21,774.88,796.0,2.6532663316582923,14796,1
09/15/2026,14:14:21,774.88,796.0,2.6532663316582923,14797,0
09/15/2026,14:14:21,774.88,796.0,2.6532663316582923,14798,0
09/15/2026,14:14:21,774.88,796.0,2.6532663316582923,14799,0
09/15/2026,14:14:21,774.88,796.0,2.6532663316582923,14800,0
09/15/2026,14:14:21,774.88,796.0,2.6532663316582923,14801,1
09/15/2026,14:14:21,774.88,796.0,2.6532663316582923,14802,0
09/15/2026,14:14:21,774.88,796.0,2.6532663316582923,14803,0
09/15/2026,14:14:21,774.88,796.0,2.6532663316582923,14804,0
09/15/2026,14:14:21,774.88,796.0,2.6532663316582923,14805,1
09/15/2026,14:14:21,774.88,796.0,2.6532663316582923,14806,2
09/15/2026,14:14:21,774.88,796.0,2.6532663316582923,14807,0
09/15/2026,14:14:21,774.88,796.0,2.6532663316582923,14808,1
09/15/2026,14:14:21,774.88,796.0,2.6532663316582923,14809,1
09/15/2026,14:14:21,774.88,796.0,2.6532663316582923,14810,0
09/15/2026,14:14:21,774.88,796.0,2.6532663316582923,14811,1
09/15/2026,14:14:21,774.88,796.0,2.6532663316582923,14812,1
09/15/2026,14:14:21,774.88,796.0,2.6532663316582923,14813,0
09/15/2026,14:14:21,774.88,796.0,2.6532663316582923,14814,0
09/15/2026,14:14:21,774.88,796.0,2.6532663316582923,14815,0
09/15/2026,14:14:21,774.88,796.0,2.6532663316582923,14816,1
09/15/2026,14:14:21,774.88,796.0,2.6532663316582923,14817,0
09/15/2026,14:14:21,774.88,796.0,2.6532663316582923,14818,2
09/15/2026,14:14:21,774.88,796.0,2.6532663316582923,14819,0
09/15/2026,14:14:21,774.88,796.0,2.6532663316582923,14820,0
09/15/2026,14:14:21,774.88,796.0,2.6532663316582923,14821,0
09/15/2026,14:14:21,774.88,796.0,2.6532663316582923,14822,1
09/15/2026,14:14:21,774.88,796.0,2.6532663316582923,14823,0
09/15/2026,14:14:21,774.88,796.0,2.6532663316582923,14824,1
09/15/2026,14:14:21,774.88,796.0,2.6532663316582923,14825,0
09/15/2026,14:14:21,774.88,796.0,2.6532663316582923,14826,1
09/15/2026,14:14:21,774.88,796.0,2.6532663316582923,14827,1
09/15/2026,14:14:21,774.88,796.0,2.6532663316582923,14828,1
09/15/2026,14:14:21,774.88,796.0,2.6532663316582923,14829,0
09/15/2026,14:14:21,774.88,796.0,2.6532663316582923,14830,1
09/15/2026,14:14:21,774.88,796.0,2.6532663316582923,14831,1
09/15/2026,14:14:21,774.88,796.0,2.6532663316582923,14832,0
09/15/2026,14:14:21,774.88,796.0,2.6532663316582923,14833,0
09/15/2026,14:14:21,774.88,796.0,2.6532663316582923,14834,0
09/15/2026,14:14:21,774.88,796.0,2.6532663316582923,14835,0
09/15/2026,14:14:21,774.88,796.0,2.6532663316582923,14836,0
09/15/2026,14:14:21,774.88,796.0,2.6532663316582923,14837,0
09/15/2026,14:14:21,774.88,796.0,2.6532663316582923,14838,0
09/15/2026,14:14:21,774.88,796.0,2.6532663316582923,14839,0
09/15/2026,14:14:21,774.88,796.0,2.6532663316582923,14840,0
09/15/2026,14:14:21,774.88,796.0,2.6532663316582923,14841,1
09/15/2026,14:14:21,774.88,796.0,2.6532663316582923,14842,0
09/15/2026,14:14:21,774.88,796.0,2.6532663316582923,14843,0
09/15/2026,14:14:21,774.88,796.0,2.6532663316582923,14844,0
09/15/2026,14:14:21,774.88,796.0,2.6532663316582923,14845,1
09/15/2026,14:14:21,774.88,796.0,2.6532663316582923,14846,0
09/15/2026,14:14:21,774.88,796.0,2.6532663316582923,14847,1
09/15/2026,14:14:21,774.88,796.0,2.6532663316582923,14848,0
09/15/2026,14:14:21,774.88,796.0,2.6532663316582923,14849,0
09/15/2026,14:14:21,774.88,796.0,2.6532663316582923,14850,3
09/15/2026,14:14:21,774.88,796.0,2.6532663316582923,14851,0
09/15/2026,14:14:21,774.88,796.0,2.6532663316582923,14852,1
09/15/2026,14:14:21,774.88,796.0,2.6532663316582923,14853,0
09/15/2026,14:14:21,774.88,796.0,2.6532663316582923,14854,0
09/15/2026,14:14:21,774.88,796.0,2.6532663316582923,14855,0
09/15/2026,14:14:21,774.88,796.0,2.6532663316582923,14856,0
09/15/2026,14:14:21,774.88,796.0,2.6532663316582923,14857,1
09/15/2026,14:14:21,774.88,796.0,2.6532663316582923,14858,1
09/15/2026,14:14:21,774.88,796.0,2.6532663316582923,14859,0
09/15/2026,14:14:21,774.88,796.0,2.6532663316582923,14860,2
09/15/2026,14:14:21,774.88,796.0,2.6532663316582923,14861,1
09/15/2026,14:14:21,774.88,796.0,2.6532663316582923,14862,0
09/15/2026,14:14:21,774.88,796.0,2.6532663316582923,14863,0
09/15/2026,14:14:21,774.88,796.0,2.6532663316582923,14864,0
09/15/2026,14:14:21,774.88,796.0,2.6532663316582923,14865,0
09/15/2026,14:14:21,774.88,796.0,2.6532663316582923,14866,0
09/15/2026,14:14:21,774.88,796.0,2.6532663316582923,14867,2
09/15/2026,14:14:21,774.88,796.0,2.6532663316582923,14868,0
09/15/2026,14:14:21,774.88,796.0,2.6532663316582923,14869,0
09/15/2026,14:14:21,774.88,796.0,2.6532663316582923,14870,0
09/15/2026,14:14:21,774.88,796.0,2.6532663316582923,14871,1
09/15/2026,14:14:21,774.88,796.0,2.6532663316582923,14872,1
09/15/2026,14:14:21,774.88,796.0,2.6532663316582923,14873,0
09/15/2026,14:14:21,774.88,796.0,2.6532663316582923,14874,1
09/15/2026,14:14:21,774.88,796.0,2.6532663316582923,14875,0
09/15/2026,14:14:21,774.88,796.0,2.6532663316582923,14876,0
09/15/2026,14:14:21,774.88,796.0,2.6532663316582923,14877,1
09/15/2026,14:14:21,774.88,796.0,2.6532663316582923,14878,0
09/15/2026,14:14:21,774.88,796.0,2.6532663316582923,14879,1
09/15/2026,14:14:21,774.88,796.0,2.6532663316582923,14880,0
09/15/2026,14:14:21,774.88,796.0,2.6532663316582923,14881,0
09/15/2026,14:14:21,774.88,796.0,2.6532663316582923,14882,1
09/15/2026,14:14:21,774.88,796.0,2.6532663316582923,14883,1
09/15/2026,14:14:21,774.88,796.0,2.6532663316582923,14884,0
09/15/2026,14:14:21,774.88,796.0,2.6532663316582923,14885,0
09/15/2026,14:14:21,774.88,796.0,2.6532663316582923,14886,1
09/15/2026,14:14:21,774.88,796.0,2.6532663316582923,14887,0
09/15/2026,14:14:21,774.88,796.0,2.6532663316582923,14888,0
09/15/2026,14:14:21,774.88,796.0,2.6532663316582923,14889,2
09/15/2026,14:14:21,774.88,796.0,2.6532663316582923,14890,0
09/15/2026,14:14:21,774.88,796.0,2.6532663316582923,14891,0
09/15/2026,14:14:21,774.88,796.0,2.6532663316582923,14892,0
09/15/2026,14:14:21,774.88,796.0,2.6532663316582923,14893,0
09/15/2026,14:14:21,774.88,796.0,2.6532663316582923,14894,1
09/15/2026,14:14:21,774.88,796.0,2.6532663316582923,14895,0
09/15/2026,14:14:21,774.88,796.0,2.6532663316582923,14896,0
09/15/2026,14:14:21,774.88,796.0,2.6532663316582923,14897,0
09/15/2026,14:14:21,774.88,796.0,2.6532663316582923,14898,0
09/15/2026,14:14:21,774.88,796.0,2.6532663316582923,14899,2
09/15/2026,14:14:21,774.88,796.0,2.6532663316582923,14900,0
09/15/2026,14:14:21,774.88,796.0,2.6532663316582923,14901,0
09/15/2026,14:14:21,774.88,796.0,2.6532663316582923,14902,1
09/15/2026,14:14:21,774.88,796.0,2.6532663316582923,14903,1
09/15/2026,14:14:21,774.88,796.0,2.6532663316582923,14904,0
09/15/2026,14:14:21,774.88,796.0,2.6532663316582923,14905,1
09/15/2026,14:14:21,774.88,796.0,2.6532663316582923,14906,0
09/15/2026,14:14:21,774.88,796.0,2.6532663316582923,14907,1
09/15/2026,14:14:21,774.88,796.0,2.6532663316582923,14908,0
09/15/2026,14:14:21,774.88,796.0,2.6532663316582923,14909,0
09/15/2026,14:14:21,774.88,796.0,2.6532663316582923,14910,0
09/15/2026,14:14:21,774.88,796.0,2.6532663316582923,14911,0
09/15/2026,14:14:21,774.88,796.0,2.6532663316582923,14912,1
09/15/2026,14:14:21,774.88,796.0,2.6532663316582923,14913,1
09/15/2026,14:14:21,774.88,796.0,2.6532663316582923,14914,0
09/15/2026,14:14:21,774.88,796.0,2.6532663316582923,14915,0
09/15/2026,14:14:21,774.88,796.0,2.6532663316582923,14916,0
09/15/2026,14:14:21,774.88,796.0,2.6532663316582923,14917,2
09/15/2026,14:14:21,774.88,796.0,2.6532663316582923,14918,3
09/15/2026,14:14:21,774.88,796.0,2.6532663316582923,14919,0
09/15/2026,14:14:21,774.88,796.0,2.6532663316582923,14920,0
09/15/2026,14:14:21,774.88,796.0,2.6532663316582923,14921,0
09/15/2026,14:14:21,774.88,796.0,2.6532663316582923,14922,1
09/15/2026,14:14:21,774.88,796.0,2.6532663316582923,14923,0
09/15/2026,14:14:21,774.88,796.0,2.6532663316582923,14924,1
09/15/2026,14:14:21,774.88,796.0,2.6532663316582923,14925,1
09/15/2026,14:14:21,774.88,796.0,2.6532663316582923,14926,0
09/15/2026,14:14:21,774.88,796.0,2.6532663316582923,14927,1
09/15/2026,14:14:21,774.88,796.0,2.6532663316582923,14928,0
09/15/2026,14:14:21,774.88,796.0,2.6532663316582923,14929,1
09/15/2026,14:14:21,774.88,796.0,2.6532663316582923,14930,0
09/15/2026,14:14:21,774.88,796.0,2.6532663316582923,14931,1
09/15/2026,14:14:21,774.88,796.0,2.6532663316582923,14932,0
09/15/2026,14:14:21,774.88,796.0,2.6532663316582923,14933,0
09/15/2026,14:14:21,774.88,796.0,2.6532663316582923,14934,2
09/15/2026,14:14:21,774.88,796.0,2.6532663316582923,14935,0
09/15/2026,14:14:21,774.88,796.0,2.6532663316582923,14936,0
09/15/2026,14:14:21,774.88,796.0,2.6532663316582923,14937,0
09/15/2026,14:14:21,774.88,796.0,2.6532663316582923,14938,0
09/15/2026,14:14:21,774.88,796.0,2.6532663316582923,14939,0
09/15/2026,14:14:21,774.88,796.0,2.6532663316582923,14940,0
09/15/2026,14:14:21,774.88,796.0,2.6532663316582923,14941,0
09/15/2026,14:14:21,774.88,796.0,2.6532663316582923,14942,0
09/15/2026,14:14:21,774.88,796.0,2.6532663316582923,14943,0
09/15/2026,14:14:21,774.88,796.0,2.6532663316582923,14944,0
09/15/2026,14:14:21,774.88,796.0,2.6532663316582923,14945,0
09/15/2026,14:14:21,774.88,796.0,2.6532663316582923,14946,1
09/15/2026,14:14:21,774.88,796.0,2.6532663316582923,14947,0
09/15/2026,14:14:21,774.88,796.0,2.6532663316582923,14948,1
09/15/2026,14:14:21,774.88,796.0,2.6532663316582923,14949,0
09/15/2026,14:14:21,774.88,796.0,2.6532663316582923,14950,1
09/15/2026,14:14:21,774.88,796.0,2.6532663316582923,14951,0
09/15/2026,14:14:21,774.88,796.0,2.6532663316582923,14952,0
09/15/2026,14:14:21,774.88,796.0,2.6532663316582923,14953,0
09/15/2026,14:14:21,774.88,796.0,2.6532663316582923,14954,0
09/15/2026,14:14:21,774.88,796.0,2.6532663316582923,14955,0
09/15/2026,14:14:21,774.88,796.0,2.6532663316582923,14956,0
09/15/2026,14:14:21,774.88,796.0,2.6532663316582923,14957,1
09/15/2026,14:14:21,774.88,796.0,2.6532663316582923,14958,0
09/15/2026,14:14:21,774.88,796.0,2.6532663316582923,14959,0
09/15/2026,14:14:21,774.88,796.0,2.6532663316582923,14960,1
09/15/2026,14:14:21,774.88,796.0,2.6532663316582923,14961,0
09/15/2026,14:14:21,774.88,796.0,2.6532663316582923,14962,0
09/15/2026,14:14:21,774.88,796.0,2.6532663316582923,14963,0
09/15/2026,14:14:21,774.88,796.0,2.6532663316582923,14964,2
09/15/2026,14:14:21,774.88,796.0,2.6532663316582923,14965,0
09/15/2026,14:14:21,774.88,796.0,2.6532663316582923,14966,1
09/15/2026,14:14:21,774.88,796.0,2.6532663316582923,14967,0
09/15/2026,14:14:21,774.88,796.0,2.6532663316582923,14968,0
09/15/2026,14:14:21,774.88,796.0,2.6532663316582923,14969,1
09/15/2026,14:14:21,774.88,796.0,2.6532663316582923,14970,0
09/15/2026,14:14:21,774.88,796.0,2.6532663316582923,14971,1
09/15/2026,14:14:21,774.88,796.0,2.6532663316582923,14972,1
09/15/2026,14:14:21,774.88,796.0,2.6532663316582923,14973,0
09/15/2026,14:14:21,774.88,796.0,2.6532663316582923,14974,0
09/15/2026,14:14:21,774.88,796.0,2.6532663316582923,14975,0
09/15/2026,14:14:21,774.88,796.0,2.6532663316582923,14976,0
09/15/2026,14:14:21,774.88,796.0,2.6532663316582923,14977,0
09/15/2026,14:14:21,774.88,796.0,2.6532663316582923,14978,0
09/15/2026,14:14:21,774.88,796.0,2.6532663316582923,14979,0
09/15/2026,14:14:21,774.88,796.0,2.6532663316582923,14980,0
09/15/2026,14:14:21,774.88,796.0,2.6532663316582923,14981,0
09/15/2026,14:14:21,774.88,796.0,2.6532663316582923,14982,1
09/15/2026,14:14:21,774.88,796.0,2.6532663316582923,14983,1
09/15/2026,14:14:21,774.88,796.0,2.6532663316582923,14984,0
09/15/2026,14:14:21,774.88,796.0,2.6532663316582923,14985,0
09/15/2026,14:14:21,774.88,796.0,2.6532663316582923,14986,2
09/15/2026,14:14:21,774.88,796.0,2.6532663316582923,14987,2
09/15/2026,14:14:21,774.88,796.0,2.6532663316582923,14988,0
09/15/2026,14:14:21,774.88,796.0,2.6532663316582923,14989,0
09/15/2026,14:14:21,774.88,796.0,2.6532663316582923,14990,0
09/15/2026,14:14:21,774.88,796.0,2.6532663316582923,14991,1
09/15/2026,14:14:21,774.88,796.0,2.6532663316582923,14992,0
09/15/2026,14:14:21,774.88,796.0,2.6532663316582923,14993,0
09/15/2026,14:14:21,774.88,796.0,2.6532663316582923,14994,0
09/15/2026,14:14:21,774.88,796.0,2.6532663316582923,14995,0
09/15/2026,14:14:21,774.88,796.0,2.6532663316582923,14996,0
09/15/2026,14:14:21,774.88,796.0,2.6532663316582923,14997,0
09/15/2026,14:14:21,774.88,796.0,2.6532663316582923,14998,0
09/15/2026,14:14:21,774.88,796.0,2.6532663316582923,14999,0
09/15/2026,14:14:21,774.88,796.0,2.6532663316582923,15000,1
09/15/2026,14:14:21,774.88,796.0,2.6532663316582923,15001,1
09/15/2026,14:14:21,774.88,796.0,2.6532663316582923,15002,0
09/15/2026,14:14:21,774.88,796.0,2.6532663316582923,15003,0
09/15/2026,14:14:21,774.88,796.0,2.6532663316582923,15004,1
09/15/2026,14:14:21,774.88,796.0,2.6532663316582923,15005,2
09/15/2026,14:14:21,774.88,796.0,2.6532663316582923,15006,2
09/15/2026,14:14:21,774.88,796.0,2.6532663316582923,15007,1
09/15/2026,14:14:21,774.88,796.0,2.6532663316582923,15008,0
09/15/2026,14:14:21,774.88,796.0,2.6532663316582923,15009,1
09/15/2026,14:14:21,774.88,796.0,2.6532663316582923,15010,0
09/15/2026,14:14:21,774.88,796.0,2.6532663316582923,15011,1
09/15/2026,14:14:21,774.88,796.0,2.6532663316582923,15012,1
09/15/2026,14:14:21,774.88,796.0,2.6532663316582923,15013,0
09/15/2026,14:14:21,774.88,796.0,2.6532663316582923,15014,1
09/15/2026,14:14:21,774.88,796.0,2.6532663316582923,15015,0
09/15/2026,14:14:21,774.88,796.0,2.6532663316582923,15016,1
09/15/2026,14:14:21,774.88,796.0,2.6532663316582923,15017,0
09/15/2026,14:14:21,774.88,796.0,2.6532663316582923,15018,0
09/15/2026,14:14:21,774.88,796.0,2.6532663316582923,15019,0
09/15/2026,14:14:21,774.88,796.0,2.6532663316582923,15020,0
09/15/2026,14:14:21,774.88,796.0,2.6532663316582923,15021,0
09/15/2026,14:14:21,774.88,796.0,2.6532663316582923,15022,1
09/15/2026,14:14:21,774.88,796.0,2.6532663316582923,15023,1
09/15/2026,14:14:21,774.88,796.0,2.6532663316582923,15024,0
09/15/2026,14:14:21,774.88,796.0,2.6532663316582923,15025,1
09/15/2026,14:14:21,774.88,796.0,2.6532663316582923,15026,1
09/15/2026,14:14:21,774.88,796.0,2.6532663316582923,15027,0
09/15/2026,14:14:21,774.88,796.0,2.6532663316582923,15028,0
09/15/2026,14:14:21,774.88,796.0,2.6532663316582923,15029,0
09/15/2026,14:14:21,774.88,796.0,2.6532663316582923,15030,0
09/15/2026,14:14:21,774.88,796.0,2.6532663316582923,15031,0
09/15/2026,14:14:21,774.88,796.0,2.6532663316582923,15032,0
09/15/2026,14:14:21,774.88,796.0,2.6532663316582923,15033,1
09/15/2026,14:14:21,774.88,796.0,2.6532663316582923,15034,0
09/15/2026,14:14:21,774.88,796.0,2.6532663316582923,15035,0
09/15/2026,14:14:21,774.88,796.0,2.6532663316582923,15036,0
09/15/2026,14:14:21,774.88,796.0,2.6532663316582923,15037,0
09/15/2026,14:14:21,774.88,796.0,2.6532663316582923,15038,0
09/15/2026,14:14:21,774.88,796.0,2.6532663316582923,15039,0
09/15/2026,14:14:21,774.88,796.0,2.6532663316582923,15040,1
09/15/2026,14:14:21,774.88,796.0,2.6532663316582923,15041,1
09/15/2026,14:14:21,774.88,796.0,2.6532663316582923,15042,0
09/15/2026,14:14:21,774.88,796.0,2.6532663316582923,15043,0
09/15/2026,14:14:21,774.88,796.0,2.6532663316582923,15044,2
09/15/2026,14:14:21,774.88,796.0,2.6532663316582923,15045,2
09/15/2026,14:14:21,774.88,796.0,2.6532663316582923,15046,1
09/15/2026,14:14:21,774.88,796.0,2.6532663316582923,15047,0
09/15/2026,14:14:21,774.88,796.0,2.6532663316582923,15048,1
09/15/2026,14:14:21,774.88,796.0,2.6532663316582923,15049,0
09/15/2026,14:14:21,774.88,796.0,2.6532663316582923,15050,0
09/15/2026,14:14:21,774.88,796.0,2.6532663316582923,15051,0
09/15/2026,14:14:21,774.88,796.0,2.6532663316582923,15052,1
09/15/2026,14:14:21,774.88,796.0,2.6532663316582923,15053,1
09/15/2026,14:14:21,774.88,796.0,2.6532663316582923,15054,0
09/15/2026,14:14:21,774.88,796.0,2.6532663316582923,15055,1
09/15/2026,14:14:21,774.88,796.0,2.6532663316582923,15056,2
09/15/2026,14:14:21,774.88,796.0,2.6532663316582923,15057,0
09/15/2026,14:14:21,774.88,796.0,2.6532663316582923,15058,1
09/15/2026,14:14:21,774.88,796.0,2.6532663316582923,15059,0
09/15/2026,14:14:21,774.88,796.0,2.6532663316582923,15060,0
09/15/2026,14:14:21,774.88,796.0,2.6532663316582923,15061,0
09/15/2026,14:14:21,774.88,796.0,2.6532663316582923,15062,0
09/15/2026,14:14:21,774.88,796.0,2.6532663316582923,15063,1
09/15/2026,14:14:21,774.88,796.0,2.6532663316582923,15064,0
09/15/2026,14:14:21,774.88,796.0,2.6532663316582923,15065,0
09/15/2026,14:14:21,774.88,796.0,2.6532663316582923,15066,0
09/15/2026,14:14:21,774.88,796.0,2.6532663316582923,15067,0
09/15/2026,14:14:21,774.88,796.0,2.6532663316582923,15068,0
09/15/2026,14:14:21,774.88,796.0,2.6532663316582923,15069,0
09/15/2026,14:14:21,774.88,796.0,2.6532663316582923,15070,0
09/15/2026,14:14:21,774.88,796.0,2.6532663316582923,15071,0
09/15/2026,14:14:21,774.88,796.0,2.6532663316582923,15072,0
09/15/2026,14:14:21,774.88,796.0,2.6532663316582923,15073,0
09/15/2026,14:14:21,774.88,796.0,2.6532663316582923,15074,3
09/15/2026,14:14:21,774.88,796.0,2.6532663316582923,15075,1
09/15/2026,14:14:21,774.88,796.0,2.6532663316582923,15076,1
09/15/2026,14:14:21,774.88,796.0,2.6532663316582923,15077,0
09/15/2026,14:14:21,774.88,796.0,2.6532663316582923,15078,0
09/15/2026,14:14:21,774.88,796.0,2.6532663316582923,15079,1
09/15/2026,14:14:21,774.88,796.0,2.6532663316582923,15080,0
09/15/2026,14:14:21,774.88,796.0,2.6532663316582923,15081,0
09/15/2026,14:14:21,774.88,796.0,2.6532663316582923,15082,0
09/15/2026,14:14:21,774.88,796.0,2.6532663316582923,15083,0
09/15/2026,14:14:21,774.88,796.0,2.6532663316582923,15084,2
09/15/2026,14:14:21,774.88,796.0,2.6532663316582923,15085,0
09/15/2026,14:14:21,774.88,796.0,2.6532663316582923,15086,0
09/15/2026,14:14:21,774.88,796.0,2.6532663316582923,15087,0
09/15/2026,14:14:21,774.88,796.0,2.6532663316582923,15088,1
09/15/2026,14:14:21,774.88,796.0,2.6532663316582923,15089,1
09/15/2026,14:14:21,774.88,796.0,2.6532663316582923,15090,0
09/15/2026,14:14:21,774.88,796.0,2.6532663316582923,15091,0
09/15/2026,14:14:21,774.88,796.0,2.6532663316582923,15092,2
09/15/2026,14:14:21,774.88,796.0,2.6532663316582923,15093,0
09/15/2026,14:14:21,774.88,796.0,2.6532663316582923,15094,0
09/15/2026,14:14:21,774.88,796.0,2.6532663316582923,15095,1
09/15/2026,14:14:21,774.88,796.0,2.6532663316582923,15096,0
09/15/2026,14:14:21,774.88,796.0,2.6532663316582923,15097,0
09/15/2026,14:14:21,774.88,796.0,2.6532663316582923,15098,1
09/15/2026,14:14:21,774.88,796.0,2.6532663316582923,15099,1
09/15/2026,14:14:21,774.88,796.0,2.6532663316582923,15100,0
09/15/2026,14:14:21,774.88,796.0,2.6532663316582923,15101,0
09/15/2026,14:14:21,774.88,796.0,2.6532663316582923,15102,2
09/15/2026,14:14:21,774.88,796.0,2.6532663316582923,15103,2
09/15/2026,14:14:21,774.88,796.0,2.6532663316582923,15104,0
09/15/2026,14:14:21,774.88,796.0,2.6532663316582923,15105,0
09/15/2026,14:14:21,774.88,796.0,2.6532663316582923,15106,1
09/15/2026,14:14:21,774.88,796.0,2.6532663316582923,15107,2
09/15/2026,14:14:21,774.88,796.0,2.6532663316582923,15108,0
09/15/2026,14:14:21,774.88,796.0,2.6532663316582923,15109,0
09/15/2026,14:14:21,774.88,796.0,2.6532663316582923,15110,0
09/15/2026,14:14:21,774.88,796.0,2.6532663316582923,15111,2
09/15/2026,14:14:21,774.88,796.0,2.6532663316582923,15112,1
09/15/2026,14:14:21,774.88,796.0,2.6532663316582923,15113,0
09/15/2026,14:14:21,774.88,796.0,2.6532663316582923,15114,0
09/15/2026,14:14:21,774.88,796.0,2.6532663316582923,15115,0
09/15/2026,14:14:21,774.88,796.0,2.6532663316582923,15116,0
09/15/2026,14:14:21,774.88,796.0,2.6532663316582923,15117,0
09/15/2026,14:14:21,774.88,796.0,2.6532663316582923,15118,0
09/15/2026,14:14:21,774.88,796.0,2.6532663316582923,15119,0
09/15/2026,14:14:21,774.88,796.0,2.6532663316582923,15120,1
09/15/2026,14:14:21,774.88,796.0,2.6532663316582923,15121,3
09/15/2026,14:14:21,774.88,796.0,2.6532663316582923,15122,0
09/15/2026,14:14:21,774.88,796.0,2.6532663316582923,15123,0
09/15/2026,14:14:21,774.88,796.0,2.6532663316582923,15124,0
09/15/2026,14:14:21,774.88,796.0,2.6532663316582923,15125,0
09/15/2026,14:14:21,774.88,796.0,2.6532663316582923,15126,0
09/15/2026,14:14:21,774.88,796.0,2.6532663316582923,15127,0
09/15/2026,14:14:21,774.88,796.0,2.6532663316582923,15128,0
09/15/2026,14:14:21,774.88,796.0,2.6532663316582923,15129,1
09/15/2026,14:14:21,774.88,796.0,2.6532663316582923,15130,0
09/15/2026,14:14:21,774.88,796.0,2.6532663316582923,15131,0
09/15/2026,14:14:21,774.88,796.0,2.6532663316582923,15132,0
09/15/2026,14:14:21,774.88,796.0,2.6532663316582923,15133,0
09/15/2026,14:14:21,774.88,796.0,2.6532663316582923,15134,0
09/15/2026,14:14:21,774.88,796.0,2.6532663316582923,15135,2
09/15/2026,14:14:21,774.88,796.0,2.6532663316582923,15136,0
09/15/2026,14:14:21,774.88,796.0,2.6532663316582923,15137,0
09/15/2026,14:14:21,774.88,796.0,2.6532663316582923,15138,0
09/15/2026,14:14:21,774.88,796.0,2.6532663316582923,15139,0
09/15/2026,14:14:21,774.88,796.0,2.6532663316582923,15140,0
09/15/2026,14:14:21,774.88,796.0,2.6532663316582923,15141,0
09/15/2026,14:14:21,774.88,796.0,2.6532663316582923,15142,0
09/15/2026,14:14:21,774.88,796.0,2.6532663316582923,15143,0
09/15/2026,14:14:21,774.88,796.0,2.6532663316582923,15144,0
09/15/2026,14:14:21,774.88,796.0,2.6532663316582923,15145,0
09/15/2026,14:14:21,774.88,796.0,2.6532663316582923,15146,0
09/15/2026,14:14:21,774.88,796.0,2.6532663316582923,15147,0
09/15/2026,14:14:21,774.88,796.0,2.6532663316582923,15148,0
09/15/2026,14:14:21,774.88,796.0,2.6532663316582923,15149,1
09/15/2026,14:14:21,774.88,796.0,2.6532663316582923,15150,0
09/15/2026,14:14:21,774.88,796.0,2.6532663316582923,15151,0
09/15/2026,14:14:21,774.88,796.0,2.6532663316582923,15152,0
09/15/2026,14:14:21,774.88,796.0,2.6532663316582923,15153,0
09/15/2026,14:14:21,774.88,796.0,2.6532663316582923,15154,0
09/15/2026,14:14:21,774.88,796.0,2.6532663316582923,15155,0
09/15/2026,14:14:21,774.88,796.0,2.6532663316582923,15156,0
09/15/2026,14:14:21,774.88,796.0,2.6532663316582923,15157,0
09/15/2026,14:14:21,774.88,796.0,2.6532663316582923,15158,0
09/15/2026,14:14:21,774.88,796.0,2.6532663316582923,15159,1
09/15/2026,14:14:21,774.88,796.0,2.6532663316582923,15160,0
09/15/2026,14:14:21,774.88,796.0,2.6532663316582923,15161,0
09/15/2026,14:14:21,774.88,796.0,2.6532663316582923,15162,0
09/15/2026,14:14:21,774.88,796.0,2.6532663316582923,15163,1
09/15/2026,14:14:21,774.88,796.0,2.6532663316582923,15164,1
09/15/2026,14:14:21,774.88,796.0,2.6532663316582923,15165,0
09/15/2026,14:14:21,774.88,796.0,2.6532663316582923,15166,0
09/15/2026,14:14:21,774.88,796.0,2.6532663316582923,15167,2
09/15/2026,14:14:21,774.88,796.0,2.6532663316582923,15168,0
09/15/2026,14:14:21,774.88,796.0,2.6532663316582923,15169,0
09/15/2026,14:14:21,774.88,796.0,2.6532663316582923,15170,1
09/15/2026,14:14:21,774.88,796.0,2.6532663316582923,15171,1
09/15/2026,14:14:21,774.88,796.0,2.6532663316582923,15172,0
09/15/2026,14:14:21,774.88,796.0,2.6532663316582923,15173,0
09/15/2026,14:14:21,774.88,796.0,2.6532663316582923,15174,0
09/15/2026,14:14:21,774.88,796.0,2.6532663316582923,15175,1
09/15/2026,14:14:21,774.88,796.0,2.6532663316582923,15176,1
09/15/2026,14:14:21,774.88,796.0,2.6532663316582923,15177,0
09/15/2026,14:14:21,774.88,796.0,2.6532663316582923,15178,0
09/15/2026,14:14:21,774.88,796.0,2.6532663316582923,15179,0
09/15/2026,14:14:21,774.88,796.0,2.6532663316582923,15180,0
09/15/2026,14:14:21,774.88,796.0,2.6532663316582923,15181,0
09/15/2026,14:14:21,774.88,796.0,2.6532663316582923,15182,1
09/15/2026,14:14:21,774.88,796.0,2.6532663316582923,15183,0
09/15/2026,14:14:21,774.88,796.0,2.6532663316582923,15184,3
09/15/2026,14:14:21,774.88,796.0,2.6532663316582923,15185,0
09/15/2026,14:14:21,774.88,796.0,2.6532663316582923,15186,0
09/15/2026,14:14:21,774.88,796.0,2.6532663316582923,15187,1
09/15/2026,14:14:21,774.88,796.0,2.6532663316582923,15188,0
09/15/2026,14:14:21,774.88,796.0,2.6532663316582923,15189,0
09/15/2026,14:14:21,774.88,796.0,2.6532663316582923,15190,1
09/15/2026,14:14:21,774.88,796.0,2.6532663316582923,15191,0
09/15/2026,14:14:21,774.88,796.0,2.6532663316582923,15192,0
09/15/2026,14:14:21,774.88,796.0,2.6532663316582923,15193,0
09/15/2026,14:14:21,774.88,796.0,2.6532663316582923,15194,0
09/15/2026,14:14:21,774.88,796.0,2.6532663316582923,15195,2
09/15/2026,14:14:21,774.88,796.0,2.6532663316582923,15196,1
09/15/2026,14:14:21,774.88,796.0,2.6532663316582923,15197,0
09/15/2026,14:14:21,774.88,796.0,2.6532663316582923,15198,0
09/15/2026,14:14:21,774.88,796.0,2.6532663316582923,15199,0
09/15/2026,14:14:21,774.88,796.0,2.6532663316582923,15200,0
09/15/2026,14:14:21,774.88,796.0,2.6532663316582923,15201,0
09/15/2026,14:14:21,774.88,796.0,2.6532663316582923,15202,0
09/15/2026,14:14:21,774.88,796.0,2.6532663316582923,15203,0
09/15/2026,14:14:21,774.88,796.0,2.6532663316582923,15204,0
09/15/2026,14:14:21,774.88,796.0,2.6532663316582923,15205,2
09/15/2026,14:14:21,774.88,796.0,2.6532663316582923,15206,0
09/15/2026,14:14:21,774.88,796.0,2.6532663316582923,15207,0
09/15/2026,14:14:21,774.88,796.0,2.6532663316582923,15208,1
09/15/2026,14:14:21,774.88,796.0,2.6532663316582923,15209,0
09/15/2026,14:14:21,774.88,796.0,2.6532663316582923,15210,1
09/15/2026,14:14:21,774.88,796.0,2.6532663316582923,15211,0
09/15/2026,14:14:21,774.88,796.0,2.6532663316582923,15212,1
09/15/2026,14:14:21,774.88,796.0,2.6532663316582923,15213,0
09/15/2026,14:14:21,774.88,796.0,2.6532663316582923,15214,1
09/15/2026,14:14:21,774.88,796.0,2.6532663316582923,15215,1
09/15/2026,14:14:21,774.88,796.0,2.6532663316582923,15216,2
09/15/2026,14:14:21,774.88,796.0,2.6532663316582923,15217,0
09/15/2026,14:14:21,774.88,796.0,2.6532663316582923,15218,0
09/15/2026,14:14:21,774.88,796.0,2.6532663316582923,15219,1
09/15/2026,14:14:21,774.88,796.0,2.6532663316582923,15220,2
09/15/2026,14:14:21,774.88,796.0,2.6532663316582923,15221,0
09/15/2026,14:14:21,774.88,796.0,2.6532663316582923,15222,1
09/15/2026,14:14:21,774.88,796.0,2.6532663316582923,15223,1
09/15/2026,14:14:21,774.88,796.0,2.6532663316582923,15224,0
09/15/2026,14:14:21,774.88,796.0,2.6532663316582923,15225,0
09/15/2026,14:14:21,774.88,796.0,2.6532663316582923,15226,0
09/15/2026,14:14:21,774.88,796.0,2.6532663316582923,15227,0
09/15/2026,14:14:21,774.88,796.0,2.6532663316582923,15228,0
09/15/2026,14:14:21,774.88,796.0,2.6532663316582923,15229,0
09/15/2026,14:14:21,774.88,796.0,2.6532663316582923,15230,1
09/15/2026,14:14:21,774.88,796.0,2.6532663316582923,15231,0
09/15/2026,14:14:21,774.88,796.0,2.6532663316582923,15232,1
09/15/2026,14:14:21,774.88,796.0,2.6532663316582923,15233,0
09/15/2026,14:14:21,774.88,796.0,2.6532663316582923,15234,0
09/15/2026,14:14:21,774.88,796.0,2.6532663316582923,15235,0
09/15/2026,14:14:21,774.88,796.0,2.6532663316582923,15236,1
09/15/2026,14:14:21,774.88,796.0,2.6532663316582923,15237,0
09/15/2026,14:14:21,774.88,796.0,2.6532663316582923,15238,0
09/15/2026,14:14:21,774.88,796.0,2.6532663316582923,15239,0
09/15/2026,14:14:21,774.88,796.0,2.6532663316582923,15240,1
09/15/2026,14:14:21,774.88,796.0,2.6532663316582923,15241,0
09/15/2026,14:14:21,774.88,796.0,2.6532663316582923,15242,0
09/15/2026,14:14:21,774.88,796.0,2.6532663316582923,15243,0
09/15/2026,14:14:21,774.88,796.0,2.6532663316582923,15244,0
09/15/2026,14:14:21,774.88,796.0,2.6532663316582923,15245,0
09/15/2026,14:14:21,774.88,796.0,2.6532663316582923,15246,0
09/15/2026,14:14:21,774.88,796.0,2.6532663316582923,15247,1
09/15/2026,14:14:21,774.88,796.0,2.6532663316582923,15248,0
09/15/2026,14:14:21,774.88,796.0,2.6532663316582923,15249,0
09/15/2026,14:14:21,774.88,796.0,2.6532663316582923,15250,1
09/15/2026,14:14:21,774.88,796.0,2.6532663316582923,15251,0
09/15/2026,14:14:21,774.88,796.0,2.6532663316582923,15252,1
09/15/2026,14:14:21,774.88,796.0,2.6532663316582923,15253,1
09/15/2026,14:14:21,774.88,796.0,2.6532663316582923,15254,1
09/15/2026,14:14:21,774.88,796.0,2.6532663316582923,15255,0
09/15/2026,14:14:21,774.88,796.0,2.6532663316582923,15256,0
09/15/2026,14:14:21,774.88,796.0,2.6532663316582923,15257,0
09/15/2026,14:14:21,774.88,796.0,2.6532663316582923,15258,0
09/15/2026,14:14:21,774.88,796.0,2.6532663316582923,15259,0
09/15/2026,14:14:21,774.88,796.0,2.6532663316582923,15260,0
09/15/2026,14:14:21,774.88,796.0,2.6532663316582923,15261,0
09/15/2026,14:14:21,774.88,796.0,2.6532663316582923,15262,0
09/15/2026,14:14:21,774.88,796.0,2.6532663316582923,15263,0
09/15/2026,14:14:21,774.88,796.0,2.6532663316582923,15264,1
09/15/2026,14:14:21,774.88,796.0,2.6532663316582923,15265,1
09/15/2026,14:14:21,774.88,796.0,2.6532663316582923,15266,0
09/15/2026,14:14:21,774.88,796.0,2.6532663316582923,15267,0
09/15/2026,14:14:21,774.88,796.0,2.6532663316582923,15268,1
09/15/2026,14:14:21,774.88,796.0,2.6532663316582923,15269,0
09/15/2026,14:14:21,774.88,796.0,2.6532663316582923,15270,0
09/15/2026,14:14:21,774.88,796.0,2.6532663316582923,15271,0
09/15/2026,14:14:21,774.88,796.0,2.6532663316582923,15272,1
09/15/2026,14:14:21,774.88,796.0,2.6532663316582923,15273,0
09/15/2026,14:14:21,774.88,796.0,2.6532663316582923,15274,0
09/15/2026,14:14:21,774.88,796.0,2.6532663316582923,15275,0
09/15/2026,14:14:21,774.88,796.0,2.6532663316582923,15276,0
09/15/2026,14:14:21,774.88,796.0,2.6532663316582923,15277,1
09/15/2026,14:14:21,774.88,796.0,2.6532663316582923,15278,0
09/15/2026,14:14:21,774.88,796.0,2.6532663316582923,15279,0
09/15/2026,14:14:21,774.88,796.0,2.6532663316582923,15280,0
09/15/2026,14:14:21,774.88,796.0,2.6532663316582923,15281,0
09/15/2026,14:14:21,774.88,796.0,2.6532663316582923,15282,1
09/15/2026,14:14:21,774.88,796.0,2.6532663316582923,15283,0
09/15/2026,14:14:21,774.88,796.0,2.6532663316582923,15284,3
09/15/2026,14:14:21,774.88,796.0,2.6532663316582923,15285,2
09/15/2026,14:14:21,774.88,796.0,2.6532663316582923,15286,0
09/15/2026,14:14:21,774.88,796.0,2.6532663316582923,15287,0
09/15/2026,14:14:21,774.88,796.0,2.6532663316582923,15288,0
09/15/2026,14:14:21,774.88,796.0,2.6532663316582923,15289,0
09/15/2026,14:14:21,774.88,796.0,2.6532663316582923,15290,0
09/15/2026,14:14:21,774.88,796.0,2.6532663316582923,15291,2
09/15/2026,14:14:21,774.88,796.0,2.6532663316582923,15292,1
09/15/2026,14:14:21,774.88,796.0,2.6532663316582923,15293,0
09/15/2026,14:14:21,774.88,796.0,2.6532663316582923,15294,1
09/15/2026,14:14:21,774.88,796.0,2.6532663316582923,15295,0
09/15/2026,14:14:21,774.88,796.0,2.6532663316582923,15296,0
09/15/2026,14:14:21,774.88,796.0,2.6532663316582923,15297,1
09/15/2026,14:14:21,774.88,796.0,2.6532663316582923,15298,0
09/15/2026,14:14:21,774.88,796.0,2.6532663316582923,15299,1
09/15/2026,14:14:21,774.88,796.0,2.6532663316582923,15300,0
09/15/2026,14:14:21,774.88,796.0,2.6532663316582923,15301,0
09/15/2026,14:14:21,774.88,796.0,2.6532663316582923,15302,3
09/15/2026,14:14:21,774.88,796.0,2.6532663316582923,15303,0
09/15/2026,14:14:21,774.88,796.0,2.6532663316582923,15304,0
09/15/2026,14:14:21,774.88,796.0,2.6532663316582923,15305,0
09/15/2026,14:14:21,774.88,796.0,2.6532663316582923,15306,0
09/15/2026,14:14:21,774.88,796.0,2.6532663316582923,15307,0
09/15/2026,14:14:21,774.88,796.0,2.6532663316582923,15308,0
09/15/2026,14:14:21,774.88,796.0,2.6532663316582923,15309,0
09/15/2026,14:14:21,774.88,796.0,2.6532663316582923,15310,1
09/15/2026,14:14:21,774.88,796.0,2.6532663316582923,15311,0
09/15/2026,14:14:21,774.88,796.0,2.6532663316582923,15312,1
09/15/2026,14:14:21,774.88,796.0,2.6532663316582923,15313,0
09/15/2026,14:14:21,774.88,796.0,2.6532663316582923,15314,0
09/15/2026,14:14:21,774.88,796.0,2.6532663316582923,15315,2
09/15/2026,14:14:21,774.88,796.0,2.6532663316582923,15316,0
09/15/2026,14:14:21,774.88,796.0,2.6532663316582923,15317,0
09/15/2026,14:14:21,774.88,796.0,2.6532663316582923,15318,1
09/15/2026,14:14:21,774.88,796.0,2.6532663316582923,15319,0
09/15/2026,14:14:21,774.88,796.0,2.6532663316582923,15320,1
09/15/2026,14:14:21,774.88,796.0,2.6532663316582923,15321,2
09/15/2026,14:14:21,774.88,796.0,2.6532663316582923,15322,0
09/15/2026,14:14:21,774.88,796.0,2.6532663316582923,15323,0
09/15/2026,14:14:21,774.88,796.0,2.6532663316582923,15324,0
09/15/2026,14:14:21,774.88,796.0,2.6532663316582923,15325,0
09/15/2026,14:14:21,774.88,796.0,2.6532663316582923,15326,0
09/15/2026,14:14:21,774.88,796.0,2.6532663316582923,15327,1
09/15/2026,14:14:21,774.88,796.0,2.6532663316582923,15328,2
09/15/2026,14:14:21,774.88,796.0,2.6532663316582923,15329,1
09/15/2026,14:14:21,774.88,796.0,2.6532663316582923,15330,1
09/15/2026,14:14:21,774.88,796.0,2.6532663316582923,15331,0
09/15/2026,14:14:21,774.88,796.0,2.6532663316582923,15332,0
09/15/2026,14:14:21,774.88,796.0,2.6532663316582923,15333,0
09/15/2026,14:14:21,774.88,796.0,2.6532663316582923,15334,0
09/15/2026,14:14:21,774.88,796.0,2.6532663316582923,15335,1
09/15/2026,14:14:21,774.88,796.0,2.6532663316582923,15336,2
09/15/2026,14:14:21,774.88,796.0,2.6532663316582923,15337,0
09/15/2026,14:14:21,774.88,796.0,2.6532663316582923,15338,0
09/15/2026,14:14:21,774.88,796.0,2.6532663316582923,15339,2
09/15/2026,14:14:21,774.88,796.0,2.6532663316582923,15340,2
09/15/2026,14:14:21,774.88,796.0,2.6532663316582923,15341,0
09/15/2026,14:14:21,774.88,796.0,2.6532663316582923,15342,1
09/15/2026,14:14:21,774.88,796.0,2.6532663316582923,15343,0
09/15/2026,14:14:21,774.88,796.0,2.6532663316582923,15344,1
09/15/2026,14:14:21,774.88,796.0,2.6532663316582923,15345,1
09/15/2026,14:14:21,774.88,796.0,2.6532663316582923,15346,2
09/15/2026,14:14:21,774.88,796.0,2.6532663316582923,15347,1
09/15/2026,14:14:21,774.88,796.0,2.6532663316582923,15348,0
09/15/2026,14:14:21,774.88,796.0,2.6532663316582923,15349,1
09/15/2026,14:14:21,774.88,796.0,2.6532663316582923,15350,0
09/15/2026,14:14:21,774.88,796.0,2.6532663316582923,15351,0
09/15/2026,14:14:21,774.88,796.0,2.6532663316582923,15352,0
09/15/2026,14:14:21,774.88,796.0,2.6532663316582923,15353,1
09/15/2026,14:14:21,774.88,796.0,2.6532663316582923,15354,0
09/15/2026,14:14:21,774.88,796.0,2.6532663316582923,15355,0
09/15/2026,14:14:21,774.88,796.0,2.6532663316582923,15356,0
09/15/2026,14:14:21,774.88,796.0,2.6532663316582923,15357,0
09/15/2026,14:14:21,774.88,796.0,2.6532663316582923,15358,1
09/15/2026,14:14:21,774.88,796.0,2.6532663316582923,15359,0
09/15/2026,14:14:21,774.88,796.0,2.6532663316582923,15360,1
09/15/2026,14:14:21,774.88,796.0,2.6532663316582923,15361,0
09/15/2026,14:14:21,774.88,796.0,2.6532663316582923,15362,2
09/15/2026,14:14:21,774.88,796.0,2.6532663316582923,15363,0
09/15/2026,14:14:21,774.88,796.0,2.6532663316582923,15364,0
09/15/2026,14:14:21,774.88,796.0,2.6532663316582923,15365,0
09/15/2026,14:14:21,774.88,796.0,2.6532663316582923,15366,0
09/15/2026,14:14:21,774.88,796.0,2.6532663316582923,15367,1
09/15/2026,14:14:21,774.88,796.0,2.6532663316582923,15368,0
09/15/2026,14:14:21,774.88,796.0,2.6532663316582923,15369,0
09/15/2026,14:14:21,774.88,796.0,2.6532663316582923,15370,0
09/15/2026,14:14:21,774.88,796.0,2.6532663316582923,15371,0
09/15/2026,14:14:21,774.88,796.0,2.6532663316582923,15372,0
09/15/2026,14:14:21,774.88,796.0,2.6532663316582923,15373,1
09/15/2026,14:14:21,774.88,796.0,2.6532663316582923,15374,0
09/15/2026,14:14:21,774.88,796.0,2.6532663316582923,15375,1
09/15/2026,14:14:21,774.88,796.0,2.6532663316582923,15376,0
09/15/2026,14:14:21,774.88,796.0,2.6532663316582923,15377,0
09/15/2026,14:14:21,774.88,796.0,2.6532663316582923,15378,1
09/15/2026,14:14:21,774.88,796.0,2.6532663316582923,15379,0
09/15/2026,14:14:21,774.88,796.0,2.6532663316582923,15380,0
09/15/2026,14:14:21,774.88,796.0,2.6532663316582923,15381,0
09/15/2026,14:14:21,774.88,796.0,2.6532663316582923,15382,0
09/15/2026,14:14:21,774.88,796.0,2.6532663316582923,15383,1
09/15/2026,14:14:21,774.88,796.0,2.6532663316582923,15384,0
09/15/2026,14:14:21,774.88,796.0,2.6532663316582923,15385,1
09/15/2026,14:14:21,774.88,796.0,2.6532663316582923,15386,0
09/15/2026,14:14:21,774.88,796.0,2.6532663316582923,15387,0
09/15/2026,14:14:21,774.88,796.0,2.6532663316582923,15388,1
09/15/2026,14:14:21,774.88,796.0,2.6532663316582923,15389,0
09/15/2026,14:14:21,774.88,796.0,2.6532663316582923,15390,1
09/15/2026,14:14:21,774.88,796.0,2.6532663316582923,15391,0
09/15/2026,14:14:21,774.88,796.0,2.6532663316582923,15392,0
09/15/2026,14:14:21,774.88,796.0,2.6532663316582923,15393,0
09/15/2026,14:14:21,774.88,796.0,2.6532663316582923,15394,0
09/15/2026,14:14:21,774.88,796.0,2.6532663316582923,15395,2
09/15/2026,14:14:21,774.88,796.0,2.6532663316582923,15396,2
09/15/2026,14:14:21,774.88,796.0,2.6532663316582923,15397,0
09/15/2026,14:14:21,774.88,796.0,2.6532663316582923,15398,0
09/15/2026,14:14:21,774.88,796.0,2.6532663316582923,15399,0
09/15/2026,14:14:21,774.88,796.0,2.6532663316582923,15400,1
09/15/2026,14:14:21,774.88,796.0,2.6532663316582923,15401,0
09/15/2026,14:14:21,774.88,796.0,2.6532663316582923,15402,0
09/15/2026,14:14:21,774.88,796.0,2.6532663316582923,15403,1
09/15/2026,14:14:21,774.88,796.0,2.6532663316582923,15404,0
09/15/2026,14:14:21,774.88,796.0,2.6532663316582923,15405,0
09/15/2026,14:14:21,774.88,796.0,2.6532663316582923,15406,0
09/15/2026,14:14:21,774.88,796.0,2.6532663316582923,15407,1
09/15/2026,14:14:21,774.88,796.0,2.6532663316582923,15408,1
09/15/2026,14:14:21,774.88,796.0,2.6532663316582923,15409,0
09/15/2026,14:14:21,774.88,796.0,2.6532663316582923,15410,1
09/15/2026,14:14:21,774.88,796.0,2.6532663316582923,15411,3
09/15/2026,14:14:21,774.88,796.0,2.6532663316582923,15412,1
09/15/2026,14:14:21,774.88,796.0,2.6532663316582923,15413,0
09/15/2026,14:14:21,774.88,796.0,2.6532663316582923,15414,0
09/15/2026,14:14:21,774.88,796.0,2.6532663316582923,15415,0
09/15/2026,14:14:21,774.88,796.0,2.6532663316582923,15416,1
09/15/2026,14:14:21,774.88,796.0,2.6532663316582923,15417,0
09/15/2026,14:14:21,774.88,796.0,2.6532663316582923,15418,0
09/15/2026,14:14:21,774.88,796.0,2.6532663316582923,15419,0
09/15/2026,14:14:21,774.88,796.0,2.6532663316582923,15420,0
09/15/2026,14:14:21,774.88,796.0,2.6532663316582923,15421,1
09/15/2026,14:14:21,774.88,796.0,2.6532663316582923,15422,1
09/15/2026,14:14:21,774.88,796.0,2.6532663316582923,15423,0
09/15/2026,14:14:21,774.88,796.0,2.6532663316582923,15424,0
09/15/2026,14:14:21,774.88,796.0,2.6532663316582923,15425,1
09/15/2026,14:14:21,774.88,796.0,2.6532663316582923,15426,0
09/15/2026,14:14:21,774.88,796.0,2.6532663316582923,15427,2
09/15/2026,14:14:21,774.88,796.0,2.6532663316582923,15428,1
09/15/2026,14:14:21,774.88,796.0,2.6532663316582923,15429,0
09/15/2026,14:14:21,774.88,796.0,2.6532663316582923,15430,0
09/15/2026,14:14:21,774.88,796.0,2.6532663316582923,15431,0
09/15/2026,14:14:21,774.88,796.0,2.6532663316582923,15432,0
09/15/2026,14:14:21,774.88,796.0,2.6532663316582923,15433,0
09/15/2026,14:14:21,774.88,796.0,2.6532663316582923,15434,0
09/15/2026,14:14:21,774.88,796.0,2.6532663316582923,15435,2
09/15/2026,14:14:21,774.88,796.0,2.6532663316582923,15436,1
09/15/2026,14:14:21,774.88,796.0,2.6532663316582923,15437,0
09/15/2026,14:14:21,774.88,796.0,2.6532663316582923,15438,0
09/15/2026,14:14:21,774.88,796.0,2.6532663316582923,15439,0
09/15/2026,14:14:21,774.88,796.0,2.6532663316582923,15440,0
09/15/2026,14:14:21,774.88,796.0,2.6532663316582923,15441,1
09/15/2026,14:14:21,774.88,796.0,2.6532663316582923,15442,0
09/15/2026,14:14:21,774.88,796.0,2.6532663316582923,15443,0
09/15/2026,14:14:21,774.88,796.0,2.6532663316582923,15444,0
09/15/2026,14:14:21,774.88,796.0,2.6532663316582923,15445,0
09/15/2026,14:14:21,774.88,796.0,2.6532663316582923,15446,0
09/15/2026,14:14:21,774.88,796.0,2.6532663316582923,15447,1
09/15/2026,14:14:21,774.88,796.0,2.6532663316582923,15448,2
09/15/2026,14:14:21,774.88,796.0,2.6532663316582923,15449,1
09/15/2026,14:14:21,774.88,796.0,2.6532663316582923,15450,3
09/15/2026,14:14:21,774.88,796.0,2.6532663316582923,15451,0
09/15/2026,14:14:21,774.88,796.0,2.6532663316582923,15452,0
09/15/2026,14:14:21,774.88,796.0,2.6532663316582923,15453,0
09/15/2026,14:14:21,774.88,796.0,2.6532663316582923,15454,1
09/15/2026,14:14:21,774.88,796.0,2.6532663316582923,15455,0
09/15/2026,14:14:21,774.88,796.0,2.6532663316582923,15456,0
09/15/2026,14:14:21,774.88,796.0,2.6532663316582923,15457,0
09/15/2026,14:14:21,774.88,796.0,2.6532663316582923,15458,1
09/15/2026,14:14:21,774.88,796.0,2.6532663316582923,15459,0
09/15/2026,14:14:21,774.88,796.0,2.6532663316582923,15460,0
09/15/2026,14:14:21,774.88,796.0,2.6532663316582923,15461,0
09/15/2026,14:14:21,774.88,796.0,2.6532663316582923,15462,0
09/15/2026,14:14:21,774.88,796.0,2.6532663316582923,15463,2
09/15/2026,14:14:21,774.88,796.0,2.6532663316582923,15464,0
09/15/2026,14:14:21,774.88,796.0,2.6532663316582923,15465,0
09/15/2026,14:14:21,774.88,796.0,2.6532663316582923,15466,0
09/15/2026,14:14:21,774.88,796.0,2.6532663316582923,15467,0
09/15/2026,14:14:21,774.88,796.0,2.6532663316582923,15468,1
09/15/2026,14:14:21,774.88,796.0,2.6532663316582923,15469,0
09/15/2026,14:14:21,774.88,796.0,2.6532663316582923,15470,0
09/15/2026,14:14:21,774.88,796.0,2.6532663316582923,15471,0
09/15/2026,14:14:21,774.88,796.0,2.6532663316582923,15472,1
09/15/2026,14:14:21,774.88,796.0,2.6532663316582923,15473,0
09/15/2026,14:14:21,774.88,796.0,2.6532663316582923,15474,0
09/15/2026,14:14:21,774.88,796.0,2.6532663316582923,15475,0
09/15/2026,14:14:21,774.88,796.0,2.6532663316582923,15476,0
09/15/2026,14:14:21,774.88,796.0,2.6532663316582923,15477,1
09/15/2026,14:14:21,774.88,796.0,2.6532663316582923,15478,2
09/15/2026,14:14:21,774.88,796.0,2.6532663316582923,15479,0
09/15/2026,14:14:21,774.88,796.0,2.6532663316582923,15480,0
09/15/2026,14:14:21,774.88,796.0,2.6532663316582923,15481,1
09/15/2026,14:14:21,774.88,796.0,2.6532663316582923,15482,1
09/15/2026,14:14:21,774.88,796.0,2.6532663316582923,15483,0
09/15/2026,14:14:21,774.88,796.0,2.6532663316582923,15484,0
09/15/2026,14:14:21,774.88,796.0,2.6532663316582923,15485,1
09/15/2026,14:14:21,774.88,796.0,2.6532663316582923,15486,1
09/15/2026,14:14:21,774.88,796.0,2.6532663316582923,15487,0
09/15/2026,14:14:21,774.88,796.0,2.6532663316582923,15488,0
09/15/2026,14:14:21,774.88,796.0,2.6532663316582923,15489,0
09/15/2026,14:14:21,774.88,796.0,2.6532663316582923,15490,0
09/15/2026,14:14:21,774.88,796.0,2.6532663316582923,15491,0
09/15/2026,14:14:21,774.88,796.0,2.6532663316582923,15492,1
09/15/2026,14:14:21,774.88,796.0,2.6532663316582923,15493,0
09/15/2026,14:14:21,774.88,796.0,2.6532663316582923,15494,0
09/15/2026,14:14:21,774.88,796.0,2.6532663316582923,15495,0
09/15/2026,14:14:21,774.88,796.0,2.6532663316582923,15496,0
09/15/2026,14:14:21,774.88,796.0,2.6532663316582923,15497,1
09/15/2026,14:14:21,774.88,796.0,2.6532663316582923,15498,0
09/15/2026,14:14:21,774.88,796.0,2.6532663316582923,15499,1
09/15/2026,14:14:21,774.88,796.0,2.6532663316582923,15500,1
09/15/2026,14:14:21,774.88,796.0,2.6532663316582923,15501,0
09/15/2026,14:14:21,774.88,796.0,2.6532663316582923,15502,0
09/15/2026,14:14:21,774.88,796.0,2.6532663316582923,15503,0
09/15/2026,14:14:21,774.88,796.0,2.6532663316582923,15504,0
09/15/2026,14:14:21,774.88,796.0,2.6532663316582923,15505,1
09/15/2026,14:14:21,774.88,796.0,2.6532663316582923,15506,1
09/15/2026,14:14:21,774.88,796.0,2.6532663316582923,15507,1
09/15/2026,14:14:21,774.88,796.0,2.6532663316582923,15508,0
09/15/2026,14:14:21,774.88,796.0,2.6532663316582923,15509,3
09/15/2026,14:14:21,774.88,796.0,2.6532663316582923,15510,0
09/15/2026,14:14:21,774.88,796.0,2.6532663316582923,15511,0
09/15/2026,14:14:21,774.88,796.0,2.6532663316582923,15512,0
09/15/2026,14:14:21,774.88,796.0,2.6532663316582923,15513,0
09/15/2026,14:14:21,774.88,796.0,2.6532663316582923,15514,0
09/15/2026,14:14:21,774.88,796.0,2.6532663316582923,15515,0
09/15/2026,14:14:21,774.88,796.0,2.6532663316582923,15516,0
09/15/2026,14:14:21,774.88,796.0,2.6532663316582923,15517,0
09/15/2026,14:14:21,774.88,796.0,2.6532663316582923,15518,1
09/15/2026,14:14:21,774.88,796.0,2.6532663316582923,15519,0
09/15/2026,14:14:21,774.88,796.0,2.6532663316582923,15520,0
09/15/2026,14:14:21,774.88,796.0,2.6532663316582923,15521,0
09/15/2026,14:14:21,774.88,796.0,2.6532663316582923,15522,0
09/15/2026,14:14:21,774.88,796.0,2.6532663316582923,15523,2
09/15/2026,14:14:21,774.88,796.0,2.6532663316582923,15524,0
09/15/2026,14:14:21,774.88,796.0,2.6532663316582923,15525,0
09/15/2026,14:14:21,774.88,796.0,2.6532663316582923,15526,1
09/15/2026,14:14:21,774.88,796.0,2.6532663316582923,15527,1
09/15/2026,14:14:21,774.88,796.0,2.6532663316582923,15528,1
09/15/2026,14:14:21,774.88,796.0,2.6532663316582923,15529,0
09/15/2026,14:14:21,774.88,796.0,2.6532663316582923,15530,0
09/15/2026,14:14:21,774.88,796.0,2.6532663316582923,15531,1
09/15/2026,14:14:21,774.88,796.0,2.6532663316582923,15532,1
09/15/2026,14:14:21,774.88,796.0,2.6532663316582923,15533,0
09/15/2026,14:14:21,774.88,796.0,2.6532663316582923,15534,2
09/15/2026,14:14:21,774.88,796.0,2.6532663316582923,15535,0
09/15/2026,14:14:21,774.88,796.0,2.6532663316582923,15536,1
09/15/2026,14:14:21,774.88,796.0,2.6532663316582923,15537,1
09/15/2026,14:14:21,774.88,796.0,2.6532663316582923,15538,0
09/15/2026,14:14:21,774.88,796.0,2.6532663316582923,15539,1
09/15/2026,14:14:21,774.88,796.0,2.6532663316582923,15540,1
09/15/2026,14:14:21,774.88,796.0,2.6532663316582923,15541,0
09/15/2026,14:14:21,774.88,796.0,2.6532663316582923,15542,0
09/15/2026,14:14:21,774.88,796.0,2.6532663316582923,15543,2
09/15/2026,14:14:21,774.88,796.0,2.6532663316582923,15544,0
09/15/2026,14:14:21,774.88,796.0,2.6532663316582923,15545,0
09/15/2026,14:14:21,774.88,796.0,2.6532663316582923,15546,0
09/15/2026,14:14:21,774.88,796.0,2.6532663316582923,15547,0
09/15/2026,14:14:21,774.88,796.0,2.6532663316582923,15548,0
09/15/2026,14:14:21,774.88,796.0,2.6532663316582923,15549,0
09/15/2026,14:14:21,774.88,796.0,2.6532663316582923,15550,0
09/15/2026,14:14:21,774.88,796.0,2.6532663316582923,15551,0
09/15/2026,14:14:21,774.88,796.0,2.6532663316582923,15552,0
09/15/2026,14:14:21,774.88,796.0,2.6532663316582923,15553,0
09/15/2026,14:14:21,774.88,796.0,2.6532663316582923,15554,0
09/15/2026,14:14:21,774.88,796.0,2.6532663316582923,15555,1
09/15/2026,14:14:21,774.88,796.0,2.6532663316582923,15556,0
09/15/2026,14:14:21,774.88,796.0,2.6532663316582923,15557,0
09/15/2026,14:14:21,774.88,796.0,2.6532663316582923,15558,0
09/15/2026,14:14:21,774.88,796.0,2.6532663316582923,15559,1
09/15/2026,14:14:21,774.88,796.0,2.6532663316582923,15560,0
09/15/2026,14:14:21,774.88,796.0,2.6532663316582923,15561,1
09/15/2026,14:14:21,774.88,796.0,2.6532663316582923,15562,2
09/15/2026,14:14:21,774.88,796.0,2.6532663316582923,15563,2
09/15/2026,14:14:21,774.88,796.0,2.6532663316582923,15564,1
09/15/2026,14:14:21,774.88,796.0,2.6532663316582923,15565,0
09/15/2026,14:14:21,774.88,796.0,2.6532663316582923,15566,0
09/15/2026,14:14:21,774.88,796.0,2.6532663316582923,15567,0
09/15/2026,14:14:21,774.88,796.0,2.6532663316582923,15568,0
09/15/2026,14:14:21,774.88,796.0,2.6532663316582923,15569,0
09/15/2026,14:14:21,774.88,796.0,2.6532663316582923,15570,0
09/15/2026,14:14:21,774.88,796.0,2.6532663316582923,15571,0
09/15/2026,14:14:21,774.88,796.0,2.6532663316582923,15572,0
09/15/2026,14:14:21,774.88,796.0,2.6532663316582923,15573,0
09/15/2026,14:14:21,774.88,796.0,2.6532663316582923,15574,0
09/15/2026,14:14:21,774.88,796.0,2.6532663316582923,15575,0
09/15/2026,14:14:21,774.88,796.0,2.6532663316582923,15576,1
09/15/2026,14:14:21,774.88,796.0,2.6532663316582923,15577,0
09/15/2026,14:14:21,774.88,796.0,2.6532663316582923,15578,0
09/15/2026,14:14:21,774.88,796.0,2.6532663316582923,15579,0
09/15/2026,14:14:21,774.88,796.0,2.6532663316582923,15580,0
09/15/2026,14:14:21,774.88,796.0,2.6532663316582923,15581,0
09/15/2026,14:14:21,774.88,796.0,2.6532663316582923,15582,0
09/15/2026,14:14:21,774.88,796.0,2.6532663316582923,15583,0
09/15/2026,14:14:21,774.88,796.0,2.6532663316582923,15584,0
09/15/2026,14:14:21,774.88,796.0,2.6532663316582923,15585,0
09/15/2026,14:14:21,774.88,796.0,2.6532663316582923,15586,0
09/15/2026,14:14:21,774.88,796.0,2.6532663316582923,15587,0
09/15/2026,14:14:21,774.88,796.0,2.6532663316582923,15588,0
09/15/2026,14:14:21,774.88,796.0,2.6532663316582923,15589,1
09/15/2026,14:14:21,774.88,796.0,2.6532663316582923,15590,0
09/15/2026,14:14:21,774.88,796.0,2.6532663316582923,15591,0
09/15/2026,14:14:21,774.88,796.0,2.6532663316582923,15592,0
09/15/2026,14:14:21,774.88,796.0,2.6532663316582923,15593,0
09/15/2026,14:14:21,774.88,796.0,2.6532663316582923,15594,0
09/15/2026,14:14:21,774.88,796.0,2.6532663316582923,15595,2
09/15/2026,14:14:21,774.88,796.0,2.6532663316582923,15596,0
09/15/2026,14:14:21,774.88,796.0,2.6532663316582923,15597,0
09/15/2026,14:14:21,774.88,796.0,2.6532663316582923,15598,0
09/15/2026,14:14:21,774.88,796.0,2.6532663316582923,15599,1
09/15/2026,14:14:21,774.88,796.0,2.6532663316582923,15600,0
09/15/2026,14:14:21,774.88,796.0,2.6532663316582923,15601,0
09/15/2026,14:14:21,774.88,796.0,2.6532663316582923,15602,1
09/15/2026,14:14:21,774.88,796.0,2.6532663316582923,15603,0
09/15/2026,14:14:21,774.88,796.0,2.6532663316582923,15604,0
09/15/2026,14:14:21,774.88,796.0,2.6532663316582923,15605,1
09/15/2026,14:14:21,774.88,796.0,2.6532663316582923,15606,0
09/15/2026,14:14:21,774.88,796.0,2.6532663316582923,15607,0
09/15/2026,14:14:21,774.88,796.0,2.6532663316582923,15608,1
09/15/2026,14:14:21,774.88,796.0,2.6532663316582923,15609,1
09/15/2026,14:14:21,774.88,796.0,2.6532663316582923,15610,0
09/15/2026,14:14:21,774.88,796.0,2.6532663316582923,15611,1
09/15/2026,14:14:21,774.88,796.0,2.6532663316582923,15612,0
09/15/2026,14:14:21,774.88,796.0,2.6532663316582923,15613,0
09/15/2026,14:14:21,774.88,796.0,2.6532663316582923,15614,0
09/15/2026,14:14:21,774.88,796.0,2.6532663316582923,15615,0
09/15/2026,14:14:21,774.88,796.0,2.6532663316582923,15616,0
09/15/2026,14:14:21,774.88,796.0,2.6532663316582923,15617,1
09/15/2026,14:14:21,774.88,796.0,2.6532663316582923,15618,3
09/15/2026,14:14:21,774.88,796.0,2.6532663316582923,15619,1
09/15/2026,14:14:21,774.88,796.0,2.6532663316582923,15620,0
09/15/2026,14:14:21,774.88,796.0,2.6532663316582923,15621,0
09/15/2026,14:14:21,774.88,796.0,2.6532663316582923,15622,0
09/15/2026,14:14:21,774.88,796.0,2.6532663316582923,15623,1
09/15/2026,14:14:21,774.88,796.0,2.6532663316582923,15624,0
09/15/2026,14:14:21,774.88,796.0,2.6532663316582923,15625,0
09/15/2026,14:14:21,774.88,796.0,2.6532663316582923,15626,0
09/15/2026,14:14:21,774.88,796.0,2.6532663316582923,15627,1
09/15/2026,14:14:21,774.88,796.0,2.6532663316582923,15628,1
09/15/2026,14:14:21,774.88,796.0,2.6532663316582923,15629,0
09/15/2026,14:14:21,774.88,796.0,2.6532663316582923,15630,1
09/15/2026,14:14:21,774.88,796.0,2.6532663316582923,15631,0
09/15/2026,14:14:21,774.88,796.0,2.6532663316582923,15632,0
09/15/2026,14:14:21,774.88,796.0,2.6532663316582923,15633,1
09/15/2026,14:14:21,774.88,796.0,2.6532663316582923,15634,1
09/15/2026,14:14:21,774.88,796.0,2.6532663316582923,15635,1
09/15/2026,14:14:21,774.88,796.0,2.6532663316582923,15636,0
09/15/2026,14:14:21,774.88,796.0,2.6532663316582923,15637,0
09/15/2026,14:14:21,774.88,796.0,2.6532663316582923,15638,0
09/15/2026,14:14:21,774.88,796.0,2.6532663316582923,15639,0
09/15/2026,14:14:21,774.88,796.0,2.6532663316582923,15640,0
09/15/2026,14:14:21,774.88,796.0,2.6532663316582923,15641,1
09/15/2026,14:14:21,774.88,796.0,2.6532663316582923,15642,0
09/15/2026,14:14:21,774.88,796.0,2.6532663316582923,15643,0
09/15/2026,14:14:21,774.88,796.0,2.6532663316582923,15644,0
09/15/2026,14:14:21,774.88,796.0,2.6532663316582923,15645,0
09/15/2026,14:14:21,774.88,796.0,2.6532663316582923,15646,1
09/15/2026,14:14:21,774.88,796.0,2.6532663316582923,15647,0
09/15/2026,14:14:21,774.88,796.0,2.6532663316582923,15648,0
09/15/2026,14:14:21,774.88,796.0,2.6532663316582923,15649,1
09/15/2026,14:14:21,774.88,796.0,2.6532663316582923,15650,0
09/15/2026,14:14:21,774.88,796.0,2.6532663316582923,15651,0
09/15/2026,14:14:21,774.88,796.0,2.6532663316582923,15652,1
09/15/2026,14:14:21,774.88,796.0,2.6532663316582923,15653,0
09/15/2026,14:14:21,774.88,796.0,2.6532663316582923,15654,0
09/15/2026,14:14:21,774.88,796.0,2.6532663316582923,15655,0
09/15/2026,14:14:21,774.88,796.0,2.6532663316582923,15656,0
09/15/2026,14:14:21,774.88,796.0,2.6532663316582923,15657,0
09/15/2026,14:14:21,774.88,796.0,2.6532663316582923,15658,0
09/15/2026,14:14:21,774.88,796.0,2.6532663316582923,15659,0
09/15/2026,14:14:21,774.88,796.0,2.6532663316582923,15660,0
09/15/2026,14:14:21,774.88,796.0,2.6532663316582923,15661,0
09/15/2026,14:14:21,774.88,796.0,2.6532663316582923,15662,1
09/15/2026,14:14:21,774.88,796.0,2.6532663316582923,15663,0
09/15/2026,14:14:21,774.88,796.0,2.6532663316582923,15664,0
09/15/2026,14:14:21,774.88,796.0,2.6532663316582923,15665,1
09/15/2026,14:14:21,774.88,796.0,2.6532663316582923,15666,0
09/15/2026,14:14:21,774.88,796.0,2.6532663316582923,15667,0
09/15/2026,14:14:21,774.88,796.0,2.6532663316582923,15668,0
09/15/2026,14:14:21,774.88,796.0,2.6532663316582923,15669,0
09/15/2026,14:14:21,774.88,796.0,2.6532663316582923,15670,0
09/15/2026,14:14:21,774.88,796.0,2.6532663316582923,15671,0
09/15/2026,14:14:21,774.88,796.0,2.6532663316582923,15672,0
09/15/2026,14:14:21,774.88,796.0,2.6532663316582923,15673,1
09/15/2026,14:14:21,774.88,796.0,2.6532663316582923,15674,0
09/15/2026,14:14:21,774.88,796.0,2.6532663316582923,15675,0
09/15/2026,14:14:21,774.88,796.0,2.6532663316582923,15676,0
09/15/2026,14:14:21,774.88,796.0,2.6532663316582923,15677,0
09/15/2026,14:14:21,774.88,796.0,2.6532663316582923,15678,0
09/15/2026,14:14:21,774.88,796.0,2.6532663316582923,15679,1
09/15/2026,14:14:21,774.88,796.0,2.6532663316582923,15680,0
09/15/2026,14:14:21,774.88,796.0,2.6532663316582923,15681,0
09/15/2026,14:14:21,774.88,796.0,2.6532663316582923,15682,2
09/15/2026,14:14:21,774.88,796.0,2.6532663316582923,15683,0
09/15/2026,14:14:21,774.88,796.0,2.6532663316582923,15684,1
09/15/2026,14:14:21,774.88,796.0,2.6532663316582923,15685,0
09/15/2026,14:14:21,774.88,796.0,2.6532663316582923,15686,0
09/15/2026,14:14:21,774.88,796.0,2.6532663316582923,15687,0
09/15/2026,14:14:21,774.88,796.0,2.6532663316582923,15688,1
09/15/2026,14:14:21,774.88,796.0,2.6532663316582923,15689,0
09/15/2026,14:14:21,774.88,796.0,2.6532663316582923,15690,0
09/15/2026,14:14:21,774.88,796.0,2.6532663316582923,15691,0
09/15/2026,14:14:21,774.88,796.0,2.6532663316582923,15692,0
09/15/2026,14:14:21,774.88,796.0,2.6532663316582923,15693,1
09/15/2026,14:14:21,774.88,796.0,2.6532663316582923,15694,0
09/15/2026,14:14:21,774.88,796.0,2.6532663316582923,15695,0
09/15/2026,14:14:21,774.88,796.0,2.6532663316582923,15696,1
09/15/2026,14:14:21,774.88,796.0,2.6532663316582923,15697,1
09/15/2026,14:14:21,774.88,796.0,2.6532663316582923,15698,0
09/15/2026,14:14:21,774.88,796.0,2.6532663316582923,15699,0
09/15/2026,14:14:21,774.88,796.0,2.6532663316582923,15700,0
09/15/2026,14:14:21,774.88,796.0,2.6532663316582923,15701,2
09/15/2026,14:14:21,774.88,796.0,2.6532663316582923,15702,0
09/15/2026,14:14:21,774.88,796.0,2.6532663316582923,15703,1
09/15/2026,14:14:21,774.88,796.0,2.6532663316582923,15704,0
09/15/2026,14:14:21,774.88,796.0,2.6532663316582923,15705,0
09/15/2026,14:14:21,774.88,796.0,2.6532663316582923,15706,0
09/15/2026,14:14:21,774.88,796.0,2.6532663316582923,15707,1
09/15/2026,14:14:21,774.88,796.0,2.6532663316582923,15708,0
09/15/2026,14:14:21,774.88,796.0,2.6532663316582923,15709,1
09/15/2026,14:14:21,774.88,796.0,2.6532663316582923,15710,0
09/15/2026,14:14:21,774.88,796.0,2.6532663316582923,15711,0
09/15/2026,14:14:21,774.88,796.0,2.6532663316582923,15712,1
09/15/2026,14:14:21,774.88,796.0,2.6532663316582923,15713,0
09/15/2026,14:14:21,774.88,796.0,2.6532663316582923,15714,0
09/15/2026,14:14:21,774.88,796.0,2.6532663316582923,15715,1
09/15/2026,14:14:21,774.88,796.0,2.6532663316582923,15716,1
09/15/2026,14:14:21,774.88,796.0,2.6532663316582923,15717,0
09/15/2026,14:14:21,774.88,796.0,2.6532663316582923,15718,0
09/15/2026,14:14:21,774.88,796.0,2.6532663316582923,15719,1
09/15/2026,14:14:21,774.88,796.0,2.6532663316582923,15720,0
09/15/2026,14:14:21,774.88,796.0,2.6532663316582923,15721,0
09/15/2026,14:14:21,774.88,796.0,2.6532663316582923,15722,0
09/15/2026,14:14:21,774.88,796.0,2.6532663316582923,15723,2
09/15/2026,14:14:21,774.88,796.0,2.6532663316582923,15724,0
09/15/2026,14:14:21,774.88,796.0,2.6532663316582923,15725,0
09/15/2026,14:14:21,774.88,796.0,2.6532663316582923,15726,0
09/15/2026,14:14:21,774.88,796.0,2.6532663316582923,15727,0
09/15/2026,14:14:21,774.88,796.0,2.6532663316582923,15728,0
09/15/2026,14:14:21,774.88,796.0,2.6532663316582923,15729,0
09/15/2026,14:14:21,774.88,796.0,2.6532663316582923,15730,2
09/15/2026,14:14:21,774.88,796.0,2.6532663316582923,15731,0
09/15/2026,14:14:21,774.88,796.0,2.6532663316582923,15732,0
09/15/2026,14:14:21,774.88,796.0,2.6532663316582923,15733,2
09/15/2026,14:14:21,774.88,796.0,2.6532663316582923,15734,0
09/15/2026,14:14:21,774.88,796.0,2.6532663316582923,15735,0
09/15/2026,14:14:21,774.88,796.0,2.6532663316582923,15736,0
09/15/2026,14:14:21,774.88,796.0,2.6532663316582923,15737,1
09/15/2026,14:14:21,774.88,796.0,2.6532663316582923,15738,0
09/15/2026,14:14:21,774.88,796.0,2.6532663316582923,15739,1
09/15/2026,14:14:21,774.88,796.0,2.6532663316582923,15740,0
09/15/2026,14:14:21,774.88,796.0,2.6532663316582923,15741,0
09/15/2026,14:14:21,774.88,796.0,2.6532663316582923,15742,0
09/15/2026,14:14:21,774.88,796.0,2.6532663316582923,15743,0
09/15/2026,14:14:21,774.88,796.0,2.6532663316582923,15744,1
09/15/2026,14:14:21,774.88,796.0,2.6532663316582923,15745,0
09/15/2026,14:14:21,774.88,796.0,2.6532663316582923,15746,1
09/15/2026,14:14:21,774.88,796.0,2.6532663316582923,15747,0
09/15/2026,14:14:21,774.88,796.0,2.6532663316582923,15748,0
09/15/2026,14:14:21,774.88,796.0,2.6532663316582923,15749,0
09/15/2026,14:14:21,774.88,796.0,2.6532663316582923,15750,0
09/15/2026,14:14:21,774.88,796.0,2.6532663316582923,15751,1
09/15/2026,14:14:21,774.88,796.0,2.6532663316582923,15752,0
09/15/2026,14:14:21,774.88,796.0,2.6532663316582923,15753,0
09/15/2026,14:14:21,774.88,796.0,2.6532663316582923,15754,0
09/15/2026,14:14:21,774.88,796.0,2.6532663316582923,15755,0
09/15/2026,14:14:21,774.88,796.0,2.6532663316582923,15756,0
09/15/2026,14:14:21,774.88,796.0,2.6532663316582923,15757,0
09/15/2026,14:14:21,774.88,796.0,2.6532663316582923,15758,0
09/15/2026,14:14:21,774.88,796.0,2.6532663316582923,15759,0
09/15/2026,14:14:21,774.88,796.0,2.6532663316582923,15760,0
09/15/2026,14:14:21,774.88,796.0,2.6532663316582923,15761,0
09/15/2026,14:14:21,774.88,796.0,2.6532663316582923,15762,0
09/15/2026,14:14:21,774.88,796.0,2.6532663316582923,15763,2
09/15/2026,14:14:21,774.88,796.0,2.6532663316582923,15764,0
09/15/2026,14:14:21,774.88,796.0,2.6532663316582923,15765,0
09/15/2026,14:14:21,774.88,796.0,2.6532663316582923,15766,0
09/15/2026,14:14:21,774.88,796.0,2.6532663316582923,15767,0
09/15/2026,14:14:21,774.88,796.0,2.6532663316582923,15768,0
09/15/2026,14:14:21,774.88,796.0,2.6532663316582923,15769,0
09/15/2026,14:14:21,774.88,796.0,2.6532663316582923,15770,0
09/15/2026,14:14:21,774.88,796.0,2.6532663316582923,15771,0
09/15/2026,14:14:21,774.88,796.0,2.6532663316582923,15772,0
09/15/2026,14:14:21,774.88,796.0,2.6532663316582923,15773,0
09/15/2026,14:14:21,774.88,796.0,2.6532663316582923,15774,0
09/15/2026,14:14:21,774.88,796.0,2.6532663316582923,15775,1
09/15/2026,14:14:21,774.88,796.0,2.6532663316582923,15776,0
09/15/2026,14:14:21,774.88,796.0,2.6532663316582923,15777,0
09/15/2026,14:14:21,774.88,796.0,2.6532663316582923,15778,0
09/15/2026,14:14:21,774.88,796.0,2.6532663316582923,15779,0
09/15/2026,14:14:21,774.88,796.0,2.6532663316582923,15780,0
09/15/2026,14:14:21,774.88,796.0,2.6532663316582923,15781,1
09/15/2026,14:14:21,774.88,796.0,2.6532663316582923,15782,0
09/15/2026,14:14:21,774.88,796.0,2.6532663316582923,15783,0
09/15/2026,14:14:21,774.88,796.0,2.6532663316582923,15784,0
09/15/2026,14:14:21,774.88,796.0,2.6532663316582923,15785,0
09/15/2026,14:14:21,774.88,796.0,2.6532663316582923,15786,0
09/15/2026,14:14:21,774.88,796.0,2.6532663316582923,15787,0
09/15/2026,14:14:21,774.88,796.0,2.6532663316582923,15788,1
09/15/2026,14:14:21,774.88,796.0,2.6532663316582923,15789,0
09/15/2026,14:14:21,774.88,796.0,2.6532663316582923,15790,0
09/15/2026,14:14:21,774.88,796.0,2.6532663316582923,15791,0
09/15/2026,14:14:21,774.88,796.0,2.6532663316582923,15792,0
09/15/2026,14:14:21,774.88,796.0,2.6532663316582923,15793,1
09/15/2026,14:14:21,774.88,796.0,2.6532663316582923,15794,0
09/15/2026,14:14:21,774.88,796.0,2.6532663316582923,15795,0
09/15/2026,14:14:21,774.88,796.0,2.6532663316582923,15796,0
09/15/2026,14:14:21,774.88,796.0,2.6532663316582923,15797,0
09/15/2026,14:14:21,774.88,796.0,2.6532663316582923,15798,0
09/15/2026,14:14:21,774.88,796.0,2.6532663316582923,15799,1
09/15/2026,14:14:21,774.88,796.0,2.6532663316582923,15800,1
09/15/2026,14:14:21,774.88,796.0,2.6532663316582923,15801,1
09/15/2026,14:14:21,774.88,796.0,2.6532663316582923,15802,1
09/15/2026,14:14:21,774.88,796.0,2.6532663316582923,15803,0
09/15/2026,14:14:21,774.88,796.0,2.6532663316582923,15804,0
09/15/2026,14:14:21,774.88,796.0,2.6532663316582923,15805,1
09/15/2026,14:14:21,774.88,796.0,2.6532663316582923,15806,0
09/15/2026,14:14:21,774.88,796.0,2.6532663316582923,15807,0
09/15/2026,14:14:21,774.88,796.0,2.6532663316582923,15808,0
09/15/2026,14:14:21,774.88,796.0,2.6532663316582923,15809,0
09/15/2026,14:14:21,774.88,796.0,2.6532663316582923,15810,0
09/15/2026,14:14:21,774.88,796.0,2.6532663316582923,15811,0
09/15/2026,14:14:21,774.88,796.0,2.6532663316582923,15812,0
09/15/2026,14:14:21,774.88,796.0,2.6532663316582923,15813,0
09/15/2026,14:14:21,774.88,796.0,2.6532663316582923,15814,0
09/15/2026,14:14:21,774.88,796.0,2.6532663316582923,15815,1
09/15/2026,14:14:21,774.88,796.0,2.6532663316582923,15816,0
09/15/2026,14:14:21,774.88,796.0,2.6532663316582923,15817,0
09/15/2026,14:14:21,774.88,796.0,2.6532663316582923,15818,0
09/15/2026,14:14:21,774.88,796.0,2.6532663316582923,15819,0
09/15/2026,14:14:21,774.88,796.0,2.6532663316582923,15820,1
09/15/2026,14:14:21,774.88,796.0,2.6532663316582923,15821,0
09/15/2026,14:14:21,774.88,796.0,2.6532663316582923,15822,0
09/15/2026,14:14:21,774.88,796.0,2.6532663316582923,15823,0
09/15/2026,14:14:21,774.88,796.0,2.6532663316582923,15824,1
09/15/2026,14:14:21,774.88,796.0,2.6532663316582923,15825,1
09/15/2026,14:14:21,774.88,796.0,2.6532663316582923,15826,3
09/15/2026,14:14:21,774.88,796.0,2.6532663316582923,15827,0
09/15/2026,14:14:21,774.88,796.0,2.6532663316582923,15828,1
09/15/2026,14:14:21,774.88,796.0,2.6532663316582923,15829,0
09/15/2026,14:14:21,774.88,796.0,2.6532663316582923,15830,0
09/15/2026,14:14:21,774.88,796.0,2.6532663316582923,15831,0
09/15/2026,14:14:21,774.88,796.0,2.6532663316582923,15832,0
09/15/2026,14:14:21,774.88,796.0,2.6532663316582923,15833,0
09/15/2026,14:14:21,774.88,796.0,2.6532663316582923,15834,0
09/15/2026,14:14:21,774.88,796.0,2.6532663316582923,15835,0
09/15/2026,14:14:21,774.88,796.0,2.6532663316582923,15836,0
09/15/2026,14:14:21,774.88,796.0,2.6532663316582923,15837,0
09/15/2026,14:14:21,774.88,796.0,2.6532663316582923,15838,1
09/15/2026,14:14:21,774.88,796.0,2.6532663316582923,15839,0
09/15/2026,14:14:21,774.88,796.0,2.6532663316582923,15840,0
09/15/2026,14:14:21,774.88,796.0,2.6532663316582923,15841,0
09/15/2026,14:14:21,774.88,796.0,2.6532663316582923,15842,0
09/15/2026,14:14:21,774.88,796.0,2.6532663316582923,15843,1
09/15/2026,14:14:21,774.88,796.0,2.6532663316582923,15844,0
09/15/2026,14:14:21,774.88,796.0,2.6532663316582923,15845,0
09/15/2026,14:14:21,774.88,796.0,2.6532663316582923,15846,0
09/15/2026,14:14:21,774.88,796.0,2.6532663316582923,15847,0
09/15/2026,14:14:21,774.88,796.0,2.6532663316582923,15848,1
09/15/2026,14:14:21,774.88,796.0,2.6532663316582923,15849,0
09/15/2026,14:14:21,774.88,796.0,2.6532663316582923,15850,3
09/15/2026,14:14:21,774.88,796.0,2.6532663316582923,15851,0
09/15/2026,14:14:21,774.88,796.0,2.6532663316582923,15852,0
09/15/2026,14:14:21,774.88,796.0,2.6532663316582923,15853,0
09/15/2026,14:14:21,774.88,796.0,2.6532663316582923,15854,0
09/15/2026,14:14:21,774.88,796.0,2.6532663316582923,15855,0
09/15/2026,14:14:21,774.88,796.0,2.6532663316582923,15856,0
09/15/2026,14:14:21,774.88,796.0,2.6532663316582923,15857,0
09/15/2026,14:14:21,774.88,796.0,2.6532663316582923,15858,0
09/15/2026,14:14:21,774.88,796.0,2.6532663316582923,15859,0
09/15/2026,14:14:21,774.88,796.0,2.6532663316582923,15860,0
09/15/2026,14:14:21,774.88,796.0,2.6532663316582923,15861,1
09/15/2026,14:14:21,774.88,796.0,2.6532663316582923,15862,0
09/15/2026,14:14:21,774.88,796.0,2.6532663316582923,15863,0
09/15/2026,14:14:21,774.88,796.0,2.6532663316582923,15864,1
09/15/2026,14:14:21,774.88,796.0,2.6532663316582923,15865,1
09/15/2026,14:14:21,774.88,796.0,2.6532663316582923,15866,1
09/15/2026,14:14:21,774.88,796.0,2.6532663316582923,15867,0
09/15/2026,14:14:21,774.88,796.0,2.6532663316582923,15868,1
09/15/2026,14:14:21,774.88,796.0,2.6532663316582923,15869,0
09/15/2026,14:14:21,774.88,796.0,2.6532663316582923,15870,0
09/15/2026,14:14:21,774.88,796.0,2.6532663316582923,15871,0
09/15/2026,14:14:21,774.88,796.0,2.6532663316582923,15872,0
09/15/2026,14:14:21,774.88,796.0,2.6532663316582923,15873,0
09/15/2026,14:14:21,774.88,796.0,2.6532663316582923,15874,1
09/15/2026,14:14:21,774.88,796.0,2.6532663316582923,15875,0
09/15/2026,14:14:21,774.88,796.0,2.6532663316582923,15876,1
09/15/2026,14:14:21,774.88,796.0,2.6532663316582923,15877,0
09/15/2026,14:14:21,774.88,796.0,2.6532663316582923,15878,0
09/15/2026,14:14:21,774.88,796.0,2.6532663316582923,15879,0
09/15/2026,14:14:21,774.88,796.0,2.6532663316582923,15880,0
09/15/2026,14:14:21,774.88,796.0,2.6532663316582923,15881,1
09/15/2026,14:14:21,774.88,796.0,2.6532663316582923,15882,0
09/15/2026,14:14:21,774.88,796.0,2.6532663316582923,15883,0
09/15/2026,14:14:21,774.88,796.0,2.6532663316582923,15884,0
09/15/2026,14:14:21,774.88,796.0,2.6532663316582923,15885,0
09/15/2026,14:14:21,774.88,796.0,2.6532663316582923,15886,0
09/15/2026,14:14:21,774.88,796.0,2.6532663316582923,15887,1
09/15/2026,14:14:21,774.88,796.0,2.6532663316582923,15888,0
09/15/2026,14:14:21,774.88,796.0,2.6532663316582923,15889,0
09/15/2026,14:14:21,774.88,796.0,2.6532663316582923,15890,0
09/15/2026,14:14:21,774.88,796.0,2.6532663316582923,15891,1
09/15/2026,14:14:21,774.88,796.0,2.6532663316582923,15892,0
09/15/2026,14:14:21,774.88,796.0,2.6532663316582923,15893,0
09/15/2026,14:14:21,774.88,796.0,2.6532663316582923,15894,1
09/15/2026,14:14:21,774.88,796.0,2.6532663316582923,15895,0
09/15/2026,14:14:21,774.88,796.0,2.6532663316582923,15896,0
09/15/2026,14:14:21,774.88,796.0,2.6532663316582923,15897,1
09/15/2026,14:14:21,774.88,796.0,2.6532663316582923,15898,0
09/15/2026,14:14:21,774.88,796.0,2.6532663316582923,15899,0
09/15/2026,14:14:21,774.88,796.0,2.6532663316582923,15900,0
09/15/2026,14:14:21,774.88,796.0,2.6532663316582923,15901,0
09/15/2026,14:14:21,774.88,796.0,2.6532663316582923,15902,0
09/15/2026,14:14:21,774.88,796.0,2.6532663316582923,15903,0
09/15/2026,14:14:21,774.88,796.0,2.6532663316582923,15904,1
09/15/2026,14:14:21,774.88,796.0,2.6532663316582923,15905,0
09/15/2026,14:14:21,774.88,796.0,2.6532663316582923,15906,0
09/15/2026,14:14:21,774.88,796.0,2.6532663316582923,15907,1
09/15/2026,14:14:21,774.88,796.0,2.6532663316582923,15908,0
09/15/2026,14:14:21,774.88,796.0,2.6532663316582923,15909,0
09/15/2026,14:14:21,774.88,796.0,2.6532663316582923,15910,0
09/15/2026,14:14:21,774.88,796.0,2.6532663316582923,15911,0
09/15/2026,14:14:21,774.88,796.0,2.6532663316582923,15912,0
09/15/2026,14:14:21,774.88,796.0,2.6532663316582923,15913,0
09/15/2026,14:14:21,774.88,796.0,2.6532663316582923,15914,0
09/15/2026,14:14:21,774.88,796.0,2.6532663316582923,15915,1
09/15/2026,14:14:21,774.88,796.0,2.6532663316582923,15916,0
09/15/2026,14:14:21,774.88,796.0,2.6532663316582923,15917,0
09/15/2026,14:14:21,774.88,796.0,2.6532663316582923,15918,0
09/15/2026,14:14:21,774.88,796.0,2.6532663316582923,15919,0
09/15/2026,14:14:21,774.88,796.0,2.6532663316582923,15920,0
09/15/2026,14:14:21,774.88,796.0,2.6532663316582923,15921,0
09/15/2026,14:14:21,774.88,796.0,2.6532663316582923,15922,0
09/15/2026,14:14:21,774.88,796.0,2.6532663316582923,15923,1
09/15/2026,14:14:21,774.88,796.0,2.6532663316582923,15924,1
09/15/2026,14:14:21,774.88,796.0,2.6532663316582923,15925,1
09/15/2026,14:14:21,774.88,796.0,2.6532663316582923,15926,0
09/15/2026,14:14:21,774.88,796.0,2.6532663316582923,15927,0
09/15/2026,14:14:21,774.88,796.0,2.6532663316582923,15928,0
09/15/2026,14:14:21,774.88,796.0,2.6532663316582923,15929,1
09/15/2026,14:14:21,774.88,796.0,2.6532663316582923,15930,0
09/15/2026,14:14:21,774.88,796.0,2.6532663316582923,15931,0
09/15/2026,14:14:21,774.88,796.0,2.6532663316582923,15932,0
09/15/2026,14:14:21,774.88,796.0,2.6532663316582923,15933,0
09/15/2026,14:14:21,774.88,796.0,2.6532663316582923,15934,0
09/15/2026,14:14:21,774.88,796.0,2.6532663316582923,15935,0
09/15/2026,14:14:21,774.88,796.0,2.6532663316582923,15936,0
09/15/2026,14:14:21,774.88,796.0,2.6532663316582923,15937,0
09/15/2026,14:14:21,774.88,796.0,2.6532663316582923,15938,0
09/15/2026,14:14:21,774.88,796.0,2.6532663316582923,15939,0
09/15/2026,14:14:21,774.88,796.0,2.6532663316582923,15940,0
09/15/2026,14:14:21,774.88,796.0,2.6532663316582923,15941,0
09/15/2026,14:14:21,774.88,796.0,2.6532663316582923,15942,0
09/15/2026,14:14:21,774.88,796.0,2.6532663316582923,15943,0
09/15/2026,14:14:21,774.88,796.0,2.6532663316582923,15944,0
09/15/2026,14:14:21,774.88,796.0,2.6532663316582923,15945,0
09/15/2026,14:14:21,774.88,796.0,2.6532663316582923,15946,0
09/15/2026,14:14:21,774.88,796.0,2.6532663316582923,15947,0
09/15/2026,14:14:21,774.88,796.0,2.6532663316582923,15948,0
09/15/2026,14:14:21,774.88,796.0,2.6532663316582923,15949,1
09/15/2026,14:14:21,774.88,796.0,2.6532663316582923,15950,1
09/15/2026,14:14:21,774.88,796.0,2.6532663316582923,15951,1
09/15/2026,14:14:21,774.88,796.0,2.6532663316582923,15952,1
09/15/2026,14:14:21,774.88,796.0,2.6532663316582923,15953,1
09/15/2026,14:14:21,774.88,796.0,2.6532663316582923,15954,0
09/15/2026,14:14:21,774.88,796.0,2.6532663316582923,15955,0
09/15/2026,14:14:21,774.88,796.0,2.6532663316582923,15956,0
09/15/2026,14:14:21,774.88,796.0,2.6532663316582923,15957,0
09/15/2026,14:14:21,774.88,796.0,2.6532663316582923,15958,0
09/15/2026,14:14:21,774.88,796.0,2.6532663316582923,15959,0
09/15/2026,14:14:21,774.88,796.0,2.6532663316582923,15960,0
09/15/2026,14:14:21,774.88,796.0,2.6532663316582923,15961,0
09/15/2026,14:14:21,774.88,796.0,2.6532663316582923,15962,0
09/15/2026,14:14:21,774.88,796.0,2.6532663316582923,15963,1
09/15/2026,14:14:21,774.88,796.0,2.6532663316582923,15964,0
09/15/2026,14:14:21,774.88,796.0,2.6532663316582923,15965,0
09/15/2026,14:14:21,774.88,796.0,2.6532663316582923,15966,0
09/15/2026,14:14:21,774.88,796.0,2.6532663316582923,15967,0
09/15/2026,14:14:21,774.88,796.0,2.6532663316582923,15968,0
09/15/2026,14:14:21,774.88,796.0,2.6532663316582923,15969,0
09/15/2026,14:14:21,774.88,796.0,2.6532663316582923,15970,1
09/15/2026,14:14:21,774.88,796.0,2.6532663316582923,15971,0
09/15/2026,14:14:21,774.88,796.0,2.6532663316582923,15972,0
09/15/2026,14:14:21,774.88,796.0,2.6532663316582923,15973,0
09/15/2026,14:14:21,774.88,796.0,2.6532663316582923,15974,0
09/15/2026,14:14:21,774.88,796.0,2.6532663316582923,15975,0
09/15/2026,14:14:21,774.88,796.0,2.6532663316582923,15976,0
09/15/2026,14:14:21,774.88,796.0,2.6532663316582923,15977,0
09/15/2026,14:14:21,774.88,796.0,2.6532663316582923,15978,1
09/15/2026,14:14:21,774.88,796.0,2.6532663316582923,15979,0
09/15/2026,14:14:21,774.88,796.0,2.6532663316582923,15980,1
09/15/2026,14:14:21,774.88,796.0,2.6532663316582923,15981,1
09/15/2026,14:14:21,774.88,796.0,2.6532663316582923,15982,0
09/15/2026,14:14:21,774.88,796.0,2.6532663316582923,15983,1
09/15/2026,14:14:21,774.88,796.0,2.6532663316582923,15984,0
09/15/2026,14:14:21,774.88,796.0,2.6532663316582923,15985,0
09/15/2026,14:14:21,774.88,796.0,2.6532663316582923,15986,0
09/15/2026,14:14:21,774.88,796.0,2.6532663316582923,15987,1
09/15/2026,14:14:21,774.88,796.0,2.6532663316582923,15988,0
09/15/2026,14:14:21,774.88,796.0,2.6532663316582923,15989,0
09/15/2026,14:14:21,774.88,796.0,2.6532663316582923,15990,0
09/15/2026,14:14:21,774.88,796.0,2.6532663316582923,15991,0
09/15/2026,14:14:21,774.88,796.0,2.6532663316582923,15992,0
09/15/2026,14:14:21,774.88,796.0,2.6532663316582923,15993,0
09/15/2026,14:14:21,774.88,796.0,2.6532663316582923,15994,0
09/15/2026,14:14:21,774.88,796.0,2.6532663316582923,15995,0
09/15/2026,14:14:21,774.88,796.0,2.6532663316582923,15996,0
09/15/2026,14:14:21,774.88,796.0,2.6532663316582923,15997,0
09/15/2026,14:14:21,774.88,796.0,2.6532663316582923,15998,2
09/15/2026,14:14:21,774.88,796.0,2.6532663316582923,15999,0
09/15/2026,14:14:21,774.88,796.0,2.6532663316582923,16000,0
09/15/2026,14:14:21,774.88,796.0,2.6532663316582923,16001,0
09/15/2026,14:14:21,774.88,796.0,2.6532663316582923,16002,0
09/15/2026,14:14:21,774.88,796.0,2.6532663316582923,16003,0
09/15/2026,14:14:21,774.88,796.0,2.6532663316582923,16004,0
09/15/2026,14:14:21,774.88,796.0,2.6532663316582923,16005,0
09/15/2026,14:14:21,774.88,796.0,2.6532663316582923,16006,0
09/15/2026,14:14:21,774.88,796.0,2.6532663316582923,16007,0
09/15/2026,14:14:21,774.88,796.0,2.6532663316582923,16008,1
09/15/2026,14:14:21,774.88,796.0,2.6532663316582923,16009,0
09/15/2026,14:14:21,774.88,796.0,2.6532663316582923,16010,0
09/15/2026,14:14:21,774.88,796.0,2.6532663316582923,16011,0
09/15/2026,14:14:21,774.88,796.0,2.6532663316582923,16012,1
09/15/2026,14:14:21,774.88,796.0,2.6532663316582923,16013,2
09/15/2026,14:14:21,774.88,796.0,2.6532663316582923,16014,0
09/15/2026,14:14:21,774.88,796.0,2.6532663316582923,16015,0
09/15/2026,14:14:21,774.88,796.0,2.6532663316582923,16016,0
09/15/2026,14:14:21,774.88,796.0,2.6532663316582923,16017,1
09/15/2026,14:14:21,774.88,796.0,2.6532663316582923,16018,0
09/15/2026,14:14:21,774.88,796.0,2.6532663316582923,16019,0
09/15/2026,14:14:21,774.88,796.0,2.6532663316582923,16020,0
09/15/2026,14:14:21,774.88,796.0,2.6532663316582923,16021,0
09/15/2026,14:14:21,774.88,796.0,2.6532663316582923,16022,0
09/15/2026,14:14:21,774.88,796.0,2.6532663316582923,16023,0
09/15/2026,14:14:21,774.88,796.0,2.6532663316582923,16024,0
09/15/2026,14:14:21,774.88,796.0,2.6532663316582923,16025,1
09/15/2026,14:14:21,774.88,796.0,2.6532663316582923,16026,0
09/15/2026,14:14:21,774.88,796.0,2.6532663316582923,16027,0
09/15/2026,14:14:21,774.88,796.0,2.6532663316582923,16028,0
09/15/2026,14:14:21,774.88,796.0,2.6532663316582923,16029,0
09/15/2026,14:14:21,774.88,796.0,2.6532663316582923,16030,0
09/15/2026,14:14:21,774.88,796.0,2.6532663316582923,16031,1
09/15/2026,14:14:21,774.88,796.0,2.6532663316582923,16032,0
09/15/2026,14:14:21,774.88,796.0,2.6532663316582923,16033,1
09/15/2026,14:14:21,774.88,796.0,2.6532663316582923,16034,0
09/15/2026,14:14:21,774.88,796.0,2.6532663316582923,16035,0
09/15/2026,14:14:21,774.88,796.0,2.6532663316582923,16036,0
09/15/2026,14:14:21,774.88,796.0,2.6532663316582923,16037,0
09/15/2026,14:14:21,774.88,796.0,2.6532663316582923,16038,0
09/15/2026,14:14:21,774.88,796.0,2.6532663316582923,16039,0
09/15/2026,14:14:21,774.88,796.0,2.6532663316582923,16040,0
09/15/2026,14:14:21,774.88,796.0,2.6532663316582923,16041,0
09/15/2026,14:14:21,774.88,796.0,2.6532663316582923,16042,0
09/15/2026,14:14:21,774.88,796.0,2.6532663316582923,16043,1
09/15/2026,14:14:21,774.88,796.0,2.6532663316582923,16044,1
09/15/2026,14:14:21,774.88,796.0,2.6532663316582923,16045,0
09/15/2026,14:14:21,774.88,796.0,2.6532663316582923,16046,0
09/15/2026,14:14:21,774.88,796.0,2.6532663316582923,16047,0
09/15/2026,14:14:21,774.88,796.0,2.6532663316582923,16048,0
09/15/2026,14:14:21,774.88,796.0,2.6532663316582923,16049,1
09/15/2026,14:14:21,774.88,796.0,2.6532663316582923,16050,0
09/15/2026,14:14:21,774.88,796.0,2.6532663316582923,16051,0
09/15/2026,14:14:21,774.88,796.0,2.6532663316582923,16052,0
09/15/2026,14:14:21,774.88,796.0,2.6532663316582923,16053,1
09/15/2026,14:14:21,774.88,796.0,2.6532663316582923,16054,1
09/15/2026,14:14:21,774.88,796.0,2.6532663316582923,16055,0
09/15/2026,14:14:21,774.88,796.0,2.6532663316582923,16056,0
09/15/2026,14:14:21,774.88,796.0,2.6532663316582923,16057,0
09/15/2026,14:14:21,774.88,796.0,2.6532663316582923,16058,0
09/15/2026,14:14:21,774.88,796.0,2.6532663316582923,16059,0
09/15/2026,14:14:21,774.88,796.0,2.6532663316582923,16060,0
09/15/2026,14:14:21,774.88,796.0,2.6532663316582923,16061,0
09/15/2026,14:14:21,774.88,796.0,2.6532663316582923,16062,0
09/15/2026,14:14:21,774.88,796.0,2.6532663316582923,16063,0
09/15/2026,14:14:21,774.88,796.0,2.6532663316582923,16064,0
09/15/2026,14:14:21,774.88,796.0,2.6532663316582923,16065,1
09/15/2026,14:14:21,774.88,796.0,2.6532663316582923,16066,0
09/15/2026,14:14:21,774.88,796.0,2.6532663316582923,16067,0
09/15/2026,14:14:21,774.88,796.0,2.6532663316582923,16068,0
09/15/2026,14:14:21,774.88,796.0,2.6532663316582923,16069,0
09/15/2026,14:14:21,774.88,796.0,2.6532663316582923,16070,0
09/15/2026,14:14:21,774.88,796.0,2.6532663316582923,16071,0
09/15/2026,14:14:21,774.88,796.0,2.6532663316582923,16072,1
09/15/2026,14:14:21,774.88,796.0,2.6532663316582923,16073,0
09/15/2026,14:14:21,774.88,796.0,2.6532663316582923,16074,0
09/15/2026,14:14:21,774.88,796.0,2.6532663316582923,16075,0
09/15/2026,14:14:21,774.88,796.0,2.6532663316582923,16076,0
09/15/2026,14:14:21,774.88,796.0,2.6532663316582923,16077,1
09/15/2026,14:14:21,774.88,796.0,2.6532663316582923,16078,1
09/15/2026,14:14:21,774.88,796.0,2.6532663316582923,16079,1
09/15/2026,14:14:21,774.88,796.0,2.6532663316582923,16080,0
09/15/2026,14:14:21,774.88,796.0,2.6532663316582923,16081,0
09/15/2026,14:14:21,774.88,796.0,2.6532663316582923,16082,0
09/15/2026,14:14:21,774.88,796.0,2.6532663316582923,16083,1
09/15/2026,14:14:21,774.88,796.0,2.6532663316582923,16084,1
09/15/2026,14:14:21,774.88,796.0,2.6532663316582923,16085,0
09/15/2026,14:14:21,774.88,796.0,2.6532663316582923,16086,0
09/15/2026,14:14:21,774.88,796.0,2.6532663316582923,16087,0
09/15/2026,14:14:21,774.88,796.0,2.6532663316582923,16088,0
09/15/2026,14:14:21,774.88,796.0,2.6532663316582923,16089,0
09/15/2026,14:14:21,774.88,796.0,2.6532663316582923,16090,0
09/15/2026,14:14:21,774.88,796.0,2.6532663316582923,16091,0
09/15/2026,14:14:21,774.88,796.0,2.6532663316582923,16092,0
09/15/2026,14:14:21,774.88,796.0,2.6532663316582923,16093,0
09/15/2026,14:14:21,774.88,796.0,2.6532663316582923,16094,0
09/15/2026,14:14:21,774.88,796.0,2.6532663316582923,16095,0
09/15/2026,14:14:21,774.88,796.0,2.6532663316582923,16096,1
09/15/2026,14:14:21,774.88,796.0,2.6532663316582923,16097,1
09/15/2026,14:14:21,774.88,796.0,2.6532663316582923,16098,0
09/15/2026,14:14:21,774.88,796.0,2.6532663316582923,16099,0
09/15/2026,14:14:21,774.88,796.0,2.6532663316582923,16100,0
09/15/2026,14:14:21,774.88,796.0,2.6532663316582923,16101,0
09/15/2026,14:14:21,774.88,796.0,2.6532663316582923,16102,0
09/15/2026,14:14:21,774.88,796.0,2.6532663316582923,16103,1
09/15/2026,14:14:21,774.88,796.0,2.6532663316582923,16104,0
09/15/2026,14:14:21,774.88,796.0,2.6532663316582923,16105,1
09/15/2026,14:14:21,774.88,796.0,2.6532663316582923,16106,0
09/15/2026,14:14:21,774.88,796.0,2.6532663316582923,16107,0
09/15/2026,14:14:21,774.88,796.0,2.6532663316582923,16108,0
09/15/2026,14:14:21,774.88,796.0,2.6532663316582923,16109,1
09/15/2026,14:14:21,774.88,796.0,2.6532663316582923,16110,0
09/15/2026,14:14:21,774.88,796.0,2.6532663316582923,16111,0
09/15/2026,14:14:21,774.88,796.0,2.6532663316582923,16112,0
09/15/2026,14:14:21,774.88,796.0,2.6532663316582923,16113,0
09/15/2026,14:14:21,774.88,796.0,2.6532663316582923,16114,0
09/15/2026,14:14:21,774.88,796.0,2.6532663316582923,16115,0
09/15/2026,14:14:21,774.88,796.0,2.6532663316582923,16116,0
09/15/2026,14:14:21,774.88,796.0,2.6532663316582923,16117,0
09/15/2026,14:14:21,774.88,796.0,2.6532663316582923,16118,0
09/15/2026,14:14:21,774.88,796.0,2.6532663316582923,16119,1
09/15/2026,14:14:21,774.88,796.0,2.6532663316582923,16120,0
09/15/2026,14:14:21,774.88,796.0,2.6532663316582923,16121,0
09/15/2026,14:14:21,774.88,796.0,2.6532663316582923,16122,0
09/15/2026,14:14:21,774.88,796.0,2.6532663316582923,16123,0
09/15/2026,14:14:21,774.88,796.0,2.6532663316582923,16124,0
09/15/2026,14:14:21,774.88,796.0,2.6532663316582923,16125,0
09/15/2026,14:14:21,774.88,796.0,2.6532663316582923,16126,0
09/15/2026,14:14:21,774.88,796.0,2.6532663316582923,16127,1
09/15/2026,14:14:21,774.88,796.0,2.6532663316582923,16128,0
09/15/2026,14:14:21,774.88,796.0,2.6532663316582923,16129,0
09/15/2026,14:14:21,774.88,796.0,2.6532663316582923,16130,0
09/15/2026,14:14:21,774.88,796.0,2.6532663316582923,16131,0
09/15/2026,14:14:21,774.88,796.0,2.6532663316582923,16132,0
09/15/2026,14:14:21,774.88,796.0,2.6532663316582923,16133,0
09/15/2026,14:14:21,774.88,796.0,2.6532663316582923,16134,0
09/15/2026,14:14:21,774.88,796.0,2.6532663316582923,16135,0
09/15/2026,14:14:21,774.88,796.0,2.6532663316582923,16136,0
09/15/2026,14:14:21,774.88,796.0,2.6532663316582923,16137,0
09/15/2026,14:14:21,774.88,796.0,2.6532663316582923,16138,0
09/15/2026,14:14:21,774.88,796.0,2.6532663316582923,16139,0
09/15/2026,14:14:21,774.88,796.0,2.6532663316582923,16140,0
09/15/2026,14:14:21,774.88,796.0,2.6532663316582923,16141,0
09/15/2026,14:14:21,774.88,796.0,2.6532663316582923,16142,0
09/15/2026,14:14:21,774.88,796.0,2.6532663316582923,16143,0
09/15/2026,14:14:21,774.88,796.0,2.6532663316582923,16144,0
09/15/2026,14:14:21,774.88,796.0,2.6532663316582923,16145,0
09/15/2026,14:14:21,774.88,796.0,2.6532663316582923,16146,0
09/15/2026,14:14:21,774.88,796.0,2.6532663316582923,16147,0
09/15/2026,14:14:21,774.88,796.0,2.6532663316582923,16148,0
09/15/2026,14:14:21,774.88,796.0,2.6532663316582923,16149,0
09/15/2026,14:14:21,774.88,796.0,2.6532663316582923,16150,0
09/15/2026,14:14:21,774.88,796.0,2.6532663316582923,16151,0
09/15/2026,14:14:21,774.88,796.0,2.6532663316582923,16152,0
09/15/2026,14:14:21,774.88,796.0,2.6532663316582923,16153,0
09/15/2026,14:14:21,774.88,796.0,2.6532663316582923,16154,0
09/15/2026,14:14:21,774.88,796.0,2.6532663316582923,16155,0
09/15/2026,14:14:21,774.88,796.0,2.6532663316582923,16156,0
09/15/2026,14:14:21,774.88,796.0,2.6532663316582923,16157,0
09/15/2026,14:14:21,774.88,796.0,2.6532663316582923,16158,0
09/15/2026,14:14:21,774.88,796.0,2.6532663316582923,16159,0
09/15/2026,14:14:21,774.88,796.0,2.6532663316582923,16160,0
09/15/2026,14:14:21,774.88,796.0,2.6532663316582923,16161,0
09/15/2026,14:14:21,774.88,796.0,2.6532663316582923,16162,0
09/15/2026,14:14:21,774.88,796.0,2.6532663316582923,16163,0
09/15/2026,14:14:21,774.88,796.0,2.6532663316582923,16164,0
09/15/2026,14:14:21,774.88,796.0,2.6532663316582923,16165,0
09/15/2026,14:14:21,774.88,796.0,2.6532663316582923,16166,0
09/15/2026,14:14:21,774.88,796.0,2.6532663316582923,16167,0
09/15/2026,14:14:21,774.88,796.0,2.6532663316582923,16168,0
09/15/2026,14:14:21,774.88,796.0,2.6532663316582923,16169,0
09/15/2026,14:14:21,774.88,796.0,2.6532663316582923,16170,0
09/15/2026,14:14:21,774.88,796.0,2.6532663316582923,16171,0
09/15/2026,14:14:21,774.88,796.0,2.6532663316582923,16172,0
09/15/2026,14:14:21,774.88,796.0,2.6532663316582923,16173,0
09/15/2026,14:14:21,774.88,796.0,2.6532663316582923,16174,0
09/15/2026,14:14:21,774.88,796.0,2.6532663316582923,16175,0
09/15/2026,14:14:21,774.88,796.0,2.6532663316582923,16176,0
09/15/2026,14:14:21,774.88,796.0,2.6532663316582923,16177,0
09/15/2026,14:14:21,774.88,796.0,2.6532663316582923,16178,0
09/15/2026,14:14:21,774.88,796.0,2.6532663316582923,16179,0
09/15/2026,14:14:21,774.88,796.0,2.6532663316582923,16180,0
09/15/2026,14:14:21,774.88,796.0,2.6532663316582923,16181,0
09/15/2026,14:14:21,774.88,796.0,2.6532663316582923,16182,0
09/15/2026,14:14:21,774.88,796.0,2.6532663316582923,16183,0
09/15/2026,14:14:21,774.88,796.0,2.6532663316582923,16184,0
09/15/2026,14:14:21,774.88,796.0,2.6532663316582923,16185,0
09/15/2026,14:14:21,774.88,796.0,2.6532663316582923,16186,0
09/15/2026,14:14:21,774.88,796.0,2.6532663316582923,16187,0
09/15/2026,14:14:21,774.88,796.0,2.6532663316582923,16188,0
09/15/2026,14:14:21,774.88,796.0,2.6532663316582923,16189,0
09/15/2026,14:14:21,774.88,796.0,2.6532663316582923,16190,0
09/15/2026,14:14:21,774.88,796.0,2.6532663316582923,16191,0
09/15/2026,14:14:21,774.88,796.0,2.6532663316582923,16192,0
09/15/2026,14:14:21,774.88,796.0,2.6532663316582923,16193,0
09/15/2026,14:14:21,774.88,796.0,2.6532663316582923,16194,0
09/15/2026,14:14:21,774.88,796.0,2.6532663316582923,16195,0
09/15/2026,14:14:21,774.88,796.0,2.6532663316582923,16196,0
09/15/2026,14:14:21,774.88,796.0,2.6532663316582923,16197,0
09/15/2026,14:14:21,774.88,796.0,2.6532663316582923,16198,0
09/15/2026,14:14:21,774.88,796.0,2.6532663316582923,16199,0
09/15/2026,14:14:21,774.88,796.0,2.6532663316582923,16200,0
09/15/2026,14:14:21,774.88,796.0,2.6532663316582923,16201,0
09/15/2026,14:14:21,774.88,796.0,2.6532663316582923,16202,0
09/15/2026,14:14:21,774.88,796.0,2.6532663316582923,16203,0
09/15/2026,14:14:21,774.88,796.0,2.6532663316582923,16204,0
09/15/2026,14:14:21,774.88,796.0,2.6532663316582923,16205,0
09/15/2026,14:14:21,774.88,796.0,2.6532663316582923,16206,0
09/15/2026,14:14:21,774.88,796.0,2.6532663316582923,16207,0
09/15/2026,14:14:21,774.88,796.0,2.6532663316582923,16208,0
09/15/2026,14:14:21,774.88,796.0,2.6532663316582923,16209,0
09/15/2026,14:14:21,774.88,796.0,2.6532663316582923,16210,0
09/15/2026,14:14:21,774.88,796.0,2.6532663316582923,16211,0
09/15/2026,14:14:21,774.88,796.0,2.6532663316582923,16212,0
09/15/2026,14:14:21,774.88,796.0,2.6532663316582923,16213,0
09/15/2026,14:14:21,774.88,796.0,2.6532663316582923,16214,0
09/15/2026,14:14:21,774.88,796.0,2.6532663316582923,16215,0
09/15/2026,14:14:21,774.88,796.0,2.6532663316582923,16216,0
09/15/2026,14:14:21,774.88,796.0,2.6532663316582923,16217,0
09/15/2026,14:14:21,774.88,796.0,2.6532663316582923,16218,0
09/15/2026,14:14:21,774.88,796.0,2.6532663316582923,16219,0
09/15/2026,14:14:21,774.88,796.0,2.6532663316582923,16220,0
09/15/2026,14:14:21,774.88,796.0,2.6532663316582923,16221,0
09/15/2026,14:14:21,774.88,796.0,2.6532663316582923,16222,0
09/15/2026,14:14:21,774.88,796.0,2.6532663316582923,16223,0
09/15/2026,14:14:21,774.88,796.0,2.6532663316582923,16224,0
09/15/2026,14:14:21,774.88,796.0,2.6532663316582923,16225,0
09/15/2026,14:14:21,774.88,796.0,2.6532663316582923,16226,0
09/15/2026,14:14:21,774.88,796.0,2.6532663316582923,16227,0
09/15/2026,14:14:21,774.88,796.0,2.6532663316582923,16228,0
09/15/2026,14:14:21,774.88,796.0,2.6532663316582923,16229,0
09/15/2026,14:14:21,774.88,796.0,2.6532663316582923,16230,0
09/15/2026,14:14:21,774.88,796.0,2.6532663316582923,16231,0
09/15/2026,14:14:21,774.88,796.0,2.6532663316582923,16232,0
09/15/2026,14:14:21,774.88,796.0,2.6532663316582923,16233,0
09/15/2026,14:14:21,774.88,796.0,2.6532663316582923,16234,0
09/15/2026,14:14:21,774.88,796.0,2.6532663316582923,16235,0
09/15/2026,14:14:21,774.88,796.0,2.6532663316582923,16236,0
09/15/2026,14:14:21,774.88,796.0,2.6532663316582923,16237,0
09/15/2026,14:14:21,774.88,796.0,2.6532663316582923,16238,0
09/15/2026,14:14:21,774.88,796.0,2.6532663316582923,16239,0
09/15/2026,14:14:21,774.88,796.0,2.6532663316582923,16240,0
09/15/2026,14:14:21,774.88,796.0,2.6532663316582923,16241,0
09/15/2026,14:14:21,774.88,796.0,2.6532663316582923,16242,0
09/15/2026,14:14:21,774.88,796.0,2.6532663316582923,16243,0
09/15/2026,14:14:21,774.88,796.0,2.6532663316582923,16244,0
09/15/2026,14:14:21,774.88,796.0,2.6532663316582923,16245,0
09/15/2026,14:14:21,774.88,796.0,2.6532663316582923,16246,0
09/15/2026,14:14:21,774.88,796.0,2.6532663316582923,16247,0
09/15/2026,14:14:21,774.88,796.0,2.6532663316582923,16248,0
09/15/2026,14:14:21,774.88,796.0,2.6532663316582923,16249,0
09/15/2026,14:14:21,774.88,796.0,2.6532663316582923,16250,0
09/15/2026,14:14:21,774.88,796.0,2.6532663316582923,16251,0
09/15/2026,14:14:21,774.88,796.0,2.6532663316582923,16252,0
09/15/2026,14:14:21,774.88,796.0,2.6532663316582923,16253,0
09/15/2026,14:14:21,774.88,796.0,2.6532663316582923,16254,0
09/15/2026,14:14:21,774.88,796.0,2.6532663316582923,16255,0
09/15/2026,14:14:21,774.88,796.0,2.6532663316582923,16256,0
09/15/2026,14:14:21,774.88,796.0,2.6532663316582923,16257,0
09/15/2026,14:14:21,774.88,796.0,2.6532663316582923,16258,0
09/15/2026,14:14:21,774.88,796.0,2.6532663316582923,16259,0
09/15/2026,14:14:21,774.88,796.0,2.6532663316582923,16260,0
09/15/2026,14:14:21,774.88,796.0,2.6532663316582923,16261,0
09/15/2026,14:14:21,774.88,796.0,2.6532663316582923,16262,0
09/15/2026,14:14:21,774.88,796.0,2.6532663316582923,16263,0
09/15/2026,14:14:21,774.88,796.0,2.6532663316582923,16264,0
09/15/2026,14:14:21,774.88,796.0,2.6532663316582923,16265,0
09/15/2026,14:14:21,774.88,796.0,2.6532663316582923,16266,0
09/15/2026,14:14:21,774.88,796.0,2.6532663316582923,16267,0
09/15/2026,14:14:21,774.88,796.0,2.6532663316582923,16268,0
09/15/2026,14:14:21,774.88,796.0,2.6532663316582923,16269,0
09/15/2026,14:14:21,774.88,796.0,2.6532663316582923,16270,0
09/15/2026,14:14:21,774.88,796.0,2.6532663316582923,16271,0
09/15/2026,14:14:21,774.88,796.0,2.6532663316582923,16272,0
09/15/2026,14:14:21,774.88,796.0,2.6532663316582923,16273,0
09/15/2026,14:14:21,774.88,796.0,2.6532663316582923,16274,0
09/15/2026,14:14:21,774.88,796.0,2.6532663316582923,16275,0
09/15/2026,14:14:21,774.88,796.0,2.6532663316582923,16276,0
09/15/2026,14:14:21,774.88,796.0,2.6532663316582923,16277,0
09/15/2026,14:14:21,774.88,796.0,2.6532663316582923,16278,0
09/15/2026,14:14:21,774.88,796.0,2.6532663316582923,16279,0
09/15/2026,14:14:21,774.88,796.0,2.6532663316582923,16280,0
09/15/2026,14:14:21,774.88,796.0,2.6532663316582923,16281,0
09/15/2026,14:14:21,774.88,796.0,2.6532663316582923,16282,0
09/15/2026,14:14:21,774.88,796.0,2.6532663316582923,16283,0
09/15/2026,14:14:21,774.88,796.0,2.6532663316582923,16284,0
09/15/2026,14:14:21,774.88,796.0,2.6532663316582923,16285,0
09/15/2026,14:14:21,774.88,796.0,2.6532663316582923,16286,0
09/15/2026,14:14:21,774.88,796.0,2.6532663316582923,16287,0
09/15/2026,14:14:21,774.88,796.0,2.6532663316582923,16288,0
09/15/2026,14:14:21,774.88,796.0,2.6532663316582923,16289,0
09/15/2026,14:14:21,774.88,796.0,2.6532663316582923,16290,0
09/15/2026,14:14:21,774.88,796.0,2.6532663316582923,16291,0
09/15/2026,14:14:21,774.88,796.0,2.6532663316582923,16292,0
09/15/2026,14:14:21,774.88,796.0,2.6532663316582923,16293,0
09/15/2026,14:14:21,774.88,796.0,2.6532663316582923,16294,0
09/15/2026,14:14:21,774.88,796.0,2.6532663316582923,16295,0
09/15/2026,14:14:21,774.88,796.0,2.6532663316582923,16296,0
09/15/2026,14:14:21,774.88,796.0,2.6532663316582923,16297,0
09/15/2026,14:14:21,774.88,796.0,2.6532663316582923,16298,0
09/15/2026,14:14:21,774.88,796.0,2.6532663316582923,16299,0
09/15/2026,14:14:21,774.88,796.0,2.6532663316582923,16300,0
09/15/2026,14:14:21,774.88,796.0,2.6532663316582923,16301,0
09/15/2026,14:14:21,774.88,796.0,2.6532663316582923,16302,0
09/15/2026,14:14:21,774.88,796.0,2.6532663316582923,16303,0
09/15/2026,14:14:21,774.88,796.0,2.6532663316582923,16304,0
09/15/2026,14:14:21,774.88,796.0,2.6532663316582923,16305,0
09/15/2026,14:14:21,774.88,796.0,2.6532663316582923,16306,0
09/15/2026,14:14:21,774.88,796.0,2.6532663316582923,16307,0
09/15/2026,14:14:21,774.88,796.0,2.6532663316582923,16308,0
09/15/2026,14:14:21,774.88,796.0,2.6532663316582923,16309,0
09/15/2026,14:14:21,774.88,796.0,2.6532663316582923,16310,0
09/15/2026,14:14:21,774.88,796.0,2.6532663316582923,16311,0
09/15/2026,14:14:21,774.88,796.0,2.6532663316582923,16312,0
09/15/2026,14:14:21,774.88,796.0,2.6532663316582923,16313,0
09/15/2026,14:14:21,774.88,796.0,2.6532663316582923,16314,0
09/15/2026,14:14:21,774.88,796.0,2.6532663316582923,16315,0
09/15/2026,14:14:21,774.88,796.0,2.6532663316582923,16316,0
09/15/2026,14:14:21,774.88,796.0,2.6532663316582923,16317,0
09/15/2026,14:14:21,774.88,796.0,2.6532663316582923,16318,0
09/15/2026,14:14:21,774.88,796.0,2.6532663316582923,16319,0
09/15/2026,14:14:21,774.88,796.0,2.6532663316582923,16320,0
09/15/2026,14:14:21,774.88,796.0,2.6532663316582923,16321,0
09/15/2026,14:14:21,774.88,796.0,2.6532663316582923,16322,0
09/15/2026,14:14:21,774.88,796.0,2.6532663316582923,16323,0
09/15/2026,14:14:21,774.88,796.0,2.6532663316582923,16324,0
09/15/2026,14:14:21,774.88,796.0,2.6532663316582923,16325,0
09/15/2026,14:14:21,774.88,796.0,2.6532663316582923,16326,0
09/15/2026,14:14:21,774.88,796.0,2.6532663316582923,16327,0
09/15/2026,14:14:21,774.88,796.0,2.6532663316582923,16328,0
09/15/2026,14:14:21,774.88,796.0,2.6532663316582923,16329,0
09/15/2026,14:14:21,774.88,796.0,2.6532663316582923,16330,0
09/15/2026,14:14:21,774.88,796.0,2.6532663316582923,16331,0
09/15/2026,14:14:21,774.88,796.0,2.6532663316582923,16332,0
09/15/2026,14:14:21,774.88,796.0,2.6532663316582923,16333,0
09/15/2026,14:14:21,774.88,796.0,2.6532663316582923,16334,0
09/15/2026,14:14:21,774.88,796.0,2.6532663316582923,16335,0
09/15/2026,14:14:21,774.88,796.0,2.6532663316582923,16336,0
09/15/2026,14:14:21,774.88,796.0,2.6532663316582923,16337,0
09/15/2026,14:14:21,774.88,796.0,2.6532663316582923,16338,0
09/15/2026,14:14:21,774.88,796.0,2.6532663316582923,16339,0
09/15/2026,14:14:21,774.88,796.0,2.6532663316582923,16340,0
09/15/2026,14:14:21,774.88,796.0,2.6532663316582923,16341,0
09/15/2026,14:14:21,774.88,796.0,2.6532663316582923,16342,0
09/15/2026,14:14:21,774.88,796.0,2.6532663316582923,16343,0
09/15/2026,14:14:21,774.88,796.0,2.6532663316582923,16344,0
09/15/2026,14:14:21,774.88,796.0,2.6532663316582923,16345,0
09/15/2026,14:14:21,774.88,796.0,2.6532663316582923,16346,0
09/15/2026,14:14:21,774.88,796.0,2.6532663316582923,16347,0
09/15/2026,14:14:21,774.88,796.0,2.6532663316582923,16348,0
09/15/2026,14:14:21,774.88,796.0,2.6532663316582923,16349,0
09/15/2026,14:14:21,774.88,796.0,2.6532663316582923,16350,0
09/15/2026,14:14:21,774.88,796.0,2.6532663316582923,16351,0
09/15/2026,14:14:21,774.88,796.0,2.6532663316582923,16352,0
09/15/2026,14:14:21,774.88,796.0,2.6532663316582923,16353,0
09/15/2026,14:14:21,774.88,796.0,2.6532663316582923,16354,0
09/15/2026,14:14:21,774.88,796.0,2.6532663316582923,16355,0
09/15/2026,14:14:21,774.88,796.0,2.6532663316582923,16356,0
09/15/2026,14:14:21,774.88,796.0,2.6532663316582923,16357,0
09/15/2026,14:14:21,774.88,796.0,2.6532663316582923,16358,0
09/15/2026,14:14:21,774.88,796.0,2.6532663316582923,16359,0
09/15/2026,14:14:21,774.88,796.0,2.6532663316582923,16360,0
09/15/2026,14:14:21,774.88,796.0,2.6532663316582923,16361,0
09/15/2026,14:14:21,774.88,796.0,2.6532663316582923,16362,0
09/15/2026,14:14:21,774.88,796.0,2.6532663316582923,16363,0
09/15/2026,14:14:21,774.88,796.0,2.6532663316582923,16364,0
09/15/2026,14:14:21,774.88,796.0,2.6532663316582923,16365,0
09/15/2026,14:14:21,774.88,796.0,2.6532663316582923,16366,0
09/15/2026,14:14:21,774.88,796.0,2.6532663316582923,16367,0
09/15/2026,14:14:21,774.88,796.0,2.6532663316582923,16368,0
09/15/2026,14:14:21,774.88,796.0,2.6532663316582923,16369,0
09/15/2026,14:14:21,774.88,796.0,2.6532663316582923,16370,0
09/15/2026,14:14:21,774.88,796.0,2.6532663316582923,16371,0
09/15/2026,14:14:21,774.88,796.0,2.6532663316582923,16372,0
09/15/2026,14:14:21,774.88,796.0,2.6532663316582923,16373,0
09/15/2026,14:14:21,774.88,796.0,2.6532663316582923,16374,0
09/15/2026,14:14:21,774.88,796.0,2.6532663316582923,16375,0
09/15/2026,14:14:21,774.88,796.0,2.6532663316582923,16376,0
09/15/2026,14:14:21,774.88,796.0,2.6532663316582923,16377,0
09/15/2026,14:14:21,774.88,796.0,2.6532663316582923,16378,0
09/15/2026,14:14:21,774.88,796.0,2.6532663316582923,16379,0
09/15/2026,14:14:21,774.88,796.0,2.6532663316582923,16380,0
09/15/2026,14:14:21,774.88,796.0,2.6532663316582923,16381,0
09/15/2026,14:14:21,774.88,796.0,2.6532663316582923,16382,0
09/15/2026,14:14:21,774.88,796.0,2.6532663316582923,16383,0
